event_id,event_type,timestamp,checkout_id,customer_id,amount_at_risk,currency,cart_value,items_count,checkout_started_at,last_activity_at,abandonment_age_minutes,payment_attempted,payment_completed,checkout_completed,abandonment_detected,customer_history_score
CHK_00001,checkout_abandonment,2019-07-27 18:41:33,CHK_SESSION_000001,CUST_785,4513.54,INR,4513.54,5,2019-07-27 17:24:33,2019-07-27 17:24:33,77,False,False,False,True,0.791
CHK_00002,checkout_abandonment,2019-10-29 17:58:37,CHK_SESSION_000002,CUST_762,2948.16,INR,2948.16,3,2019-10-29 16:03:37,2019-10-29 16:04:37,114,False,False,False,True,0.594
CHK_00003,checkout_abandonment,2019-02-04 09:33:14,CHK_SESSION_000003,CUST_210,9925.14,INR,9925.14,10,2019-02-04 07:00:14,2019-02-04 07:02:14,151,False,False,False,True,0.595
CHK_00004,checkout_abandonment,2019-12-28 20:31:16,CHK_SESSION_000004,CUST_50,13679.23,INR,13679.23,10,2019-12-28 17:20:16,2019-12-28 17:23:16,188,False,False,False,True,0.789
CHK_00005,checkout_abandonment,2019-12-07 10:53:38,CHK_SESSION_000005,CUST_660,1710.63,INR,1710.63,2,2019-12-07 07:04:38,2019-12-07 07:08:38,225,False,False,False,True,0.689
CHK_00006,checkout_abandonment,2020-06-21 06:27:08,CHK_SESSION_000006,CUST_290,63657.68,INR,63657.68,10,2020-06-21 02:00:08,2020-06-21 02:05:08,262,False,False,False,True,0.694
CHK_00007,checkout_abandonment,2020-03-07 19:51:16,CHK_SESSION_000007,CUST_602,1011.77,INR,1011.77,1,2020-03-07 14:46:16,2020-03-07 14:52:16,299,False,False,False,True,0.689
CHK_00008,checkout_abandonment,2019-12-23 02:21:36,CHK_SESSION_000008,CUST_319,4740.96,INR,4740.96,5,2019-12-22 20:38:36,2019-12-22 20:45:36,336,False,False,False,True,0.696
CHK_00009,checkout_abandonment,2019-01-28 03:02:51,CHK_SESSION_000009,CUST_295,1583.64,INR,1583.64,2,2019-01-27 20:41:51,2019-01-27 20:49:51,373,False,False,False,True,0.691
CHK_00010,checkout_abandonment,2020-06-03 05:01:03,CHK_SESSION_000010,CUST_87,3674.41,INR,3674.41,4,2020-06-02 22:02:03,2020-06-02 22:11:03,410,False,False,False,True,0.489
CHK_00011,checkout_abandonment,2020-05-02 01:39:57,CHK_SESSION_000011,CUST_48,533.69,INR,533.69,1,2020-05-01 18:12:57,2020-05-01 18:12:57,447,False,False,False,True,0.491
CHK_00012,checkout_abandonment,2020-04-17 01:24:14,CHK_SESSION_000012,CUST_425,1037.5,INR,1037.5,1,2020-04-16 17:19:14,2020-04-16 17:20:14,484,False,False,False,True,0.696
CHK_00013,checkout_abandonment,2019-10-22 07:28:15,CHK_SESSION_000013,CUST_584,229.91,INR,229.91,1,2019-10-21 22:45:15,2019-10-21 22:47:15,521,False,False,False,True,0.689
CHK_00014,checkout_abandonment,2019-06-15 08:19:13,CHK_SESSION_000014,CUST_43,1674.94,INR,1674.94,2,2019-06-14 22:58:13,2019-06-14 23:01:13,558,False,False,False,True,0.794
CHK_00015,checkout_abandonment,2020-05-17 11:11:22,CHK_SESSION_000015,CUST_93,16253.06,INR,16253.06,10,2020-05-17 01:12:22,2020-05-17 01:16:22,595,False,False,False,True,0.898
CHK_00016,checkout_abandonment,2019-12-02 02:41:02,CHK_SESSION_000016,CUST_273,45556.21,INR,45556.21,10,2019-12-01 16:04:02,2019-12-01 16:09:02,632,False,False,False,True,0.995
CHK_00017,checkout_abandonment,2020-05-03 02:42:07,CHK_SESSION_000017,CUST_468,324.53,INR,324.53,1,2020-05-02 15:27:07,2020-05-02 15:33:07,669,False,False,False,True,0.693
CHK_00018,checkout_abandonment,2019-04-26 09:14:06,CHK_SESSION_000018,CUST_392,1656.68,INR,1656.68,2,2019-04-25 21:21:06,2019-04-25 21:28:06,706,False,False,False,True,0.987
CHK_00019,checkout_abandonment,2019-02-05 05:54:05,CHK_SESSION_000019,CUST_691,4887.04,INR,4887.04,5,2019-02-04 17:23:05,2019-02-04 17:31:05,743,False,False,False,True,0.895
CHK_00020,checkout_abandonment,2019-07-29 13:50:55,CHK_SESSION_000020,CUST_738,910.51,INR,910.51,1,2019-07-29 00:41:55,2019-07-29 00:50:55,780,False,False,False,True,0.499
CHK_00021,checkout_abandonment,2020-05-10 11:05:27,CHK_SESSION_000021,CUST_431,43614.01,INR,43614.01,10,2020-05-09 21:28:27,2020-05-09 21:28:27,817,False,False,False,True,0.698
CHK_00022,checkout_abandonment,2020-06-01 17:47:08,CHK_SESSION_000022,CUST_189,761.11,INR,761.11,1,2020-06-01 03:32:08,2020-06-01 03:33:08,854,False,False,False,True,0.786
CHK_00023,checkout_abandonment,2019-01-23 00:45:09,CHK_SESSION_000023,CUST_565,2436.05,INR,2436.05,2,2019-01-22 09:52:09,2019-01-22 09:54:09,891,False,False,False,True,0.693
CHK_00024,checkout_abandonment,2020-04-16 04:35:52,CHK_SESSION_000024,CUST_422,1753.79,INR,1753.79,2,2020-04-15 13:04:52,2020-04-15 13:07:52,928,False,False,False,True,0.702
CHK_00025,checkout_abandonment,2019-03-05 08:11:57,CHK_SESSION_000025,CUST_68,2926.58,INR,2926.58,3,2019-03-04 16:02:57,2019-03-04 16:06:57,965,False,False,False,True,1.0
CHK_00026,checkout_abandonment,2020-02-06 12:56:18,CHK_SESSION_000026,CUST_773,36919.23,INR,36919.23,10,2020-02-05 20:09:18,2020-02-05 20:14:18,1002,False,False,False,True,0.79
CHK_00027,checkout_abandonment,2019-09-22 11:14:12,CHK_SESSION_000027,CUST_562,5741.94,INR,5741.94,6,2019-09-21 17:49:12,2019-09-21 17:55:12,1039,False,False,False,True,0.491
CHK_00028,checkout_abandonment,2019-05-17 05:58:56,CHK_SESSION_000028,CUST_868,11621.66,INR,11621.66,10,2019-05-16 11:55:56,2019-05-16 12:02:56,1076,False,False,False,True,0.492
CHK_00029,checkout_abandonment,2020-04-08 02:40:15,CHK_SESSION_000029,CUST_194,5881.38,INR,5881.38,6,2020-04-07 07:59:15,2020-04-07 08:07:15,1113,False,False,False,True,0.884
CHK_00030,checkout_abandonment,2019-12-24 18:00:56,CHK_SESSION_000030,CUST_864,165.17,INR,165.17,1,2019-12-23 22:41:56,2019-12-23 22:50:56,1150,False,False,False,True,0.597
CHK_00031,checkout_abandonment,2019-10-27 14:39:01,CHK_SESSION_000031,CUST_174,13377.94,INR,13377.94,10,2019-10-26 18:52:01,2019-10-26 18:52:01,1187,False,False,False,True,0.798
CHK_00032,checkout_abandonment,2019-07-09 15:43:27,CHK_SESSION_000032,CUST_457,6440.8,INR,6440.8,6,2019-07-08 19:18:27,2019-07-08 19:19:27,1224,False,False,False,True,0.696
CHK_00033,checkout_abandonment,2019-07-05 03:00:52,CHK_SESSION_000033,CUST_183,7148.79,INR,7148.79,7,2019-07-04 05:57:52,2019-07-04 05:59:52,1261,False,False,False,True,0.794
CHK_00034,checkout_abandonment,2020-01-05 04:12:38,CHK_SESSION_000034,CUST_871,816.72,INR,816.72,1,2020-01-04 06:31:38,2020-01-04 06:34:38,1298,False,False,False,True,0.498
CHK_00035,checkout_abandonment,2019-12-03 00:36:50,CHK_SESSION_000035,CUST_828,4583.26,INR,4583.26,5,2019-12-02 02:17:50,2019-12-02 02:21:50,1335,False,False,False,True,0.793
CHK_00036,checkout_abandonment,2019-05-02 21:36:25,CHK_SESSION_000036,CUST_287,6363.61,INR,6363.61,6,2019-05-01 22:39:25,2019-05-01 22:44:25,1372,False,False,False,True,0.9
CHK_00037,checkout_abandonment,2020-06-05 05:04:11,CHK_SESSION_000037,CUST_714,263.94,INR,263.94,1,2020-06-04 05:29:11,2020-06-04 05:35:11,1409,False,False,False,True,0.495
CHK_00038,checkout_abandonment,2019-09-26 08:36:14,CHK_SESSION_000038,CUST_873,4258.73,INR,4258.73,4,2019-09-26 07:54:14,2019-09-26 08:01:14,35,False,False,False,True,0.593
CHK_00039,checkout_abandonment,2020-03-23 09:00:51,CHK_SESSION_000039,CUST_545,8463.51,INR,8463.51,8,2020-03-23 07:40:51,2020-03-23 07:48:51,72,False,False,False,True,0.488
CHK_00040,checkout_abandonment,2019-11-05 10:01:44,CHK_SESSION_000040,CUST_736,5209.91,INR,5209.91,5,2019-11-05 08:03:44,2019-11-05 08:12:44,109,False,False,False,True,0.793
CHK_00041,checkout_abandonment,2019-12-02 05:25:37,CHK_SESSION_000041,CUST_158,229.91,INR,229.91,1,2019-12-02 02:59:37,2019-12-02 02:59:37,146,False,False,False,True,0.789
CHK_00042,checkout_abandonment,2019-12-29 19:16:04,CHK_SESSION_000042,CUST_643,4809.02,INR,4809.02,5,2019-12-29 16:12:04,2019-12-29 16:13:04,183,False,False,False,True,0.595
CHK_00043,checkout_abandonment,2020-02-02 01:35:48,CHK_SESSION_000043,CUST_351,475.59,INR,475.59,1,2020-02-01 21:53:48,2020-02-01 21:55:48,220,False,False,False,True,0.59
CHK_00044,checkout_abandonment,2019-05-12 01:51:34,CHK_SESSION_000044,CUST_16,2712.44,INR,2712.44,3,2019-05-11 21:31:34,2019-05-11 21:34:34,257,False,False,False,True,0.8
CHK_00045,checkout_abandonment,2019-07-22 06:09:46,CHK_SESSION_000045,CUST_354,3759.07,INR,3759.07,4,2019-07-22 01:11:46,2019-07-22 01:15:46,294,False,False,False,True,0.883
CHK_00046,checkout_abandonment,2019-08-24 16:11:40,CHK_SESSION_000046,CUST_110,4673.73,INR,4673.73,5,2019-08-24 10:35:40,2019-08-24 10:40:40,331,False,False,False,True,0.796
CHK_00047,checkout_abandonment,2019-07-21 07:32:15,CHK_SESSION_000047,CUST_447,219.95,INR,219.95,1,2019-07-21 01:18:15,2019-07-21 01:24:15,368,False,False,False,True,0.696
CHK_00048,checkout_abandonment,2019-07-22 04:55:19,CHK_SESSION_000048,CUST_431,6360.29,INR,6360.29,6,2019-07-21 22:03:19,2019-07-21 22:10:19,405,False,False,False,True,0.698
CHK_00049,checkout_abandonment,2020-06-16 11:52:13,CHK_SESSION_000049,CUST_354,8529.91,INR,8529.91,9,2020-06-16 04:22:13,2020-06-16 04:30:13,442,False,False,False,True,0.883
CHK_00050,checkout_abandonment,2019-12-10 07:26:22,CHK_SESSION_000050,CUST_755,17786.07,INR,17786.07,10,2019-12-09 23:18:22,2019-12-09 23:27:22,479,False,False,False,True,0.97
CHK_00051,checkout_abandonment,2019-07-27 20:51:15,CHK_SESSION_000051,CUST_540,8939.93,INR,8939.93,9,2019-07-27 12:15:15,2019-07-27 12:15:15,516,False,False,False,True,0.897
CHK_00052,checkout_abandonment,2020-01-12 23:27:37,CHK_SESSION_000052,CUST_554,158.53,INR,158.53,1,2020-01-12 14:13:37,2020-01-12 14:14:37,553,False,False,False,True,0.883
CHK_00053,checkout_abandonment,2019-01-20 09:59:11,CHK_SESSION_000053,CUST_188,4737.64,INR,4737.64,5,2019-01-20 00:07:11,2019-01-20 00:09:11,590,False,False,False,True,0.79
CHK_00054,checkout_abandonment,2020-06-07 06:11:10,CHK_SESSION_000054,CUST_217,302.95,INR,302.95,1,2020-06-06 19:41:10,2020-06-06 19:44:10,627,False,False,False,True,0.775
CHK_00055,checkout_abandonment,2019-11-02 11:06:25,CHK_SESSION_000055,CUST_619,4711.08,INR,4711.08,5,2019-11-01 23:58:25,2019-11-02 00:02:25,664,False,False,False,True,0.784
CHK_00056,checkout_abandonment,2019-01-26 20:49:45,CHK_SESSION_000056,CUST_206,192.56,INR,192.56,1,2019-01-26 09:03:45,2019-01-26 09:08:45,701,False,False,False,True,0.597
CHK_00057,checkout_abandonment,2019-04-29 03:17:32,CHK_SESSION_000057,CUST_715,8343.99,INR,8343.99,8,2019-04-28 14:53:32,2019-04-28 14:59:32,738,False,False,False,True,0.888
CHK_00058,checkout_abandonment,2020-06-07 03:09:20,CHK_SESSION_000058,CUST_566,6636.68,INR,6636.68,7,2020-06-06 14:07:20,2020-06-06 14:14:20,775,False,False,False,True,0.798
CHK_00059,checkout_abandonment,2019-09-16 18:16:31,CHK_SESSION_000059,CUST_26,679.77,INR,679.77,1,2019-09-16 04:36:31,2019-09-16 04:44:31,812,False,False,False,True,0.888
CHK_00060,checkout_abandonment,2019-10-28 01:22:12,CHK_SESSION_000060,CUST_263,1406.85,INR,1406.85,1,2019-10-27 11:04:12,2019-10-27 11:13:12,849,False,False,False,True,0.594
CHK_00061,checkout_abandonment,2019-03-28 11:34:10,CHK_SESSION_000061,CUST_54,8658.56,INR,8658.56,9,2019-03-27 20:48:10,2019-03-27 20:48:10,886,False,False,False,True,0.601
CHK_00062,checkout_abandonment,2020-03-07 15:03:08,CHK_SESSION_000062,CUST_280,885.61,INR,885.61,1,2020-03-06 23:39:08,2020-03-06 23:40:08,923,False,False,False,True,0.886
CHK_00063,checkout_abandonment,2019-08-21 18:05:59,CHK_SESSION_000063,CUST_262,9377.34,INR,9377.34,9,2019-08-21 02:03:59,2019-08-21 02:05:59,960,False,False,False,True,0.7
CHK_00064,checkout_abandonment,2019-09-20 12:46:30,CHK_SESSION_000064,CUST_648,788.5,INR,788.5,1,2019-09-19 20:06:30,2019-09-19 20:09:30,997,False,False,False,True,0.596
CHK_00065,checkout_abandonment,2019-09-21 21:33:23,CHK_SESSION_000065,CUST_818,218.29,INR,218.29,1,2019-09-21 04:15:23,2019-09-21 04:19:23,1034,False,False,False,True,0.692
CHK_00066,checkout_abandonment,2019-07-01 18:52:04,CHK_SESSION_000066,CUST_225,5419.07,INR,5419.07,5,2019-07-01 00:56:04,2019-07-01 01:01:04,1071,False,False,False,True,0.792
CHK_00067,checkout_abandonment,2019-03-23 21:54:43,CHK_SESSION_000067,CUST_893,193.39,INR,193.39,1,2019-03-23 03:20:43,2019-03-23 03:26:43,1108,False,False,False,True,0.601
CHK_00068,checkout_abandonment,2020-05-11 20:28:27,CHK_SESSION_000068,CUST_330,7235.11,INR,7235.11,7,2020-05-11 01:16:27,2020-05-11 01:23:27,1145,False,False,False,True,0.596
CHK_00069,checkout_abandonment,2019-02-05 05:31:18,CHK_SESSION_000069,CUST_158,466.46,INR,466.46,1,2019-02-04 09:41:18,2019-02-04 09:49:18,1182,False,False,False,True,0.789
CHK_00070,checkout_abandonment,2020-04-17 00:11:55,CHK_SESSION_000070,CUST_686,5267.18,INR,5267.18,5,2020-04-16 03:43:55,2020-04-16 03:52:55,1219,False,False,False,True,0.692
CHK_00071,checkout_abandonment,2020-01-18 00:57:04,CHK_SESSION_000071,CUST_587,5905.45,INR,5905.45,6,2020-01-17 04:01:04,2020-01-17 04:01:04,1256,False,False,False,True,0.497
CHK_00072,checkout_abandonment,2020-05-27 05:29:32,CHK_SESSION_000072,CUST_148,18289.05,INR,18289.05,10,2020-05-26 07:55:32,2020-05-26 07:56:32,1293,False,False,False,True,0.794
CHK_00073,checkout_abandonment,2019-11-07 17:53:56,CHK_SESSION_000073,CUST_531,4225.53,INR,4225.53,4,2019-11-06 19:41:56,2019-11-06 19:43:56,1330,False,False,False,True,0.99
CHK_00074,checkout_abandonment,2019-12-29 06:51:29,CHK_SESSION_000074,CUST_612,6871.57,INR,6871.57,7,2019-12-28 08:01:29,2019-12-28 08:04:29,1367,False,False,False,True,0.8
CHK_00075,checkout_abandonment,2019-12-31 00:29:10,CHK_SESSION_000075,CUST_859,7302.34,INR,7302.34,7,2019-12-30 01:01:10,2019-12-30 01:05:10,1404,False,False,False,True,0.487
CHK_00076,checkout_abandonment,2020-02-21 13:00:54,CHK_SESSION_000076,CUST_245,239.87,INR,239.87,1,2020-02-21 12:25:54,2020-02-21 12:30:54,30,False,False,False,True,0.89
CHK_00077,checkout_abandonment,2019-10-13 15:07:18,CHK_SESSION_000077,CUST_451,3881.91,INR,3881.91,4,2019-10-13 13:54:18,2019-10-13 14:00:18,67,False,False,False,True,0.994
CHK_00078,checkout_abandonment,2019-07-28 06:43:18,CHK_SESSION_000078,CUST_505,1405.19,INR,1405.19,1,2019-07-28 04:52:18,2019-07-28 04:59:18,104,False,False,False,True,0.885
CHK_00079,checkout_abandonment,2020-04-13 09:54:20,CHK_SESSION_000079,CUST_217,6110.46,INR,6110.46,6,2020-04-13 07:25:20,2020-04-13 07:33:20,141,False,False,False,True,0.775
CHK_00080,checkout_abandonment,2019-02-10 15:28:25,CHK_SESSION_000080,CUST_533,7484.11,INR,7484.11,7,2019-02-10 12:21:25,2019-02-10 12:30:25,178,False,False,False,True,0.596
CHK_00081,checkout_abandonment,2019-07-21 11:36:45,CHK_SESSION_000081,CUST_300,283.86,INR,283.86,1,2019-07-21 08:01:45,2019-07-21 08:01:45,215,False,False,False,True,0.694
CHK_00082,checkout_abandonment,2019-12-15 03:23:08,CHK_SESSION_000082,CUST_735,310.42,INR,310.42,1,2019-12-14 23:10:08,2019-12-14 23:11:08,252,False,False,False,True,0.503
CHK_00083,checkout_abandonment,2019-07-02 22:53:56,CHK_SESSION_000083,CUST_258,1750.47,INR,1750.47,2,2019-07-02 18:02:56,2019-07-02 18:04:56,289,False,False,False,True,0.594
CHK_00084,checkout_abandonment,2019-04-20 13:46:45,CHK_SESSION_000084,CUST_238,10659.69,INR,10659.69,10,2019-04-20 08:17:45,2019-04-20 08:20:45,326,False,False,False,True,0.688
CHK_00085,checkout_abandonment,2020-06-12 12:09:59,CHK_SESSION_000085,CUST_866,600.92,INR,600.92,1,2020-06-12 06:02:59,2020-06-12 06:06:59,363,False,False,False,True,0.691
CHK_00086,checkout_abandonment,2020-06-21 17:45:46,CHK_SESSION_000086,CUST_218,8670.18,INR,8670.18,9,2020-06-21 11:00:46,2020-06-21 11:05:46,400,False,False,False,True,0.792
CHK_00087,checkout_abandonment,2019-02-24 02:11:22,CHK_SESSION_000087,CUST_847,12714.77,INR,12714.77,10,2019-02-23 18:48:22,2019-02-23 18:54:22,437,False,False,False,True,0.49
CHK_00088,checkout_abandonment,2019-07-25 17:19:40,CHK_SESSION_000088,CUST_854,4646.34,INR,4646.34,5,2019-07-25 09:18:40,2019-07-25 09:25:40,474,False,False,False,True,0.496
CHK_00089,checkout_abandonment,2019-08-16 12:09:22,CHK_SESSION_000089,CUST_599,2623.63,INR,2623.63,3,2019-08-16 03:30:22,2019-08-16 03:38:22,511,False,False,False,True,0.493
CHK_00090,checkout_abandonment,2019-04-07 18:39:27,CHK_SESSION_000090,CUST_465,817.55,INR,817.55,1,2019-04-07 09:22:27,2019-04-07 09:31:27,548,False,False,False,True,0.693
CHK_00091,checkout_abandonment,2020-01-08 20:09:36,CHK_SESSION_000091,CUST_848,1895.72,INR,1895.72,2,2020-01-08 10:24:36,2020-01-08 10:24:36,585,False,False,False,True,0.489
CHK_00092,checkout_abandonment,2019-03-03 03:49:15,CHK_SESSION_000092,CUST_359,10965.13,INR,10965.13,10,2019-03-02 17:26:15,2019-03-02 17:27:15,622,False,False,False,True,0.793
CHK_00093,checkout_abandonment,2019-11-29 12:10:17,CHK_SESSION_000093,CUST_508,3056.89,INR,3056.89,3,2019-11-29 01:09:17,2019-11-29 01:11:17,659,False,False,False,True,0.694
CHK_00094,checkout_abandonment,2020-03-27 23:58:30,CHK_SESSION_000094,CUST_271,638.27,INR,638.27,1,2020-03-27 12:19:30,2020-03-27 12:22:30,696,False,False,False,True,0.592
CHK_00095,checkout_abandonment,2019-07-21 09:22:55,CHK_SESSION_000095,CUST_345,4227.19,INR,4227.19,4,2019-07-20 21:05:55,2019-07-20 21:09:55,733,False,False,False,True,0.493
CHK_00096,checkout_abandonment,2019-06-10 22:36:42,CHK_SESSION_000096,CUST_96,7735.6,INR,7735.6,8,2019-06-10 09:41:42,2019-06-10 09:46:42,770,False,False,False,True,0.797
CHK_00097,checkout_abandonment,2020-03-30 07:28:34,CHK_SESSION_000097,CUST_307,10879.64,INR,10879.64,10,2020-03-29 17:55:34,2020-03-29 18:01:34,807,False,False,False,True,0.893
CHK_00098,checkout_abandonment,2019-03-19 18:35:44,CHK_SESSION_000098,CUST_356,5694.63,INR,5694.63,6,2019-03-19 04:24:44,2019-03-19 04:31:44,844,False,False,False,True,0.792
CHK_00099,checkout_abandonment,2020-06-18 14:18:09,CHK_SESSION_000099,CUST_506,1587.79,INR,1587.79,2,2020-06-17 23:29:09,2020-06-17 23:37:09,881,False,False,False,True,0.789
CHK_00100,checkout_abandonment,2019-12-23 17:40:32,CHK_SESSION_000100,CUST_58,4322.64,INR,4322.64,4,2019-12-23 02:13:32,2019-12-23 02:22:32,918,False,False,False,True,0.787
CHK_00101,checkout_abandonment,2019-10-21 16:52:00,CHK_SESSION_000101,CUST_476,4631.4,INR,4631.4,5,2019-10-21 00:57:00,2019-10-21 00:57:00,955,False,False,False,True,0.787
CHK_00102,checkout_abandonment,2019-11-07 06:04:52,CHK_SESSION_000102,CUST_524,1456.65,INR,1456.65,1,2019-11-06 13:31:52,2019-11-06 13:32:52,992,False,False,False,True,0.489
CHK_00103,checkout_abandonment,2020-03-06 19:16:51,CHK_SESSION_000103,CUST_26,5152.64,INR,5152.64,5,2020-03-06 02:05:51,2020-03-06 02:07:51,1029,False,False,False,True,0.888
CHK_00104,checkout_abandonment,2019-12-31 08:58:14,CHK_SESSION_000104,CUST_538,1161.17,INR,1161.17,1,2019-12-30 15:09:14,2019-12-30 15:12:14,1066,False,False,False,True,0.592
CHK_00105,checkout_abandonment,2019-06-01 16:35:06,CHK_SESSION_000105,CUST_1,137.78,INR,137.78,1,2019-05-31 22:08:06,2019-05-31 22:12:06,1103,False,False,False,True,0.982
CHK_00106,checkout_abandonment,2020-01-10 13:28:30,CHK_SESSION_000106,CUST_311,458.16,INR,458.16,1,2020-01-09 18:23:30,2020-01-09 18:28:30,1140,False,False,False,True,0.981
CHK_00107,checkout_abandonment,2019-07-14 23:26:33,CHK_SESSION_000107,CUST_873,1488.19,INR,1488.19,1,2019-07-14 03:43:33,2019-07-14 03:49:33,1177,False,False,False,True,0.593
CHK_00108,checkout_abandonment,2019-02-08 10:09:02,CHK_SESSION_000108,CUST_644,49590.01,INR,49590.01,10,2019-02-07 13:48:02,2019-02-07 13:55:02,1214,False,False,False,True,0.795
CHK_00109,checkout_abandonment,2020-05-31 00:24:49,CHK_SESSION_000109,CUST_489,2616.16,INR,2616.16,3,2020-05-30 03:25:49,2020-05-30 03:33:49,1251,False,False,False,True,0.694
CHK_00110,checkout_abandonment,2019-09-16 11:41:35,CHK_SESSION_000110,CUST_273,728.74,INR,728.74,1,2019-09-15 14:04:35,2019-09-15 14:13:35,1288,False,False,False,True,0.995
CHK_00111,checkout_abandonment,2020-04-15 18:19:15,CHK_SESSION_000111,CUST_271,444.88,INR,444.88,1,2020-04-14 20:14:15,2020-04-14 20:14:15,1325,False,False,False,True,0.592
CHK_00112,checkout_abandonment,2019-09-29 19:44:53,CHK_SESSION_000112,CUST_688,515.43,INR,515.43,1,2019-09-28 21:01:53,2019-09-28 21:02:53,1362,False,False,False,True,0.789
CHK_00113,checkout_abandonment,2019-05-10 21:23:56,CHK_SESSION_000113,CUST_513,6646.64,INR,6646.64,7,2019-05-09 22:02:56,2019-05-09 22:04:56,1399,False,False,False,True,0.785
CHK_00114,checkout_abandonment,2019-01-02 04:13:32,CHK_SESSION_000114,CUST_267,488.04,INR,488.04,1,2019-01-01 04:14:32,2019-01-01 04:17:32,1436,False,False,False,True,0.793
CHK_00115,checkout_abandonment,2020-03-01 13:20:33,CHK_SESSION_000115,CUST_494,8150.6,INR,8150.6,8,2020-03-01 12:14:33,2020-03-01 12:18:33,62,False,False,False,True,0.891
CHK_00116,checkout_abandonment,2019-09-30 02:30:37,CHK_SESSION_000116,CUST_31,4590.73,INR,4590.73,5,2019-09-30 00:46:37,2019-09-30 00:51:37,99,False,False,False,True,0.59
CHK_00117,checkout_abandonment,2020-03-05 02:18:02,CHK_SESSION_000117,CUST_625,163.51,INR,163.51,1,2020-03-04 23:56:02,2020-03-05 00:02:02,136,False,False,False,True,0.899
CHK_00118,checkout_abandonment,2020-05-14 17:04:45,CHK_SESSION_000118,CUST_124,3075.98,INR,3075.98,3,2020-05-14 14:04:45,2020-05-14 14:11:45,173,False,False,False,True,0.991
CHK_00119,checkout_abandonment,2019-02-27 11:09:14,CHK_SESSION_000119,CUST_764,8890.96,INR,8890.96,9,2019-02-27 07:31:14,2019-02-27 07:39:14,210,False,False,False,True,0.797
CHK_00120,checkout_abandonment,2019-03-05 09:17:04,CHK_SESSION_000120,CUST_879,6637.51,INR,6637.51,7,2019-03-05 05:01:04,2019-03-05 05:10:04,247,False,False,False,True,0.498
CHK_00121,checkout_abandonment,2019-10-11 17:22:06,CHK_SESSION_000121,CUST_370,226.59,INR,226.59,1,2019-10-11 12:38:06,2019-10-11 12:38:06,284,False,False,False,True,0.692
CHK_00122,checkout_abandonment,2019-07-22 22:19:20,CHK_SESSION_000122,CUST_551,2080.81,INR,2080.81,2,2019-07-22 16:57:20,2019-07-22 16:58:20,321,False,False,False,True,0.688
CHK_00123,checkout_abandonment,2019-12-10 06:59:02,CHK_SESSION_000123,CUST_465,561.91,INR,561.91,1,2019-12-10 00:59:02,2019-12-10 01:01:02,358,False,False,False,True,0.693
CHK_00124,checkout_abandonment,2020-01-25 16:08:17,CHK_SESSION_000124,CUST_678,5139.36,INR,5139.36,5,2020-01-25 09:30:17,2020-01-25 09:33:17,395,False,False,False,True,0.801
CHK_00125,checkout_abandonment,2019-11-25 22:38:10,CHK_SESSION_000125,CUST_496,3733.34,INR,3733.34,4,2019-11-25 15:22:10,2019-11-25 15:26:10,432,False,False,False,True,0.586
CHK_00126,checkout_abandonment,2019-04-05 15:15:54,CHK_SESSION_000126,CUST_280,11769.4,INR,11769.4,10,2019-04-05 07:21:54,2019-04-05 07:26:54,469,False,False,False,True,0.886
CHK_00127,checkout_abandonment,2020-06-12 11:35:49,CHK_SESSION_000127,CUST_275,6920.54,INR,6920.54,7,2020-06-12 03:03:49,2020-06-12 03:09:49,506,False,False,False,True,0.888
CHK_00128,checkout_abandonment,2019-06-16 21:12:57,CHK_SESSION_000128,CUST_628,1452.5,INR,1452.5,1,2019-06-16 12:02:57,2019-06-16 12:09:57,543,False,False,False,True,0.698
CHK_00129,checkout_abandonment,2019-08-07 19:08:51,CHK_SESSION_000129,CUST_278,6896.47,INR,6896.47,7,2019-08-07 09:20:51,2019-08-07 09:28:51,580,False,False,False,True,0.891
CHK_00130,checkout_abandonment,2019-03-18 19:40:52,CHK_SESSION_000130,CUST_697,5111.97,INR,5111.97,5,2019-03-18 09:14:52,2019-03-18 09:23:52,617,False,False,False,True,0.892
CHK_00131,checkout_abandonment,2019-11-13 12:56:09,CHK_SESSION_000131,CUST_691,4521.01,INR,4521.01,5,2019-11-13 02:02:09,2019-11-13 02:02:09,654,False,False,False,True,0.895
CHK_00132,checkout_abandonment,2019-09-22 16:26:05,CHK_SESSION_000132,CUST_224,537.01,INR,537.01,1,2019-09-22 04:54:05,2019-09-22 04:55:05,691,False,False,False,True,0.597
CHK_00133,checkout_abandonment,2019-08-10 17:07:14,CHK_SESSION_000133,CUST_218,2850.22,INR,2850.22,3,2019-08-10 04:57:14,2019-08-10 04:59:14,728,False,False,False,True,0.792
CHK_00134,checkout_abandonment,2019-08-06 21:21:15,CHK_SESSION_000134,CUST_289,11226.58,INR,11226.58,10,2019-08-06 08:33:15,2019-08-06 08:36:15,765,False,False,False,True,0.695
CHK_00135,checkout_abandonment,2019-08-25 17:54:13,CHK_SESSION_000135,CUST_476,5524.48,INR,5524.48,6,2019-08-25 04:28:13,2019-08-25 04:32:13,802,False,False,False,True,0.787
CHK_00136,checkout_abandonment,2019-12-30 06:21:22,CHK_SESSION_000136,CUST_760,1752.96,INR,1752.96,2,2019-12-29 16:17:22,2019-12-29 16:22:22,839,False,False,False,True,0.499
CHK_00137,checkout_abandonment,2019-03-09 16:13:02,CHK_SESSION_000137,CUST_337,4634.72,INR,4634.72,5,2019-03-09 01:31:02,2019-03-09 01:37:02,876,False,False,False,True,0.691
CHK_00138,checkout_abandonment,2019-04-29 03:43:37,CHK_SESSION_000138,CUST_588,2442.69,INR,2442.69,2,2019-04-28 12:23:37,2019-04-28 12:30:37,913,False,False,False,True,0.991
CHK_00139,checkout_abandonment,2019-01-02 13:09:15,CHK_SESSION_000139,CUST_421,942.05,INR,942.05,1,2019-01-01 21:11:15,2019-01-01 21:19:15,950,False,False,False,True,0.69
CHK_00140,checkout_abandonment,2019-02-03 11:39:09,CHK_SESSION_000140,CUST_42,3749.11,INR,3749.11,4,2019-02-02 19:03:09,2019-02-02 19:12:09,987,False,False,False,True,0.982
CHK_00141,checkout_abandonment,2020-04-12 20:44:56,CHK_SESSION_000141,CUST_408,3147.36,INR,3147.36,3,2020-04-12 03:40:56,2020-04-12 03:40:56,1024,False,False,False,True,0.497
CHK_00142,checkout_abandonment,2020-05-17 13:04:13,CHK_SESSION_000142,CUST_181,8406.24,INR,8406.24,8,2020-05-16 19:22:13,2020-05-16 19:23:13,1061,False,False,False,True,0.983
CHK_00143,checkout_abandonment,2019-08-07 18:08:14,CHK_SESSION_000143,CUST_648,297.97,INR,297.97,1,2019-08-06 23:48:14,2019-08-06 23:50:14,1098,False,False,False,True,0.596
CHK_00144,checkout_abandonment,2019-03-01 03:21:23,CHK_SESSION_000144,CUST_220,4507.73,INR,4507.73,5,2019-02-28 08:23:23,2019-02-28 08:26:23,1135,False,False,False,True,0.796
CHK_00145,checkout_abandonment,2019-12-24 05:25:15,CHK_SESSION_000145,CUST_16,12977.05,INR,12977.05,10,2019-12-23 09:49:15,2019-12-23 09:53:15,1172,False,False,False,True,0.8
CHK_00146,checkout_abandonment,2019-10-15 18:51:30,CHK_SESSION_000146,CUST_671,437.41,INR,437.41,1,2019-10-14 22:37:30,2019-10-14 22:42:30,1209,False,False,False,True,0.694
CHK_00147,checkout_abandonment,2019-09-25 14:34:31,CHK_SESSION_000147,CUST_504,9883.64,INR,9883.64,10,2019-09-24 17:42:31,2019-09-24 17:48:31,1246,False,False,False,True,0.793
CHK_00148,checkout_abandonment,2020-02-13 10:07:07,CHK_SESSION_000148,CUST_19,16403.29,INR,16403.29,10,2020-02-12 12:37:07,2020-02-12 12:44:07,1283,False,False,False,True,0.891
CHK_00149,checkout_abandonment,2020-06-10 15:39:27,CHK_SESSION_000149,CUST_284,4832.26,INR,4832.26,5,2020-06-09 17:31:27,2020-06-09 17:39:27,1320,False,False,False,True,0.884
CHK_00150,checkout_abandonment,2019-12-02 18:36:05,CHK_SESSION_000150,CUST_179,1620.16,INR,1620.16,2,2019-12-01 19:50:05,2019-12-01 19:59:05,1357,False,False,False,True,0.96
CHK_00151,checkout_abandonment,2019-07-15 13:55:19,CHK_SESSION_000151,CUST_179,206.67,INR,206.67,1,2019-07-14 14:41:19,2019-07-14 14:41:19,1394,False,False,False,True,0.96
CHK_00152,checkout_abandonment,2019-03-18 21:08:29,CHK_SESSION_000152,CUST_266,6454.91,INR,6454.91,6,2019-03-17 21:16:29,2019-03-17 21:17:29,1431,False,False,False,True,0.792
CHK_00153,checkout_abandonment,2019-06-15 14:19:13,CHK_SESSION_000153,CUST_250,7330.56,INR,7330.56,7,2019-06-15 13:20:13,2019-06-15 13:22:13,57,False,False,False,True,0.8
CHK_00154,checkout_abandonment,2019-12-01 19:41:20,CHK_SESSION_000154,CUST_264,2184.56,INR,2184.56,2,2019-12-01 18:04:20,2019-12-01 18:07:20,94,False,False,False,True,0.695
CHK_00155,checkout_abandonment,2019-09-29 19:46:10,CHK_SESSION_000155,CUST_214,3323.32,INR,3323.32,3,2019-09-29 17:31:10,2019-09-29 17:35:10,131,False,False,False,True,0.693
CHK_00156,checkout_abandonment,2019-05-31 21:38:57,CHK_SESSION_000156,CUST_531,573.53,INR,573.53,1,2019-05-31 18:45:57,2019-05-31 18:50:57,168,False,False,False,True,0.99
CHK_00157,checkout_abandonment,2019-07-14 18:20:23,CHK_SESSION_000157,CUST_149,1026.71,INR,1026.71,1,2019-07-14 14:49:23,2019-07-14 14:55:23,205,False,False,False,True,0.487
CHK_00158,checkout_abandonment,2019-07-12 17:48:50,CHK_SESSION_000158,CUST_610,3099.22,INR,3099.22,3,2019-07-12 13:39:50,2019-07-12 13:46:50,242,False,False,False,True,0.692
CHK_00159,checkout_abandonment,2020-04-01 20:22:10,CHK_SESSION_000159,CUST_550,7634.34,INR,7634.34,8,2020-04-01 15:35:10,2020-04-01 15:43:10,279,False,False,False,True,0.701
CHK_00160,checkout_abandonment,2019-12-16 01:17:11,CHK_SESSION_000160,CUST_239,5457.25,INR,5457.25,5,2019-12-15 19:52:11,2019-12-15 20:01:11,316,False,False,False,True,0.686
CHK_00161,checkout_abandonment,2019-04-08 05:36:24,CHK_SESSION_000161,CUST_488,308.76,INR,308.76,1,2019-04-07 23:43:24,2019-04-07 23:43:24,353,False,False,False,True,0.988
CHK_00162,checkout_abandonment,2019-12-28 00:08:56,CHK_SESSION_000162,CUST_287,859.05,INR,859.05,1,2019-12-27 17:37:56,2019-12-27 17:38:56,390,False,False,False,True,0.9
CHK_00163,checkout_abandonment,2020-06-09 03:03:02,CHK_SESSION_000163,CUST_713,550.29,INR,550.29,1,2020-06-08 19:54:02,2020-06-08 19:56:02,427,False,False,False,True,0.893
CHK_00164,checkout_abandonment,2019-03-09 17:35:09,CHK_SESSION_000164,CUST_576,5273.82,INR,5273.82,5,2019-03-09 09:48:09,2019-03-09 09:51:09,464,False,False,False,True,0.592
CHK_00165,checkout_abandonment,2020-06-16 06:07:51,CHK_SESSION_000165,CUST_273,3808.04,INR,3808.04,4,2020-06-15 21:42:51,2020-06-15 21:46:51,501,False,False,False,True,0.995
CHK_00166,checkout_abandonment,2019-11-17 20:09:08,CHK_SESSION_000166,CUST_91,9183.12,INR,9183.12,9,2019-11-17 11:06:08,2019-11-17 11:11:08,538,False,False,False,True,0.787
CHK_00167,checkout_abandonment,2019-06-12 09:52:36,CHK_SESSION_000167,CUST_715,5331.92,INR,5331.92,5,2019-06-12 00:11:36,2019-06-12 00:17:36,575,False,False,False,True,0.888
CHK_00168,checkout_abandonment,2019-12-18 02:55:11,CHK_SESSION_000168,CUST_552,3049.42,INR,3049.42,3,2019-12-17 16:36:11,2019-12-17 16:43:11,612,False,False,False,True,0.889
CHK_00169,checkout_abandonment,2019-07-15 08:46:40,CHK_SESSION_000169,CUST_451,1510.6,INR,1510.6,2,2019-07-14 21:49:40,2019-07-14 21:57:40,649,False,False,False,True,0.994
CHK_00170,checkout_abandonment,2019-06-14 05:10:35,CHK_SESSION_000170,CUST_81,180.11,INR,180.11,1,2019-06-13 17:35:35,2019-06-13 17:44:35,686,False,False,False,True,0.996
CHK_00171,checkout_abandonment,2020-05-10 00:25:14,CHK_SESSION_000171,CUST_697,3841.24,INR,3841.24,4,2020-05-09 12:22:14,2020-05-09 12:22:14,723,False,False,False,True,0.892
CHK_00172,checkout_abandonment,2019-07-03 12:31:09,CHK_SESSION_000172,CUST_275,1310.57,INR,1310.57,1,2019-07-02 23:50:09,2019-07-02 23:51:09,760,False,False,False,True,0.888
CHK_00173,checkout_abandonment,2019-09-16 06:11:45,CHK_SESSION_000173,CUST_375,8577.22,INR,8577.22,9,2019-09-15 16:52:45,2019-09-15 16:54:45,797,False,False,False,True,0.791
CHK_00174,checkout_abandonment,2019-12-08 06:22:39,CHK_SESSION_000174,CUST_907,7850.14,INR,7850.14,8,2019-12-07 16:25:39,2019-12-07 16:28:39,834,False,False,False,True,0.493
CHK_00175,checkout_abandonment,2020-04-22 02:26:55,CHK_SESSION_000175,CUST_433,426.62,INR,426.62,1,2020-04-21 11:51:55,2020-04-21 11:55:55,871,False,False,False,True,0.702
CHK_00176,checkout_abandonment,2019-10-15 14:47:02,CHK_SESSION_000176,CUST_790,131.14,INR,131.14,1,2019-10-14 23:34:02,2019-10-14 23:39:02,908,False,False,False,True,0.695
CHK_00177,checkout_abandonment,2019-04-10 11:21:35,CHK_SESSION_000177,CUST_441,1150.38,INR,1150.38,1,2019-04-09 19:30:35,2019-04-09 19:36:35,945,False,False,False,True,0.883
CHK_00178,checkout_abandonment,2019-09-10 17:25:38,CHK_SESSION_000178,CUST_280,3793.1,INR,3793.1,4,2019-09-10 00:56:38,2019-09-10 01:03:38,982,False,False,False,True,0.886
CHK_00179,checkout_abandonment,2019-11-24 21:46:30,CHK_SESSION_000179,CUST_826,9171.5,INR,9171.5,9,2019-11-24 04:39:30,2019-11-24 04:47:30,1019,False,False,False,True,0.591
CHK_00180,checkout_abandonment,2019-07-26 21:55:33,CHK_SESSION_000180,CUST_215,1162.83,INR,1162.83,1,2019-07-26 04:10:33,2019-07-26 04:19:33,1056,False,False,False,True,0.959
CHK_00181,checkout_abandonment,2020-03-24 23:41:51,CHK_SESSION_000181,CUST_171,1665.81,INR,1665.81,2,2020-03-24 05:28:51,2020-03-24 05:28:51,1093,False,False,False,True,0.496
CHK_00182,checkout_abandonment,2019-12-22 04:40:34,CHK_SESSION_000182,CUST_369,10713.64,INR,10713.64,10,2019-12-21 09:49:34,2019-12-21 09:50:34,1130,False,False,False,True,0.592
CHK_00183,checkout_abandonment,2019-08-27 03:34:03,CHK_SESSION_000183,CUST_547,11762.76,INR,11762.76,10,2019-08-26 08:05:03,2019-08-26 08:07:03,1167,False,False,False,True,0.789
CHK_00184,checkout_abandonment,2019-07-04 07:28:23,CHK_SESSION_000184,CUST_173,4254.58,INR,4254.58,4,2019-07-03 11:21:23,2019-07-03 11:24:23,1204,False,False,False,True,0.696
CHK_00185,checkout_abandonment,2019-11-19 14:27:46,CHK_SESSION_000185,CUST_665,544.48,INR,544.48,1,2019-11-18 17:42:46,2019-11-18 17:46:46,1241,False,False,False,True,0.789
CHK_00186,checkout_abandonment,2019-05-04 15:40:27,CHK_SESSION_000186,CUST_310,7904.09,INR,7904.09,8,2019-05-03 18:17:27,2019-05-03 18:22:27,1278,False,False,False,True,0.696
CHK_00187,checkout_abandonment,2020-04-17 22:59:25,CHK_SESSION_000187,CUST_22,7234.28,INR,7234.28,7,2020-04-17 00:58:25,2020-04-17 01:04:25,1315,False,False,False,True,0.99
CHK_00188,checkout_abandonment,2019-03-19 07:09:32,CHK_SESSION_000188,CUST_792,9434.61,INR,9434.61,9,2019-03-18 08:30:32,2019-03-18 08:37:32,1352,False,False,False,True,0.695
CHK_00189,checkout_abandonment,2020-05-18 14:36:18,CHK_SESSION_000189,CUST_766,3685.2,INR,3685.2,4,2020-05-17 15:19:18,2020-05-17 15:27:18,1389,False,False,False,True,0.791
CHK_00190,checkout_abandonment,2019-03-25 20:21:06,CHK_SESSION_000190,CUST_622,17927.17,INR,17927.17,10,2019-03-24 20:26:06,2019-03-24 20:35:06,1426,False,False,False,True,0.9
CHK_00191,checkout_abandonment,2019-12-19 00:40:13,CHK_SESSION_000191,CUST_420,3836.26,INR,3836.26,4,2019-12-18 23:48:13,2019-12-18 23:48:13,52,False,False,False,True,0.79
CHK_00192,checkout_abandonment,2020-04-14 18:39:25,CHK_SESSION_000192,CUST_579,112.05,INR,112.05,1,2020-04-14 17:09:25,2020-04-14 17:10:25,89,False,False,False,True,0.89
CHK_00193,checkout_abandonment,2019-01-11 02:59:28,CHK_SESSION_000193,CUST_836,13211.94,INR,13211.94,10,2019-01-11 00:51:28,2019-01-11 00:53:28,126,False,False,False,True,0.591
CHK_00194,checkout_abandonment,2020-06-15 18:51:08,CHK_SESSION_000194,CUST_745,386.78,INR,386.78,1,2020-06-15 16:05:08,2020-06-15 16:08:08,163,False,False,False,True,0.785
CHK_00195,checkout_abandonment,2019-03-04 23:23:44,CHK_SESSION_000195,CUST_98,8459.36,INR,8459.36,8,2019-03-04 19:59:44,2019-03-04 20:03:44,200,False,False,False,True,0.785
CHK_00196,checkout_abandonment,2019-10-10 15:20:18,CHK_SESSION_000196,CUST_282,811.74,INR,811.74,1,2019-10-10 11:18:18,2019-10-10 11:23:18,237,False,False,False,True,0.792
CHK_00197,checkout_abandonment,2019-03-25 16:36:08,CHK_SESSION_000197,CUST_234,772.73,INR,772.73,1,2019-03-25 11:56:08,2019-03-25 12:02:08,274,False,False,False,True,0.788
CHK_00198,checkout_abandonment,2019-06-02 00:28:21,CHK_SESSION_000198,CUST_641,14969.05,INR,14969.05,10,2019-06-01 19:10:21,2019-06-01 19:17:21,311,False,False,False,True,0.896
CHK_00199,checkout_abandonment,2019-03-06 00:49:43,CHK_SESSION_000199,CUST_83,203.35,INR,203.35,1,2019-03-05 18:53:43,2019-03-05 19:01:43,348,False,False,False,True,0.999
CHK_00200,checkout_abandonment,2019-12-10 03:52:20,CHK_SESSION_000200,CUST_806,1631.78,INR,1631.78,2,2019-12-09 21:18:20,2019-12-09 21:27:20,385,False,False,False,True,0.495
CHK_00201,checkout_abandonment,2020-03-28 15:48:11,CHK_SESSION_000201,CUST_336,7388.66,INR,7388.66,7,2020-03-28 08:46:11,2020-03-28 08:46:11,422,False,False,False,True,0.695
CHK_00202,checkout_abandonment,2019-04-29 21:08:28,CHK_SESSION_000202,CUST_328,8875.19,INR,8875.19,9,2019-04-29 13:28:28,2019-04-29 13:29:28,459,False,False,False,True,0.791
CHK_00203,checkout_abandonment,2019-07-01 06:17:42,CHK_SESSION_000203,CUST_312,5624.91,INR,5624.91,6,2019-06-30 21:59:42,2019-06-30 22:01:42,496,False,False,False,True,0.788
CHK_00204,checkout_abandonment,2019-04-10 09:54:11,CHK_SESSION_000204,CUST_42,7771.29,INR,7771.29,8,2019-04-10 00:58:11,2019-04-10 01:01:11,533,False,False,False,True,0.982
CHK_00205,checkout_abandonment,2019-12-10 08:40:37,CHK_SESSION_000205,CUST_30,6179.35,INR,6179.35,6,2019-12-09 23:06:37,2019-12-09 23:10:37,570,False,False,False,True,0.49
CHK_00206,checkout_abandonment,2019-11-28 01:50:59,CHK_SESSION_000206,CUST_658,14459.43,INR,14459.43,10,2019-11-27 15:38:59,2019-11-27 15:43:59,607,False,False,False,True,0.892
CHK_00207,checkout_abandonment,2019-10-17 21:13:19,CHK_SESSION_000207,CUST_454,133.63,INR,133.63,1,2019-10-17 10:23:19,2019-10-17 10:29:19,644,False,False,False,True,0.596
CHK_00208,checkout_abandonment,2019-08-03 01:51:23,CHK_SESSION_000208,CUST_62,1055.76,INR,1055.76,1,2019-08-02 14:23:23,2019-08-02 14:30:23,681,False,False,False,True,0.991
CHK_00209,checkout_abandonment,2020-05-29 00:37:26,CHK_SESSION_000209,CUST_240,252.32,INR,252.32,1,2020-05-28 12:31:26,2020-05-28 12:39:26,718,False,False,False,True,0.986
CHK_00210,checkout_abandonment,2019-12-23 04:52:19,CHK_SESSION_000210,CUST_198,130.31,INR,130.31,1,2019-12-22 16:08:19,2019-12-22 16:17:19,755,False,False,False,True,0.591
CHK_00211,checkout_abandonment,2019-03-20 08:58:21,CHK_SESSION_000211,CUST_302,11370.17,INR,11370.17,10,2019-03-19 19:46:21,2019-03-19 19:46:21,792,False,False,False,True,0.594
CHK_00212,checkout_abandonment,2019-04-17 14:15:58,CHK_SESSION_000212,CUST_84,6486.45,INR,6486.45,6,2019-04-17 00:25:58,2019-04-17 00:26:58,829,False,False,False,True,0.685
CHK_00213,checkout_abandonment,2019-12-28 20:35:50,CHK_SESSION_000213,CUST_69,8755.67,INR,8755.67,9,2019-12-28 06:07:50,2019-12-28 06:09:50,866,False,False,False,True,0.795
CHK_00214,checkout_abandonment,2019-07-12 03:37:46,CHK_SESSION_000214,CUST_376,2112.35,INR,2112.35,2,2019-07-11 12:31:46,2019-07-11 12:34:46,903,False,False,False,True,0.991
CHK_00215,checkout_abandonment,2019-05-12 23:22:14,CHK_SESSION_000215,CUST_669,3920.09,INR,3920.09,4,2019-05-12 07:38:14,2019-05-12 07:42:14,940,False,False,False,True,0.696
CHK_00216,checkout_abandonment,2019-07-29 00:10:45,CHK_SESSION_000216,CUST_424,9856.25,INR,9856.25,10,2019-07-28 07:48:45,2019-07-28 07:53:45,977,False,False,False,True,0.697
CHK_00217,checkout_abandonment,2019-01-19 12:18:14,CHK_SESSION_000217,CUST_612,3617.14,INR,3617.14,4,2019-01-18 19:18:14,2019-01-18 19:24:14,1014,False,False,False,True,0.8
CHK_00218,checkout_abandonment,2019-11-12 20:03:14,CHK_SESSION_000218,CUST_512,6688.14,INR,6688.14,7,2019-11-12 02:25:14,2019-11-12 02:32:14,1051,False,False,False,True,0.593
CHK_00219,checkout_abandonment,2019-12-30 22:08:15,CHK_SESSION_000219,CUST_346,86.32,INR,86.32,1,2019-12-30 03:52:15,2019-12-30 04:00:15,1088,False,False,False,True,0.594
CHK_00220,checkout_abandonment,2019-11-14 17:15:20,CHK_SESSION_000220,CUST_604,1564.55,INR,1564.55,2,2019-11-13 22:21:20,2019-11-13 22:30:20,1125,False,False,False,True,0.989
CHK_00221,checkout_abandonment,2020-05-01 11:38:24,CHK_SESSION_000221,CUST_204,41211.99,INR,41211.99,10,2020-04-30 16:16:24,2020-04-30 16:16:24,1162,False,False,False,True,0.597
CHK_00222,checkout_abandonment,2019-06-17 17:31:24,CHK_SESSION_000222,CUST_828,262.28,INR,262.28,1,2019-06-16 21:31:24,2019-06-16 21:32:24,1199,False,False,False,True,0.793
CHK_00223,checkout_abandonment,2020-01-06 21:59:34,CHK_SESSION_000223,CUST_571,4552.55,INR,4552.55,5,2020-01-06 01:21:34,2020-01-06 01:23:34,1236,False,False,False,True,0.893
CHK_00224,checkout_abandonment,2019-12-29 23:50:38,CHK_SESSION_000224,CUST_383,3832.94,INR,3832.94,4,2019-12-29 02:34:38,2019-12-29 02:37:38,1273,False,False,False,True,0.883
CHK_00225,checkout_abandonment,2019-04-08 22:28:52,CHK_SESSION_000225,CUST_142,630.8,INR,630.8,1,2019-04-08 00:34:52,2019-04-08 00:38:52,1310,False,False,False,True,0.694
CHK_00226,checkout_abandonment,2019-12-11 11:40:55,CHK_SESSION_000226,CUST_317,2522.37,INR,2522.37,3,2019-12-10 13:08:55,2019-12-10 13:13:55,1347,False,False,False,True,0.593
CHK_00227,checkout_abandonment,2019-08-01 03:57:04,CHK_SESSION_000227,CUST_828,5727.83,INR,5727.83,6,2019-07-31 04:47:04,2019-07-31 04:53:04,1384,False,False,False,True,0.793
CHK_00228,checkout_abandonment,2019-09-20 22:11:14,CHK_SESSION_000228,CUST_391,41018.6,INR,41018.6,10,2019-09-19 22:23:14,2019-09-19 22:30:14,1421,False,False,False,True,0.695
CHK_00229,checkout_abandonment,2019-02-05 16:51:26,CHK_SESSION_000229,CUST_798,4659.62,INR,4659.62,5,2019-02-05 15:56:26,2019-02-05 16:04:26,47,False,False,False,True,0.692
CHK_00230,checkout_abandonment,2019-06-03 11:23:25,CHK_SESSION_000230,CUST_538,8213.68,INR,8213.68,8,2019-06-03 09:50:25,2019-06-03 09:59:25,84,False,False,False,True,0.592
CHK_00231,checkout_abandonment,2019-11-24 12:52:58,CHK_SESSION_000231,CUST_504,3826.3,INR,3826.3,4,2019-11-24 10:51:58,2019-11-24 10:51:58,121,False,False,False,True,0.793
CHK_00232,checkout_abandonment,2019-05-16 05:07:30,CHK_SESSION_000232,CUST_98,7958.04,INR,7958.04,8,2019-05-16 02:28:30,2019-05-16 02:29:30,158,False,False,False,True,0.785
CHK_00233,checkout_abandonment,2019-09-18 15:06:45,CHK_SESSION_000233,CUST_271,9025.42,INR,9025.42,9,2019-09-18 11:49:45,2019-09-18 11:51:45,195,False,False,False,True,0.592
CHK_00234,checkout_abandonment,2019-03-13 05:47:02,CHK_SESSION_000234,CUST_344,3947.48,INR,3947.48,4,2019-03-13 01:52:02,2019-03-13 01:55:02,232,False,False,False,True,0.696
CHK_00235,checkout_abandonment,2019-06-22 03:25:37,CHK_SESSION_000235,CUST_766,392.59,INR,392.59,1,2019-06-21 22:52:37,2019-06-21 22:56:37,269,False,False,False,True,0.791
CHK_00236,checkout_abandonment,2019-09-15 02:50:07,CHK_SESSION_000236,CUST_227,6171.88,INR,6171.88,6,2019-09-14 21:39:07,2019-09-14 21:44:07,306,False,False,False,True,0.791
CHK_00237,checkout_abandonment,2020-03-21 23:56:08,CHK_SESSION_000237,CUST_225,1483.21,INR,1483.21,1,2020-03-21 18:07:08,2020-03-21 18:13:08,343,False,False,False,True,0.792
CHK_00238,checkout_abandonment,2019-11-03 02:46:26,CHK_SESSION_000238,CUST_529,395.08,INR,395.08,1,2019-11-02 20:19:26,2019-11-02 20:26:26,380,False,False,False,True,0.986
CHK_00239,checkout_abandonment,2019-04-19 07:37:00,CHK_SESSION_000239,CUST_65,620.84,INR,620.84,1,2019-04-19 00:32:00,2019-04-19 00:40:00,417,False,False,False,True,0.69
CHK_00240,checkout_abandonment,2019-09-09 03:39:36,CHK_SESSION_000240,CUST_755,15189.83,INR,15189.83,10,2019-09-08 19:56:36,2019-09-08 20:05:36,454,False,False,False,True,0.97
CHK_00241,checkout_abandonment,2019-07-14 12:00:31,CHK_SESSION_000241,CUST_66,6786.08,INR,6786.08,7,2019-07-14 03:49:31,2019-07-14 03:49:31,491,False,False,False,True,0.491
CHK_00242,checkout_abandonment,2019-12-26 14:37:25,CHK_SESSION_000242,CUST_661,354.41,INR,354.41,1,2019-12-26 05:48:25,2019-12-26 05:49:25,528,False,False,False,True,0.694
CHK_00243,checkout_abandonment,2020-03-26 02:40:14,CHK_SESSION_000243,CUST_143,848.26,INR,848.26,1,2020-03-25 17:13:14,2020-03-25 17:15:14,565,False,False,False,True,0.687
CHK_00244,checkout_abandonment,2019-11-14 03:59:38,CHK_SESSION_000244,CUST_717,134.46,INR,134.46,1,2019-11-13 17:54:38,2019-11-13 17:57:38,602,False,False,False,True,0.493
CHK_00245,checkout_abandonment,2019-01-29 01:01:58,CHK_SESSION_000245,CUST_293,2420.28,INR,2420.28,2,2019-01-28 14:18:58,2019-01-28 14:22:58,639,False,False,False,True,0.982
CHK_00246,checkout_abandonment,2019-12-21 03:12:44,CHK_SESSION_000246,CUST_223,2503.28,INR,2503.28,3,2019-12-20 15:51:44,2019-12-20 15:56:44,676,False,False,False,True,0.792
CHK_00247,checkout_abandonment,2019-02-03 21:57:04,CHK_SESSION_000247,CUST_205,88.81,INR,88.81,1,2019-02-03 09:58:04,2019-02-03 10:04:04,713,False,False,False,True,0.688
CHK_00248,checkout_abandonment,2019-05-18 13:48:30,CHK_SESSION_000248,CUST_622,4793.25,INR,4793.25,5,2019-05-18 01:11:30,2019-05-18 01:18:30,750,False,False,False,True,0.9
CHK_00249,checkout_abandonment,2019-11-05 10:24:30,CHK_SESSION_000249,CUST_214,292.16,INR,292.16,1,2019-11-04 21:09:30,2019-11-04 21:17:30,787,False,False,False,True,0.693
CHK_00250,checkout_abandonment,2020-03-17 07:22:31,CHK_SESSION_000250,CUST_740,26215.55,INR,26215.55,10,2020-03-16 17:29:31,2020-03-16 17:38:31,824,False,False,False,True,0.982
CHK_00251,checkout_abandonment,2019-10-28 07:07:09,CHK_SESSION_000251,CUST_504,744.51,INR,744.51,1,2019-10-27 16:46:09,2019-10-27 16:46:09,861,False,False,False,True,0.793
CHK_00252,checkout_abandonment,2019-03-09 17:50:34,CHK_SESSION_000252,CUST_711,6696.44,INR,6696.44,7,2019-03-09 02:51:34,2019-03-09 02:52:34,898,False,False,False,True,0.497
CHK_00253,checkout_abandonment,2020-04-07 20:31:46,CHK_SESSION_000253,CUST_90,134.46,INR,134.46,1,2020-04-07 04:54:46,2020-04-07 04:56:46,935,False,False,False,True,0.696
CHK_00254,checkout_abandonment,2019-01-08 07:03:39,CHK_SESSION_000254,CUST_180,2906.66,INR,2906.66,3,2019-01-07 14:48:39,2019-01-07 14:51:39,972,False,False,False,True,0.981
CHK_00255,checkout_abandonment,2019-06-29 23:31:52,CHK_SESSION_000255,CUST_34,1670.79,INR,1670.79,2,2019-06-29 06:38:52,2019-06-29 06:42:52,1009,False,False,False,True,0.695
CHK_00256,checkout_abandonment,2019-12-09 08:00:26,CHK_SESSION_000256,CUST_194,7155.43,INR,7155.43,7,2019-12-08 14:29:26,2019-12-08 14:34:26,1046,False,False,False,True,0.884
CHK_00257,checkout_abandonment,2019-03-03 10:03:50,CHK_SESSION_000257,CUST_159,3792.27,INR,3792.27,4,2019-03-02 15:54:50,2019-03-02 16:00:50,1083,False,False,False,True,0.602
CHK_00258,checkout_abandonment,2019-04-18 12:53:34,CHK_SESSION_000258,CUST_434,83039.01,INR,83039.01,10,2019-04-17 18:06:34,2019-04-17 18:13:34,1120,False,False,False,True,0.893
CHK_00259,checkout_abandonment,2020-05-27 18:17:08,CHK_SESSION_000259,CUST_733,996.83,INR,996.83,1,2020-05-26 22:52:08,2020-05-26 23:00:08,1157,False,False,False,True,0.593
CHK_00260,checkout_abandonment,2019-07-15 23:43:48,CHK_SESSION_000260,CUST_266,2531.5,INR,2531.5,3,2019-07-15 03:40:48,2019-07-15 03:49:48,1194,False,False,False,True,0.792
CHK_00261,checkout_abandonment,2019-03-03 02:59:13,CHK_SESSION_000261,CUST_139,4106.84,INR,4106.84,4,2019-03-02 06:28:13,2019-03-02 06:28:13,1231,False,False,False,True,0.87
CHK_00262,checkout_abandonment,2020-05-26 09:33:35,CHK_SESSION_000262,CUST_441,7604.46,INR,7604.46,8,2020-05-25 12:24:35,2020-05-25 12:25:35,1268,False,False,False,True,0.883
CHK_00263,checkout_abandonment,2019-10-30 05:59:29,CHK_SESSION_000263,CUST_650,3934.2,INR,3934.2,4,2019-10-29 08:12:29,2019-10-29 08:14:29,1305,False,False,False,True,0.792
CHK_00264,checkout_abandonment,2019-06-16 00:07:53,CHK_SESSION_000264,CUST_890,605.07,INR,605.07,1,2019-06-15 01:42:53,2019-06-15 01:45:53,1342,False,False,False,True,0.489
CHK_00265,checkout_abandonment,2019-07-07 19:38:57,CHK_SESSION_000265,CUST_585,561.91,INR,561.91,1,2019-07-06 20:35:57,2019-07-06 20:39:57,1379,False,False,False,True,0.898
CHK_00266,checkout_abandonment,2019-10-22 16:51:25,CHK_SESSION_000266,CUST_552,1123.82,INR,1123.82,1,2019-10-21 17:10:25,2019-10-21 17:15:25,1416,False,False,False,True,0.889
CHK_00267,checkout_abandonment,2020-04-28 12:24:57,CHK_SESSION_000267,CUST_181,7663.39,INR,7663.39,8,2020-04-28 11:36:57,2020-04-28 11:42:57,42,False,False,False,True,0.983
CHK_00268,checkout_abandonment,2019-11-01 14:59:18,CHK_SESSION_000268,CUST_341,2393.72,INR,2393.72,2,2019-11-01 13:33:18,2019-11-01 13:40:18,79,False,False,False,True,0.793
CHK_00269,checkout_abandonment,2020-01-22 12:00:13,CHK_SESSION_000269,CUST_412,4953.44,INR,4953.44,5,2020-01-22 09:56:13,2020-01-22 10:04:13,116,False,False,False,True,0.594
CHK_00270,checkout_abandonment,2019-08-25 11:21:32,CHK_SESSION_000270,CUST_446,216.63,INR,216.63,1,2019-08-25 08:39:32,2019-08-25 08:48:32,153,False,False,False,True,0.687
CHK_00271,checkout_abandonment,2020-03-05 20:49:43,CHK_SESSION_000271,CUST_183,2622.8,INR,2622.8,3,2020-03-05 17:39:43,2020-03-05 17:39:43,190,False,False,False,True,0.794
CHK_00272,checkout_abandonment,2019-03-21 22:25:48,CHK_SESSION_000272,CUST_712,7898.28,INR,7898.28,8,2019-03-21 18:37:48,2019-03-21 18:38:48,227,False,False,False,True,0.593
CHK_00273,checkout_abandonment,2019-07-31 03:07:35,CHK_SESSION_000273,CUST_683,10135.96,INR,10135.96,10,2019-07-30 22:41:35,2019-07-30 22:43:35,264,False,False,False,True,0.69
CHK_00274,checkout_abandonment,2020-05-23 21:02:57,CHK_SESSION_000274,CUST_106,5355.99,INR,5355.99,5,2020-05-23 15:58:57,2020-05-23 16:01:57,301,False,False,False,True,0.591
CHK_00275,checkout_abandonment,2019-07-08 03:21:37,CHK_SESSION_000275,CUST_653,4004.75,INR,4004.75,4,2019-07-07 21:39:37,2019-07-07 21:43:37,338,False,False,False,True,0.893
CHK_00276,checkout_abandonment,2020-04-12 06:00:33,CHK_SESSION_000276,CUST_558,4038.78,INR,4038.78,4,2020-04-11 23:40:33,2020-04-11 23:45:33,375,False,False,False,True,0.998
CHK_00277,checkout_abandonment,2019-01-30 05:52:01,CHK_SESSION_000277,CUST_551,5764.35,INR,5764.35,6,2019-01-29 22:54:01,2019-01-29 23:00:01,412,False,False,False,True,0.688
CHK_00278,checkout_abandonment,2019-02-05 03:17:14,CHK_SESSION_000278,CUST_352,42520.07,INR,42520.07,10,2019-02-04 19:41:14,2019-02-04 19:48:14,449,False,False,False,True,0.595
CHK_00279,checkout_abandonment,2020-06-01 07:46:19,CHK_SESSION_000279,CUST_900,2104.05,INR,2104.05,2,2020-05-31 23:32:19,2020-05-31 23:40:19,486,False,False,False,True,0.486
CHK_00280,checkout_abandonment,2019-12-13 03:31:21,CHK_SESSION_000280,CUST_148,1955.48,INR,1955.48,2,2019-12-12 18:39:21,2019-12-12 18:48:21,523,False,False,False,True,0.794
CHK_00281,checkout_abandonment,2019-01-16 04:24:09,CHK_SESSION_000281,CUST_84,5922.88,INR,5922.88,6,2019-01-15 19:04:09,2019-01-15 19:04:09,560,False,False,False,True,0.685
CHK_00282,checkout_abandonment,2019-03-15 20:16:32,CHK_SESSION_000282,CUST_766,8803.81,INR,8803.81,9,2019-03-15 10:18:32,2019-03-15 10:19:32,597,False,False,False,True,0.791
CHK_00283,checkout_abandonment,2020-05-21 21:33:40,CHK_SESSION_000283,CUST_95,3442.01,INR,3442.01,3,2020-05-21 10:57:40,2020-05-21 10:59:40,634,False,False,False,True,0.698
CHK_00284,checkout_abandonment,2019-06-11 07:36:06,CHK_SESSION_000284,CUST_444,6293.89,INR,6293.89,6,2019-06-10 20:22:06,2019-06-10 20:25:06,671,False,False,False,True,0.696
CHK_00285,checkout_abandonment,2020-04-16 07:04:34,CHK_SESSION_000285,CUST_488,4046.25,INR,4046.25,4,2020-04-15 19:12:34,2020-04-15 19:16:34,708,False,False,False,True,0.988
CHK_00286,checkout_abandonment,2020-06-01 06:46:41,CHK_SESSION_000286,CUST_678,5199.12,INR,5199.12,5,2020-05-31 18:16:41,2020-05-31 18:21:41,745,False,False,False,True,0.801
CHK_00287,checkout_abandonment,2020-03-17 19:14:14,CHK_SESSION_000287,CUST_689,4299.4,INR,4299.4,4,2020-03-17 06:06:14,2020-03-17 06:12:14,782,False,False,False,True,0.691
CHK_00288,checkout_abandonment,2019-07-07 10:39:12,CHK_SESSION_000288,CUST_372,454.01,INR,454.01,1,2019-07-06 20:53:12,2019-07-06 21:00:12,819,False,False,False,True,0.89
CHK_00289,checkout_abandonment,2019-05-16 20:54:53,CHK_SESSION_000289,CUST_752,7238.43,INR,7238.43,7,2019-05-16 06:30:53,2019-05-16 06:38:53,856,False,False,False,True,0.689
CHK_00290,checkout_abandonment,2019-07-08 14:47:23,CHK_SESSION_000290,CUST_681,11299.62,INR,11299.62,10,2019-07-07 23:45:23,2019-07-07 23:54:23,893,False,False,False,True,0.592
CHK_00291,checkout_abandonment,2020-04-28 13:28:41,CHK_SESSION_000291,CUST_19,267.26,INR,267.26,1,2020-04-27 21:58:41,2020-04-27 21:58:41,930,False,False,False,True,0.891
CHK_00292,checkout_abandonment,2020-01-12 04:36:03,CHK_SESSION_000292,CUST_585,1980.38,INR,1980.38,2,2020-01-11 12:28:03,2020-01-11 12:29:03,967,False,False,False,True,0.898
CHK_00293,checkout_abandonment,2019-01-21 04:41:28,CHK_SESSION_000293,CUST_4,2678.41,INR,2678.41,3,2019-01-20 11:55:28,2019-01-20 11:57:28,1004,False,False,False,True,0.788
CHK_00294,checkout_abandonment,2020-06-15 22:54:37,CHK_SESSION_000294,CUST_62,16667.23,INR,16667.23,10,2020-06-15 05:30:37,2020-06-15 05:33:37,1041,False,False,False,True,0.991
CHK_00295,checkout_abandonment,2019-03-29 07:18:02,CHK_SESSION_000295,CUST_372,3932.54,INR,3932.54,4,2019-03-28 13:16:02,2019-03-28 13:20:02,1078,False,False,False,True,0.89
CHK_00296,checkout_abandonment,2019-06-22 14:43:56,CHK_SESSION_000296,CUST_119,15886.2,INR,15886.2,10,2019-06-21 20:03:56,2019-06-21 20:08:56,1115,False,False,False,True,0.697
CHK_00297,checkout_abandonment,2020-01-19 12:24:06,CHK_SESSION_000297,CUST_597,474.76,INR,474.76,1,2020-01-18 17:06:06,2020-01-18 17:12:06,1152,False,False,False,True,0.799
CHK_00298,checkout_abandonment,2019-06-04 19:19:15,CHK_SESSION_000298,CUST_139,2342.26,INR,2342.26,2,2019-06-03 23:23:15,2019-06-03 23:30:15,1189,False,False,False,True,0.87
CHK_00299,checkout_abandonment,2019-06-07 13:08:40,CHK_SESSION_000299,CUST_488,1865.01,INR,1865.01,2,2019-06-06 16:34:40,2019-06-06 16:42:40,1226,False,False,False,True,0.988
CHK_00300,checkout_abandonment,2019-12-27 04:42:25,CHK_SESSION_000300,CUST_336,7975.47,INR,7975.47,8,2019-12-26 07:30:25,2019-12-26 07:39:25,1263,False,False,False,True,0.695
CHK_00301,checkout_abandonment,2020-04-10 13:41:39,CHK_SESSION_000301,CUST_115,684.75,INR,684.75,1,2020-04-09 16:01:39,2020-04-09 16:01:39,1300,False,False,False,True,0.978
CHK_00302,checkout_abandonment,2019-12-23 18:14:01,CHK_SESSION_000302,CUST_70,7991.24,INR,7991.24,8,2019-12-22 19:56:01,2019-12-22 19:57:01,1337,False,False,False,True,0.965
CHK_00303,checkout_abandonment,2019-03-05 19:54:20,CHK_SESSION_000303,CUST_84,849.92,INR,849.92,1,2019-03-04 20:58:20,2019-03-04 21:00:20,1374,False,False,False,True,0.685
CHK_00304,checkout_abandonment,2019-12-02 16:00:59,CHK_SESSION_000304,CUST_138,17157.76,INR,17157.76,10,2019-12-01 16:26:59,2019-12-01 16:29:59,1411,False,False,False,True,0.981
CHK_00305,checkout_abandonment,2019-09-08 21:52:37,CHK_SESSION_000305,CUST_302,475.59,INR,475.59,1,2019-09-08 21:11:37,2019-09-08 21:15:37,37,False,False,False,True,0.594
CHK_00306,checkout_abandonment,2019-09-15 11:13:38,CHK_SESSION_000306,CUST_792,3815.51,INR,3815.51,4,2019-09-15 09:54:38,2019-09-15 09:59:38,74,False,False,False,True,0.695
CHK_00307,checkout_abandonment,2020-04-28 17:29:19,CHK_SESSION_000307,CUST_256,3149.02,INR,3149.02,3,2020-04-28 15:32:19,2020-04-28 15:38:19,111,False,False,False,True,0.789
CHK_00308,checkout_abandonment,2019-05-21 11:49:47,CHK_SESSION_000308,CUST_271,5981.81,INR,5981.81,6,2019-05-21 09:14:47,2019-05-21 09:21:47,148,False,False,False,True,0.592
CHK_00309,checkout_abandonment,2019-12-22 11:37:58,CHK_SESSION_000309,CUST_761,8416.2,INR,8416.2,8,2019-12-22 08:24:58,2019-12-22 08:32:58,185,False,False,False,True,0.491
CHK_00310,checkout_abandonment,2019-09-22 05:31:47,CHK_SESSION_000310,CUST_249,528.71,INR,528.71,1,2019-09-22 01:40:47,2019-09-22 01:49:47,222,False,False,False,True,0.787
CHK_00311,checkout_abandonment,2019-07-12 17:37:59,CHK_SESSION_000311,CUST_774,561.08,INR,561.08,1,2019-07-12 13:18:59,2019-07-12 13:18:59,259,False,False,False,True,0.792
CHK_00312,checkout_abandonment,2019-12-15 01:03:17,CHK_SESSION_000312,CUST_840,785.18,INR,785.18,1,2019-12-14 20:06:17,2019-12-14 20:07:17,296,False,False,False,True,0.596
CHK_00313,checkout_abandonment,2019-07-17 07:12:46,CHK_SESSION_000313,CUST_23,9350.78,INR,9350.78,9,2019-07-17 01:37:46,2019-07-17 01:39:46,333,False,False,False,True,0.788
CHK_00314,checkout_abandonment,2019-03-29 02:26:55,CHK_SESSION_000314,CUST_319,811.74,INR,811.74,1,2019-03-28 20:13:55,2019-03-28 20:16:55,370,False,False,False,True,0.696
CHK_00315,checkout_abandonment,2020-05-24 21:08:03,CHK_SESSION_000315,CUST_639,10559.26,INR,10559.26,10,2020-05-24 14:17:03,2020-05-24 14:21:03,407,False,False,False,True,0.695
CHK_00316,checkout_abandonment,2019-12-02 22:37:15,CHK_SESSION_000316,CUST_622,377.65,INR,377.65,1,2019-12-02 15:08:15,2019-12-02 15:13:15,444,False,False,False,True,0.9
CHK_00317,checkout_abandonment,2019-09-25 07:44:40,CHK_SESSION_000317,CUST_445,156.04,INR,156.04,1,2019-09-24 23:37:40,2019-09-24 23:43:40,481,False,False,False,True,0.9
CHK_00318,checkout_abandonment,2019-10-08 20:08:12,CHK_SESSION_000318,CUST_622,6371.08,INR,6371.08,6,2019-10-08 11:23:12,2019-10-08 11:30:12,518,False,False,False,True,0.9
CHK_00319,checkout_abandonment,2020-05-22 03:00:30,CHK_SESSION_000319,CUST_114,8466.83,INR,8466.83,8,2020-05-21 17:37:30,2020-05-21 17:45:30,555,False,False,False,True,0.497
CHK_00320,checkout_abandonment,2019-04-16 23:48:58,CHK_SESSION_000320,CUST_21,5355.16,INR,5355.16,5,2019-04-16 13:47:58,2019-04-16 13:56:58,592,False,False,False,True,0.698
CHK_00321,checkout_abandonment,2020-02-10 13:13:23,CHK_SESSION_000321,CUST_581,927.11,INR,927.11,1,2020-02-10 02:44:23,2020-02-10 02:44:23,629,False,False,False,True,0.796
CHK_00322,checkout_abandonment,2019-04-17 09:00:25,CHK_SESSION_000322,CUST_468,341.13,INR,341.13,1,2019-04-16 21:53:25,2019-04-16 21:54:25,666,False,False,False,True,0.693
CHK_00323,checkout_abandonment,2019-11-04 08:20:06,CHK_SESSION_000323,CUST_119,381.8,INR,381.8,1,2019-11-03 20:35:06,2019-11-03 20:37:06,703,False,False,False,True,0.697
CHK_00324,checkout_abandonment,2019-02-15 14:29:47,CHK_SESSION_000324,CUST_374,8519.95,INR,8519.95,9,2019-02-15 02:06:47,2019-02-15 02:09:47,740,False,False,False,True,0.696
CHK_00325,checkout_abandonment,2019-05-26 05:59:17,CHK_SESSION_000325,CUST_685,234.89,INR,234.89,1,2019-05-25 16:58:17,2019-05-25 17:02:17,777,False,False,False,True,0.602
CHK_00326,checkout_abandonment,2020-03-24 03:24:45,CHK_SESSION_000326,CUST_23,3449.48,INR,3449.48,3,2020-03-23 13:45:45,2020-03-23 13:50:45,814,False,False,False,True,0.788
CHK_00327,checkout_abandonment,2019-10-23 11:42:07,CHK_SESSION_000327,CUST_584,516.26,INR,516.26,1,2019-10-22 21:25:07,2019-10-22 21:31:07,851,False,False,False,True,0.689
CHK_00328,checkout_abandonment,2019-12-02 08:01:30,CHK_SESSION_000328,CUST_692,8774.76,INR,8774.76,9,2019-12-01 17:06:30,2019-12-01 17:13:30,888,False,False,False,True,0.892
CHK_00329,checkout_abandonment,2020-06-08 17:14:18,CHK_SESSION_000329,CUST_71,9028.74,INR,9028.74,9,2020-06-08 01:41:18,2020-06-08 01:49:18,925,False,False,False,True,0.599
CHK_00330,checkout_abandonment,2019-11-03 05:39:52,CHK_SESSION_000330,CUST_715,106.24,INR,106.24,1,2019-11-02 13:28:52,2019-11-02 13:37:52,962,False,False,False,True,0.888
CHK_00331,checkout_abandonment,2019-01-14 21:49:38,CHK_SESSION_000331,CUST_755,2662.64,INR,2662.64,3,2019-01-14 05:10:38,2019-01-14 05:10:38,999,False,False,False,True,0.97
CHK_00332,checkout_abandonment,2019-08-25 06:42:43,CHK_SESSION_000332,CUST_353,1435.07,INR,1435.07,1,2019-08-24 13:25:43,2019-08-24 13:26:43,1036,False,False,False,True,0.589
CHK_00333,checkout_abandonment,2019-06-09 07:08:49,CHK_SESSION_000333,CUST_113,4501.92,INR,4501.92,5,2019-06-08 13:13:49,2019-06-08 13:15:49,1073,False,False,False,True,0.782
CHK_00334,checkout_abandonment,2020-05-11 19:34:58,CHK_SESSION_000334,CUST_6,5694.63,INR,5694.63,6,2020-05-11 01:01:58,2020-05-11 01:04:58,1110,False,False,False,True,0.792
CHK_00335,checkout_abandonment,2019-12-29 06:53:39,CHK_SESSION_000335,CUST_188,4661.28,INR,4661.28,5,2019-12-28 11:42:39,2019-12-28 11:46:39,1147,False,False,False,True,0.79
CHK_00336,checkout_abandonment,2019-01-15 10:23:08,CHK_SESSION_000336,CUST_131,463.97,INR,463.97,1,2019-01-14 14:34:08,2019-01-14 14:39:08,1184,False,False,False,True,0.695
CHK_00337,checkout_abandonment,2019-02-27 17:26:50,CHK_SESSION_000337,CUST_467,553.61,INR,553.61,1,2019-02-26 20:59:50,2019-02-26 21:05:50,1221,False,False,False,True,0.895
CHK_00338,checkout_abandonment,2020-04-06 03:45:52,CHK_SESSION_000338,CUST_765,7052.51,INR,7052.51,7,2020-04-05 06:40:52,2020-04-05 06:47:52,1258,False,False,False,True,0.593
CHK_00339,checkout_abandonment,2020-06-09 10:53:52,CHK_SESSION_000339,CUST_86,157.7,INR,157.7,1,2020-06-08 13:10:52,2020-06-08 13:18:52,1295,False,False,False,True,0.999
CHK_00340,checkout_abandonment,2019-12-04 09:44:44,CHK_SESSION_000340,CUST_609,566.06,INR,566.06,1,2019-12-03 11:23:44,2019-12-03 11:32:44,1332,False,False,False,True,0.69
CHK_00341,checkout_abandonment,2019-12-09 10:00:25,CHK_SESSION_000341,CUST_155,6931.33,INR,6931.33,7,2019-12-08 11:11:25,2019-12-08 11:11:25,1369,False,False,False,True,0.69
CHK_00342,checkout_abandonment,2019-08-26 01:51:19,CHK_SESSION_000342,CUST_619,827.51,INR,827.51,1,2019-08-25 02:24:19,2019-08-25 02:25:19,1406,False,False,False,True,0.784
CHK_00343,checkout_abandonment,2019-11-04 12:01:34,CHK_SESSION_000343,CUST_857,266.43,INR,266.43,1,2019-11-04 11:27:34,2019-11-04 11:29:34,32,False,False,False,True,0.596
CHK_00344,checkout_abandonment,2020-06-19 18:10:18,CHK_SESSION_000344,CUST_335,5650.64,INR,5650.64,6,2020-06-19 16:58:18,2020-06-19 17:01:18,69,False,False,False,True,0.696
CHK_00345,checkout_abandonment,2019-12-04 07:55:39,CHK_SESSION_000345,CUST_131,11974.41,INR,11974.41,10,2019-12-04 06:05:39,2019-12-04 06:09:39,106,False,False,False,True,0.695
CHK_00346,checkout_abandonment,2020-03-03 21:58:36,CHK_SESSION_000346,CUST_790,1654.19,INR,1654.19,2,2020-03-03 19:30:36,2020-03-03 19:35:36,143,False,False,False,True,0.695
CHK_00347,checkout_abandonment,2019-08-17 05:46:05,CHK_SESSION_000347,CUST_590,561.08,INR,561.08,1,2019-08-17 02:40:05,2019-08-17 02:46:05,180,False,False,False,True,0.792
CHK_00348,checkout_abandonment,2020-06-14 06:44:15,CHK_SESSION_000348,CUST_34,273.07,INR,273.07,1,2020-06-14 03:00:15,2020-06-14 03:07:15,217,False,False,False,True,0.695
CHK_00349,checkout_abandonment,2019-08-25 08:36:40,CHK_SESSION_000349,CUST_356,807.59,INR,807.59,1,2019-08-25 04:14:40,2019-08-25 04:22:40,254,False,False,False,True,0.792
CHK_00350,checkout_abandonment,2019-11-24 23:19:05,CHK_SESSION_000350,CUST_148,9081.86,INR,9081.86,9,2019-11-24 18:19:05,2019-11-24 18:28:05,291,False,False,False,True,0.794
CHK_00351,checkout_abandonment,2019-03-28 01:14:03,CHK_SESSION_000351,CUST_745,136.12,INR,136.12,1,2019-03-27 19:46:03,2019-03-27 19:46:03,328,False,False,False,True,0.785
CHK_00352,checkout_abandonment,2019-05-05 02:20:21,CHK_SESSION_000352,CUST_521,499.66,INR,499.66,1,2019-05-04 20:14:21,2019-05-04 20:15:21,365,False,False,False,True,0.698
CHK_00353,checkout_abandonment,2019-06-23 18:33:48,CHK_SESSION_000353,CUST_688,3332.45,INR,3332.45,3,2019-06-23 11:49:48,2019-06-23 11:51:48,402,False,False,False,True,0.789
CHK_00354,checkout_abandonment,2020-05-09 22:48:42,CHK_SESSION_000354,CUST_28,3731.68,INR,3731.68,4,2020-05-09 15:26:42,2020-05-09 15:29:42,439,False,False,False,True,0.598
CHK_00355,checkout_abandonment,2020-06-07 00:20:26,CHK_SESSION_000355,CUST_309,1726.4,INR,1726.4,2,2020-06-06 16:20:26,2020-06-06 16:24:26,476,False,False,False,True,0.589
CHK_00356,checkout_abandonment,2020-02-25 06:09:30,CHK_SESSION_000356,CUST_420,494.68,INR,494.68,1,2020-02-24 21:31:30,2020-02-24 21:36:30,513,False,False,False,True,0.79
CHK_00357,checkout_abandonment,2019-08-26 09:44:55,CHK_SESSION_000357,CUST_69,673.96,INR,673.96,1,2019-08-26 00:28:55,2019-08-26 00:34:55,550,False,False,False,True,0.795
CHK_00358,checkout_abandonment,2019-07-28 09:54:24,CHK_SESSION_000358,CUST_458,4537.61,INR,4537.61,5,2019-07-28 00:00:24,2019-07-28 00:07:24,587,False,False,False,True,0.695
CHK_00359,checkout_abandonment,2019-04-01 06:26:40,CHK_SESSION_000359,CUST_420,7261.67,INR,7261.67,7,2019-03-31 19:54:40,2019-03-31 20:02:40,624,False,False,False,True,0.79
CHK_00360,checkout_abandonment,2019-05-04 17:22:52,CHK_SESSION_000360,CUST_168,3915.94,INR,3915.94,4,2019-05-04 06:12:52,2019-05-04 06:21:52,661,False,False,False,True,0.895
CHK_00361,checkout_abandonment,2020-04-09 01:02:20,CHK_SESSION_000361,CUST_732,7006.86,INR,7006.86,7,2020-04-08 13:24:20,2020-04-08 13:24:20,698,False,False,False,True,0.491
CHK_00362,checkout_abandonment,2019-12-16 15:50:33,CHK_SESSION_000362,CUST_17,5547.72,INR,5547.72,6,2019-12-16 03:34:33,2019-12-16 03:35:33,735,False,False,False,True,0.597
CHK_00363,checkout_abandonment,2019-02-06 20:08:57,CHK_SESSION_000363,CUST_365,5116.12,INR,5116.12,5,2019-02-06 07:14:57,2019-02-06 07:16:57,772,False,False,False,True,0.497
CHK_00364,checkout_abandonment,2019-11-12 05:12:11,CHK_SESSION_000364,CUST_64,6619.25,INR,6619.25,7,2019-11-11 15:40:11,2019-11-11 15:43:11,809,False,False,False,True,0.594
CHK_00365,checkout_abandonment,2019-05-26 19:11:29,CHK_SESSION_000365,CUST_198,3686.03,INR,3686.03,4,2019-05-26 05:01:29,2019-05-26 05:05:29,846,False,False,False,True,0.591
CHK_00366,checkout_abandonment,2019-11-12 00:30:27,CHK_SESSION_000366,CUST_416,3119.97,INR,3119.97,3,2019-11-11 09:42:27,2019-11-11 09:47:27,883,False,False,False,True,0.587
CHK_00367,checkout_abandonment,2019-08-10 08:15:27,CHK_SESSION_000367,CUST_68,503.81,INR,503.81,1,2019-08-09 16:49:27,2019-08-09 16:55:27,920,False,False,False,True,1.0
CHK_00368,checkout_abandonment,2019-10-09 15:03:54,CHK_SESSION_000368,CUST_864,6373.57,INR,6373.57,6,2019-10-08 22:59:54,2019-10-08 23:06:54,957,False,False,False,True,0.597
CHK_00369,checkout_abandonment,2020-01-16 20:25:15,CHK_SESSION_000369,CUST_351,1804.42,INR,1804.42,2,2020-01-16 03:43:15,2020-01-16 03:51:15,994,False,False,False,True,0.59
CHK_00370,checkout_abandonment,2020-04-26 06:56:15,CHK_SESSION_000370,CUST_539,86922.58,INR,86922.58,10,2020-04-25 13:36:15,2020-04-25 13:45:15,1031,False,False,False,True,0.981
CHK_00371,checkout_abandonment,2020-06-09 09:24:35,CHK_SESSION_000371,CUST_611,527.05,INR,527.05,1,2020-06-08 15:36:35,2020-06-08 15:36:35,1068,False,False,False,True,0.961
CHK_00372,checkout_abandonment,2019-04-20 10:35:15,CHK_SESSION_000372,CUST_80,692.22,INR,692.22,1,2019-04-19 16:09:15,2019-04-19 16:10:15,1105,False,False,False,True,0.994
CHK_00373,checkout_abandonment,2019-05-28 16:58:46,CHK_SESSION_000373,CUST_239,1233.38,INR,1233.38,1,2019-05-27 21:54:46,2019-05-27 21:56:46,1142,False,False,False,True,0.686
CHK_00374,checkout_abandonment,2019-12-09 11:39:15,CHK_SESSION_000374,CUST_619,3083.45,INR,3083.45,3,2019-12-08 15:57:15,2019-12-08 16:00:15,1179,False,False,False,True,0.784
CHK_00375,checkout_abandonment,2019-11-26 20:01:11,CHK_SESSION_000375,CUST_84,49585.03,INR,49585.03,10,2019-11-25 23:41:11,2019-11-25 23:45:11,1216,False,False,False,True,0.685
CHK_00376,checkout_abandonment,2020-03-15 11:37:35,CHK_SESSION_000376,CUST_202,724.59,INR,724.59,1,2020-03-14 14:39:35,2020-03-14 14:44:35,1253,False,False,False,True,0.89
CHK_00377,checkout_abandonment,2020-02-03 23:22:59,CHK_SESSION_000377,CUST_695,346068.5,INR,346068.5,10,2020-02-03 01:46:59,2020-02-03 01:52:59,1290,False,False,False,True,0.495
CHK_00378,checkout_abandonment,2019-12-24 13:16:18,CHK_SESSION_000378,CUST_33,8568.92,INR,8568.92,9,2019-12-23 15:02:18,2019-12-23 15:09:18,1327,False,False,False,True,0.989
CHK_00379,checkout_abandonment,2020-02-27 13:27:53,CHK_SESSION_000379,CUST_540,8985.58,INR,8985.58,9,2020-02-26 14:35:53,2020-02-26 14:43:53,1364,False,False,False,True,0.897
CHK_00380,checkout_abandonment,2019-01-08 03:24:47,CHK_SESSION_000380,CUST_21,785.18,INR,785.18,1,2019-01-07 03:54:47,2019-01-07 04:03:47,1401,False,False,False,True,0.698
CHK_00381,checkout_abandonment,2020-04-04 15:55:48,CHK_SESSION_000381,CUST_172,2848.56,INR,2848.56,3,2020-04-03 15:57:48,2020-04-03 15:57:48,1438,False,False,False,True,0.698
CHK_00382,checkout_abandonment,2020-04-27 04:49:39,CHK_SESSION_000382,CUST_57,8902.58,INR,8902.58,9,2020-04-27 03:44:39,2020-04-27 03:45:39,64,False,False,False,True,0.686
CHK_00383,checkout_abandonment,2019-01-04 19:11:54,CHK_SESSION_000383,CUST_778,267.26,INR,267.26,1,2019-01-04 17:28:54,2019-01-04 17:30:54,101,False,False,False,True,0.793
CHK_00384,checkout_abandonment,2019-05-30 03:09:11,CHK_SESSION_000384,CUST_11,3559.87,INR,3559.87,4,2019-05-30 00:48:11,2019-05-30 00:51:11,138,False,False,False,True,0.786
CHK_00385,checkout_abandonment,2019-06-08 02:20:44,CHK_SESSION_000385,CUST_370,405.87,INR,405.87,1,2019-06-07 23:21:44,2019-06-07 23:25:44,175,False,False,False,True,0.692
CHK_00386,checkout_abandonment,2019-06-23 10:38:10,CHK_SESSION_000386,CUST_627,12537.15,INR,12537.15,10,2019-06-23 07:01:10,2019-06-23 07:06:10,212,False,False,False,True,0.595
CHK_00387,checkout_abandonment,2019-04-15 22:21:59,CHK_SESSION_000387,CUST_609,12658.33,INR,12658.33,10,2019-04-15 18:06:59,2019-04-15 18:12:59,249,False,False,False,True,0.69
CHK_00388,checkout_abandonment,2020-05-16 00:24:07,CHK_SESSION_000388,CUST_422,888.1,INR,888.1,1,2020-05-15 19:31:07,2020-05-15 19:38:07,286,False,False,False,True,0.702
CHK_00389,checkout_abandonment,2019-11-06 06:20:39,CHK_SESSION_000389,CUST_606,327.85,INR,327.85,1,2019-11-06 00:49:39,2019-11-06 00:57:39,323,False,False,False,True,0.692
CHK_00390,checkout_abandonment,2020-04-20 19:03:53,CHK_SESSION_000390,CUST_495,22192.54,INR,22192.54,10,2020-04-20 12:54:53,2020-04-20 13:03:53,360,False,False,False,True,0.79
CHK_00391,checkout_abandonment,2019-02-14 18:54:19,CHK_SESSION_000391,CUST_550,333.66,INR,333.66,1,2019-02-14 12:17:19,2019-02-14 12:17:19,397,False,False,False,True,0.701
CHK_00392,checkout_abandonment,2019-08-27 01:13:24,CHK_SESSION_000392,CUST_22,682.26,INR,682.26,1,2019-08-26 17:58:24,2019-08-26 17:59:24,434,False,False,False,True,0.99
CHK_00393,checkout_abandonment,2019-06-18 15:10:50,CHK_SESSION_000393,CUST_607,8983.09,INR,8983.09,9,2019-06-18 07:17:50,2019-06-18 07:19:50,471,False,False,False,True,0.792
CHK_00394,checkout_abandonment,2019-12-22 23:11:32,CHK_SESSION_000394,CUST_800,44976.04,INR,44976.04,10,2019-12-22 14:40:32,2019-12-22 14:43:32,508,False,False,False,True,0.5
CHK_00395,checkout_abandonment,2020-01-02 06:51:34,CHK_SESSION_000395,CUST_644,7135.51,INR,7135.51,7,2020-01-01 21:42:34,2020-01-01 21:46:34,545,False,False,False,True,0.795
CHK_00396,checkout_abandonment,2020-05-09 08:03:33,CHK_SESSION_000396,CUST_511,6278.12,INR,6278.12,6,2020-05-08 22:16:33,2020-05-08 22:21:33,582,False,False,False,True,0.592
CHK_00397,checkout_abandonment,2019-04-20 21:41:12,CHK_SESSION_000397,CUST_656,7346.33,INR,7346.33,7,2019-04-20 11:16:12,2019-04-20 11:22:12,619,False,False,False,True,0.692
CHK_00398,checkout_abandonment,2019-06-17 12:18:03,CHK_SESSION_000398,CUST_450,6366.1,INR,6366.1,6,2019-06-17 01:15:03,2019-06-17 01:22:03,656,False,False,False,True,0.884
CHK_00399,checkout_abandonment,2019-12-11 23:56:04,CHK_SESSION_000399,CUST_363,6634.19,INR,6634.19,7,2019-12-11 12:15:04,2019-12-11 12:23:04,693,False,False,False,True,0.594
CHK_00400,checkout_abandonment,2019-11-11 12:56:35,CHK_SESSION_000400,CUST_276,822.53,INR,822.53,1,2019-11-11 00:37:35,2019-11-11 00:46:35,730,False,False,False,True,0.694
CHK_00401,checkout_abandonment,2019-07-16 21:50:34,CHK_SESSION_000401,CUST_161,7035.91,INR,7035.91,7,2019-07-16 09:03:34,2019-07-16 09:03:34,767,False,False,False,True,0.492
CHK_00402,checkout_abandonment,2019-09-01 02:49:22,CHK_SESSION_000402,CUST_396,1415.98,INR,1415.98,1,2019-08-31 13:24:22,2019-08-31 13:25:22,804,False,False,False,True,0.794
CHK_00403,checkout_abandonment,2019-12-08 16:30:12,CHK_SESSION_000403,CUST_667,2996.3,INR,2996.3,3,2019-12-08 02:27:12,2019-12-08 02:29:12,841,False,False,False,True,0.693
CHK_00404,checkout_abandonment,2019-04-20 11:39:17,CHK_SESSION_000404,CUST_468,668.15,INR,668.15,1,2019-04-19 20:58:17,2019-04-19 21:01:17,878,False,False,False,True,0.693
CHK_00405,checkout_abandonment,2020-04-07 01:47:20,CHK_SESSION_000405,CUST_491,4337.58,INR,4337.58,4,2020-04-06 10:28:20,2020-04-06 10:32:20,915,False,False,False,True,0.595
CHK_00406,checkout_abandonment,2019-10-18 08:06:35,CHK_SESSION_000406,CUST_327,114.54,INR,114.54,1,2019-10-17 16:09:35,2019-10-17 16:14:35,952,False,False,False,True,0.692
CHK_00407,checkout_abandonment,2019-04-13 01:08:55,CHK_SESSION_000407,CUST_653,5717.87,INR,5717.87,6,2019-04-12 08:33:55,2019-04-12 08:39:55,989,False,False,False,True,0.893
CHK_00408,checkout_abandonment,2019-07-04 23:13:42,CHK_SESSION_000408,CUST_858,2669.28,INR,2669.28,3,2019-07-04 06:00:42,2019-07-04 06:07:42,1026,False,False,False,True,0.491
CHK_00409,checkout_abandonment,2019-06-05 19:16:17,CHK_SESSION_000409,CUST_17,730.4,INR,730.4,1,2019-06-05 01:25:17,2019-06-05 01:33:17,1063,False,False,False,True,0.597
CHK_00410,checkout_abandonment,2019-08-24 13:32:02,CHK_SESSION_000410,CUST_335,205.84,INR,205.84,1,2019-08-23 19:03:02,2019-08-23 19:12:02,1100,False,False,False,True,0.696
CHK_00411,checkout_abandonment,2019-04-03 09:55:31,CHK_SESSION_000411,CUST_787,2896.7,INR,2896.7,3,2019-04-02 14:58:31,2019-04-02 14:58:31,1137,False,False,False,True,0.688
CHK_00412,checkout_abandonment,2019-05-14 08:31:15,CHK_SESSION_000412,CUST_558,227.42,INR,227.42,1,2019-05-13 12:56:15,2019-05-13 12:57:15,1174,False,False,False,True,0.998
CHK_00413,checkout_abandonment,2019-04-08 01:07:10,CHK_SESSION_000413,CUST_804,7206.89,INR,7206.89,7,2019-04-07 04:54:10,2019-04-07 04:56:10,1211,False,False,False,True,0.593
CHK_00414,checkout_abandonment,2019-04-01 17:59:12,CHK_SESSION_000414,CUST_124,804.27,INR,804.27,1,2019-03-31 21:08:12,2019-03-31 21:11:12,1248,False,False,False,True,0.991
CHK_00415,checkout_abandonment,2019-11-07 21:38:13,CHK_SESSION_000415,CUST_67,5178.37,INR,5178.37,5,2019-11-07 00:09:13,2019-11-07 00:13:13,1285,False,False,False,True,0.79
CHK_00416,checkout_abandonment,2019-06-30 06:41:41,CHK_SESSION_000416,CUST_145,4919.41,INR,4919.41,5,2019-06-29 08:34:41,2019-06-29 08:39:41,1322,False,False,False,True,0.701
CHK_00417,checkout_abandonment,2019-10-05 17:51:12,CHK_SESSION_000417,CUST_90,19917.51,INR,19917.51,10,2019-10-04 19:06:12,2019-10-04 19:12:12,1359,False,False,False,True,0.696
CHK_00418,checkout_abandonment,2020-01-14 06:47:42,CHK_SESSION_000418,CUST_355,358.56,INR,358.56,1,2020-01-13 07:24:42,2020-01-13 07:31:42,1396,False,False,False,True,0.698
CHK_00419,checkout_abandonment,2019-09-08 23:20:04,CHK_SESSION_000419,CUST_394,1467.44,INR,1467.44,1,2019-09-07 23:19:04,2019-09-07 23:27:04,1433,False,False,False,True,0.596
CHK_00420,checkout_abandonment,2019-04-28 12:16:03,CHK_SESSION_000420,CUST_594,4594.88,INR,4594.88,5,2019-04-28 11:08:03,2019-04-28 11:17:03,59,False,False,False,True,0.489
CHK_00421,checkout_abandonment,2019-12-15 12:30:29,CHK_SESSION_000421,CUST_140,219.95,INR,219.95,1,2019-12-15 10:54:29,2019-12-15 10:54:29,96,False,False,False,True,0.594
CHK_00422,checkout_abandonment,2020-06-15 19:21:45,CHK_SESSION_000422,CUST_123,2169.62,INR,2169.62,2,2020-06-15 17:07:45,2020-06-15 17:08:45,133,False,False,False,True,0.589
CHK_00423,checkout_abandonment,2020-05-19 05:05:39,CHK_SESSION_000423,CUST_630,3856.18,INR,3856.18,4,2020-05-19 02:13:39,2020-05-19 02:15:39,170,False,False,False,True,0.801
CHK_00424,checkout_abandonment,2020-01-01 18:08:39,CHK_SESSION_000424,CUST_670,3159.81,INR,3159.81,3,2020-01-01 14:38:39,2020-01-01 14:41:39,207,False,False,False,True,0.802
CHK_00425,checkout_abandonment,2019-01-19 19:08:56,CHK_SESSION_000425,CUST_833,6279.78,INR,6279.78,6,2019-01-19 15:00:56,2019-01-19 15:04:56,244,False,False,False,True,0.5
CHK_00426,checkout_abandonment,2019-01-03 00:23:16,CHK_SESSION_000426,CUST_25,2895.04,INR,2895.04,3,2019-01-02 19:37:16,2019-01-02 19:42:16,281,False,False,False,True,0.688
CHK_00427,checkout_abandonment,2019-05-16 21:01:50,CHK_SESSION_000427,CUST_299,4027.16,INR,4027.16,4,2019-05-16 15:37:50,2019-05-16 15:43:50,318,False,False,False,True,0.701
CHK_00428,checkout_abandonment,2019-03-29 00:47:38,CHK_SESSION_000428,CUST_449,327.85,INR,327.85,1,2019-03-28 18:45:38,2019-03-28 18:52:38,355,False,False,False,True,0.789
CHK_00429,checkout_abandonment,2020-06-05 17:10:21,CHK_SESSION_000429,CUST_763,10908.69,INR,10908.69,10,2020-06-05 10:30:21,2020-06-05 10:38:21,392,False,False,False,True,0.49
CHK_00430,checkout_abandonment,2020-05-20 05:49:45,CHK_SESSION_000430,CUST_313,141.1,INR,141.1,1,2020-05-19 22:31:45,2020-05-19 22:40:45,429,False,False,False,True,0.692
CHK_00431,checkout_abandonment,2019-09-19 02:34:29,CHK_SESSION_000431,CUST_43,8956.53,INR,8956.53,9,2019-09-18 18:48:29,2019-09-18 18:48:29,466,False,False,False,True,0.794
CHK_00432,checkout_abandonment,2020-03-08 07:49:42,CHK_SESSION_000432,CUST_549,9039.53,INR,9039.53,9,2020-03-07 23:25:42,2020-03-07 23:26:42,503,False,False,False,True,0.805
CHK_00433,checkout_abandonment,2019-02-13 05:28:03,CHK_SESSION_000433,CUST_420,1468.27,INR,1468.27,1,2019-02-12 20:26:03,2019-02-12 20:28:03,540,False,False,False,True,0.79
CHK_00434,checkout_abandonment,2020-03-29 09:27:38,CHK_SESSION_000434,CUST_310,62354.58,INR,62354.58,10,2020-03-28 23:47:38,2020-03-28 23:50:38,577,False,False,False,True,0.696
CHK_00435,checkout_abandonment,2020-05-04 22:15:19,CHK_SESSION_000435,CUST_705,4764.2,INR,4764.2,5,2020-05-04 11:57:19,2020-05-04 12:01:19,614,False,False,False,True,0.888
CHK_00436,checkout_abandonment,2019-12-29 09:53:19,CHK_SESSION_000436,CUST_202,11133.62,INR,11133.62,10,2019-12-28 22:57:19,2019-12-28 23:02:19,651,False,False,False,True,0.89
CHK_00437,checkout_abandonment,2019-06-04 03:11:29,CHK_SESSION_000437,CUST_537,5141.85,INR,5141.85,5,2019-06-03 15:37:29,2019-06-03 15:43:29,688,False,False,False,True,0.792
CHK_00438,checkout_abandonment,2019-01-24 12:51:32,CHK_SESSION_000438,CUST_600,5093.71,INR,5093.71,5,2019-01-24 00:39:32,2019-01-24 00:46:32,725,False,False,False,True,0.588
CHK_00439,checkout_abandonment,2019-11-16 10:35:05,CHK_SESSION_000439,CUST_865,9930.12,INR,9930.12,10,2019-11-15 21:45:05,2019-11-15 21:53:05,762,False,False,False,True,0.695
CHK_00440,checkout_abandonment,2019-03-31 20:14:51,CHK_SESSION_000440,CUST_530,10341.8,INR,10341.8,10,2019-03-31 06:46:51,2019-03-31 06:55:51,799,False,False,False,True,0.783
CHK_00441,checkout_abandonment,2020-06-08 14:59:01,CHK_SESSION_000441,CUST_702,4574.13,INR,4574.13,5,2020-06-08 01:03:01,2020-06-08 01:03:01,836,False,False,False,True,0.696
CHK_00442,checkout_abandonment,2020-02-12 08:13:51,CHK_SESSION_000442,CUST_285,2256.77,INR,2256.77,2,2020-02-11 17:39:51,2020-02-11 17:40:51,873,False,False,False,True,0.794
CHK_00443,checkout_abandonment,2019-06-01 21:41:22,CHK_SESSION_000443,CUST_348,4507.73,INR,4507.73,5,2019-06-01 06:29:22,2019-06-01 06:31:22,910,False,False,False,True,0.994
CHK_00444,checkout_abandonment,2020-05-24 01:13:50,CHK_SESSION_000444,CUST_486,2792.95,INR,2792.95,3,2020-05-23 09:23:50,2020-05-23 09:26:50,947,False,False,False,True,0.889
CHK_00445,checkout_abandonment,2020-02-24 14:36:53,CHK_SESSION_000445,CUST_765,500.49,INR,500.49,1,2020-02-23 22:08:53,2020-02-23 22:12:53,984,False,False,False,True,0.593
CHK_00446,checkout_abandonment,2019-10-19 14:47:08,CHK_SESSION_000446,CUST_751,3294.27,INR,3294.27,3,2019-10-18 21:41:08,2019-10-18 21:46:08,1021,False,False,False,True,0.588
CHK_00447,checkout_abandonment,2019-03-12 03:12:11,CHK_SESSION_000447,CUST_556,16212.39,INR,16212.39,10,2019-03-11 09:28:11,2019-03-11 09:34:11,1058,False,False,False,True,0.586
CHK_00448,checkout_abandonment,2020-03-21 09:43:57,CHK_SESSION_000448,CUST_798,86788.95,INR,86788.95,10,2020-03-20 15:21:57,2020-03-20 15:28:57,1095,False,False,False,True,0.692
CHK_00449,checkout_abandonment,2019-01-15 18:04:50,CHK_SESSION_000449,CUST_253,7958.04,INR,7958.04,8,2019-01-14 23:04:50,2019-01-14 23:12:50,1132,False,False,False,True,0.695
CHK_00450,checkout_abandonment,2019-03-26 11:06:22,CHK_SESSION_000450,CUST_133,1933.07,INR,1933.07,2,2019-03-25 15:28:22,2019-03-25 15:37:22,1169,False,False,False,True,0.883
CHK_00451,checkout_abandonment,2019-02-21 09:11:57,CHK_SESSION_000451,CUST_351,1455.82,INR,1455.82,1,2019-02-20 13:05:57,2019-02-20 13:05:57,1206,False,False,False,True,0.59
CHK_00452,checkout_abandonment,2019-10-03 08:39:42,CHK_SESSION_000452,CUST_109,27737.77,INR,27737.77,10,2019-10-02 11:55:42,2019-10-02 11:56:42,1243,False,False,False,True,0.688
CHK_00453,checkout_abandonment,2019-06-05 06:26:34,CHK_SESSION_000453,CUST_531,2857.69,INR,2857.69,3,2019-06-04 09:04:34,2019-06-04 09:06:34,1280,False,False,False,True,0.99
CHK_00454,checkout_abandonment,2019-12-24 13:22:17,CHK_SESSION_000454,CUST_539,541.16,INR,541.16,1,2019-12-23 15:22:17,2019-12-23 15:25:17,1317,False,False,False,True,0.981
CHK_00455,checkout_abandonment,2019-06-25 19:37:00,CHK_SESSION_000455,CUST_217,9034.55,INR,9034.55,9,2019-06-24 20:59:00,2019-06-24 21:03:00,1354,False,False,False,True,0.775
CHK_00456,checkout_abandonment,2019-10-12 03:06:47,CHK_SESSION_000456,CUST_103,6091.37,INR,6091.37,6,2019-10-11 03:50:47,2019-10-11 03:55:47,1391,False,False,False,True,0.692
CHK_00457,checkout_abandonment,2019-07-04 21:45:46,CHK_SESSION_000457,CUST_340,941.22,INR,941.22,1,2019-07-03 21:51:46,2019-07-03 21:57:46,1428,False,False,False,True,0.588
CHK_00458,checkout_abandonment,2019-04-14 09:39:59,CHK_SESSION_000458,CUST_540,5588.39,INR,5588.39,6,2019-04-14 08:38:59,2019-04-14 08:45:59,54,False,False,False,True,0.897
CHK_00459,checkout_abandonment,2019-08-21 16:09:02,CHK_SESSION_000459,CUST_371,12777.85,INR,12777.85,10,2019-08-21 14:30:02,2019-08-21 14:38:02,91,False,False,False,True,0.485
CHK_00460,checkout_abandonment,2019-12-30 23:12:10,CHK_SESSION_000460,CUST_783,16232.31,INR,16232.31,10,2019-12-30 20:55:10,2019-12-30 21:04:10,128,False,False,False,True,0.496
CHK_00461,checkout_abandonment,2019-05-06 04:10:24,CHK_SESSION_000461,CUST_322,12376.13,INR,12376.13,10,2019-05-06 01:25:24,2019-05-06 01:25:24,165,False,False,False,True,0.591
CHK_00462,checkout_abandonment,2020-01-11 10:22:04,CHK_SESSION_000462,CUST_855,123.67,INR,123.67,1,2020-01-11 06:59:04,2020-01-11 07:00:04,202,False,False,False,True,0.591
CHK_00463,checkout_abandonment,2019-09-18 17:06:18,CHK_SESSION_000463,CUST_873,4166.6,INR,4166.6,4,2019-09-18 13:05:18,2019-09-18 13:07:18,239,False,False,False,True,0.593
CHK_00464,checkout_abandonment,2019-10-30 10:56:21,CHK_SESSION_000464,CUST_547,9661.2,INR,9661.2,10,2019-10-30 06:17:21,2019-10-30 06:20:21,276,False,False,False,True,0.789
CHK_00465,checkout_abandonment,2020-03-31 15:57:50,CHK_SESSION_000465,CUST_873,1654.19,INR,1654.19,2,2020-03-31 10:40:50,2020-03-31 10:44:50,313,False,False,False,True,0.593
CHK_00466,checkout_abandonment,2019-12-06 04:44:50,CHK_SESSION_000466,CUST_208,17106.3,INR,17106.3,10,2019-12-05 22:49:50,2019-12-05 22:54:50,350,False,False,False,True,0.79
CHK_00467,checkout_abandonment,2019-10-06 23:48:57,CHK_SESSION_000467,CUST_152,20585.66,INR,20585.66,10,2019-10-06 17:15:57,2019-10-06 17:21:57,387,False,False,False,True,0.694
CHK_00468,checkout_abandonment,2019-02-12 07:01:19,CHK_SESSION_000468,CUST_320,484.72,INR,484.72,1,2019-02-11 23:50:19,2019-02-11 23:57:19,424,False,False,False,True,0.492
CHK_00469,checkout_abandonment,2019-07-17 18:57:10,CHK_SESSION_000469,CUST_316,6419.22,INR,6419.22,6,2019-07-17 11:08:10,2019-07-17 11:16:10,461,False,False,False,True,0.895
CHK_00470,checkout_abandonment,2019-03-30 09:24:59,CHK_SESSION_000470,CUST_43,188.41,INR,188.41,1,2019-03-30 00:57:59,2019-03-30 01:06:59,498,False,False,False,True,0.794
CHK_00471,checkout_abandonment,2019-10-21 15:55:34,CHK_SESSION_000471,CUST_318,426.62,INR,426.62,1,2019-10-21 07:00:34,2019-10-21 07:00:34,535,False,False,False,True,0.69
CHK_00472,checkout_abandonment,2019-03-03 01:21:01,CHK_SESSION_000472,CUST_396,350.26,INR,350.26,1,2019-03-02 15:48:01,2019-03-02 15:49:01,572,False,False,False,True,0.794
CHK_00473,checkout_abandonment,2020-06-21 02:50:34,CHK_SESSION_000473,CUST_438,12176.93,INR,12176.93,10,2020-06-20 16:39:34,2020-06-20 16:41:34,609,False,False,False,True,0.692
CHK_00474,checkout_abandonment,2020-02-03 00:36:10,CHK_SESSION_000474,CUST_478,11903.86,INR,11903.86,10,2020-02-02 13:47:10,2020-02-02 13:50:10,646,False,False,False,True,0.594
CHK_00475,checkout_abandonment,2019-01-06 01:53:27,CHK_SESSION_000475,CUST_845,4193.16,INR,4193.16,4,2019-01-05 14:26:27,2019-01-05 14:30:27,683,False,False,False,True,0.797
CHK_00476,checkout_abandonment,2019-01-30 19:57:42,CHK_SESSION_000476,CUST_892,8761.48,INR,8761.48,9,2019-01-30 07:52:42,2019-01-30 07:57:42,720,False,False,False,True,0.494
CHK_00477,checkout_abandonment,2019-02-02 19:37:58,CHK_SESSION_000477,CUST_395,819.21,INR,819.21,1,2019-02-02 06:54:58,2019-02-02 07:00:58,757,False,False,False,True,0.6
CHK_00478,checkout_abandonment,2019-04-21 11:47:35,CHK_SESSION_000478,CUST_272,872.33,INR,872.33,1,2019-04-20 22:26:35,2019-04-20 22:33:35,794,False,False,False,True,0.689
CHK_00479,checkout_abandonment,2019-10-15 03:18:16,CHK_SESSION_000479,CUST_187,6525.46,INR,6525.46,7,2019-10-14 13:19:16,2019-10-14 13:27:16,831,False,False,False,True,0.8
CHK_00480,checkout_abandonment,2019-09-30 06:44:27,CHK_SESSION_000480,CUST_776,2168.79,INR,2168.79,2,2019-09-29 16:07:27,2019-09-29 16:16:27,868,False,False,False,True,0.491
CHK_00481,checkout_abandonment,2019-01-06 18:40:29,CHK_SESSION_000481,CUST_216,13948.15,INR,13948.15,10,2019-01-06 03:35:29,2019-01-06 03:35:29,905,False,False,False,True,0.691
CHK_00482,checkout_abandonment,2019-06-10 05:08:35,CHK_SESSION_000482,CUST_620,1269.9,INR,1269.9,1,2019-06-09 13:25:35,2019-06-09 13:26:35,942,False,False,False,True,0.799
CHK_00483,checkout_abandonment,2019-09-16 02:28:26,CHK_SESSION_000483,CUST_421,6225.0,INR,6225.0,6,2019-09-15 10:07:26,2019-09-15 10:09:26,979,False,False,False,True,0.69
CHK_00484,checkout_abandonment,2019-11-21 17:53:51,CHK_SESSION_000484,CUST_111,8431.97,INR,8431.97,8,2019-11-21 00:54:51,2019-11-21 00:57:51,1016,False,False,False,True,0.692
CHK_00485,checkout_abandonment,2019-12-31 22:39:29,CHK_SESSION_000485,CUST_415,7691.61,INR,7691.61,8,2019-12-31 05:02:29,2019-12-31 05:06:29,1053,False,False,False,True,0.49
CHK_00486,checkout_abandonment,2019-09-30 12:53:10,CHK_SESSION_000486,CUST_674,293.82,INR,293.82,1,2019-09-29 18:38:10,2019-09-29 18:43:10,1090,False,False,False,True,0.596
CHK_00487,checkout_abandonment,2020-05-20 10:51:06,CHK_SESSION_000487,CUST_727,13618.64,INR,13618.64,10,2020-05-19 15:58:06,2020-05-19 16:04:06,1127,False,False,False,True,0.87
CHK_00488,checkout_abandonment,2019-12-10 13:00:55,CHK_SESSION_000488,CUST_398,3997.28,INR,3997.28,4,2019-12-09 17:29:55,2019-12-09 17:36:55,1164,False,False,False,True,0.6
CHK_00489,checkout_abandonment,2019-03-02 09:27:50,CHK_SESSION_000489,CUST_200,107.9,INR,107.9,1,2019-03-01 13:18:50,2019-03-01 13:26:50,1201,False,False,False,True,0.894
CHK_00490,checkout_abandonment,2020-01-23 23:12:17,CHK_SESSION_000490,CUST_167,6869.91,INR,6869.91,7,2020-01-23 02:25:17,2020-01-23 02:34:17,1238,False,False,False,True,0.89
CHK_00491,checkout_abandonment,2019-12-01 10:11:45,CHK_SESSION_000491,CUST_518,4813.17,INR,4813.17,5,2019-11-30 12:56:45,2019-11-30 12:56:45,1275,False,False,False,True,0.599
CHK_00492,checkout_abandonment,2019-08-10 16:58:05,CHK_SESSION_000492,CUST_26,8624.53,INR,8624.53,9,2019-08-09 19:05:05,2019-08-09 19:06:05,1312,False,False,False,True,0.888
CHK_00493,checkout_abandonment,2020-01-21 19:54:14,CHK_SESSION_000493,CUST_563,811.74,INR,811.74,1,2020-01-20 21:23:14,2020-01-20 21:25:14,1349,False,False,False,True,0.793
CHK_00494,checkout_abandonment,2019-10-16 20:20:07,CHK_SESSION_000494,CUST_731,1812.72,INR,1812.72,2,2019-10-15 21:11:07,2019-10-15 21:14:07,1386,False,False,False,True,0.595
CHK_00495,checkout_abandonment,2019-05-27 23:04:15,CHK_SESSION_000495,CUST_540,6962.87,INR,6962.87,7,2019-05-26 23:17:15,2019-05-26 23:21:15,1423,False,False,False,True,0.897
CHK_00496,checkout_abandonment,2019-02-01 04:31:06,CHK_SESSION_000496,CUST_360,8780.57,INR,8780.57,9,2019-02-01 03:37:06,2019-02-01 03:42:06,49,False,False,False,True,0.689
CHK_00497,checkout_abandonment,2019-03-14 07:54:18,CHK_SESSION_000497,CUST_461,2729.04,INR,2729.04,3,2019-03-14 06:22:18,2019-03-14 06:28:18,86,False,False,False,True,0.8
CHK_00498,checkout_abandonment,2020-06-17 23:14:56,CHK_SESSION_000498,CUST_13,1411.0,INR,1411.0,1,2020-06-17 21:04:56,2020-06-17 21:11:56,123,False,False,False,True,0.697
CHK_00499,checkout_abandonment,2019-02-02 12:02:15,CHK_SESSION_000499,CUST_526,2205.31,INR,2205.31,2,2019-02-02 09:14:15,2019-02-02 09:22:15,160,False,False,False,True,0.792
CHK_00500,checkout_abandonment,2019-05-14 01:24:51,CHK_SESSION_000500,CUST_649,10145.09,INR,10145.09,10,2019-05-13 21:58:51,2019-05-13 22:07:51,197,False,False,False,True,0.69
CHK_00501,checkout_abandonment,2019-06-28 01:49:50,CHK_SESSION_000501,CUST_186,499.66,INR,499.66,1,2019-06-27 21:55:50,2019-06-27 21:55:50,234,False,False,False,True,0.89
CHK_00502,checkout_abandonment,2019-06-22 02:41:41,CHK_SESSION_000502,CUST_462,6088.05,INR,6088.05,6,2019-06-21 22:09:41,2019-06-21 22:10:41,271,False,False,False,True,0.791
CHK_00503,checkout_abandonment,2019-03-12 03:16:13,CHK_SESSION_000503,CUST_203,12392.73,INR,12392.73,10,2019-03-11 22:06:13,2019-03-11 22:08:13,308,False,False,False,True,0.697
CHK_00504,checkout_abandonment,2019-09-12 01:03:57,CHK_SESSION_000504,CUST_404,785.18,INR,785.18,1,2019-09-11 19:15:57,2019-09-11 19:18:57,345,False,False,False,True,0.696
CHK_00505,checkout_abandonment,2019-03-18 22:51:56,CHK_SESSION_000505,CUST_864,25829.6,INR,25829.6,10,2019-03-18 16:25:56,2019-03-18 16:29:56,382,False,False,False,True,0.597
CHK_00506,checkout_abandonment,2020-05-05 21:44:46,CHK_SESSION_000506,CUST_167,6130.38,INR,6130.38,6,2020-05-05 14:40:46,2020-05-05 14:45:46,419,False,False,False,True,0.89
CHK_00507,checkout_abandonment,2019-07-09 00:45:21,CHK_SESSION_000507,CUST_482,4314.34,INR,4314.34,4,2019-07-08 17:03:21,2019-07-08 17:09:21,456,False,False,False,True,0.986
CHK_00508,checkout_abandonment,2020-01-16 05:44:53,CHK_SESSION_000508,CUST_549,4996.6,INR,4996.6,5,2020-01-15 21:24:53,2020-01-15 21:31:53,493,False,False,False,True,0.805
CHK_00509,checkout_abandonment,2019-02-24 20:21:29,CHK_SESSION_000509,CUST_637,809.25,INR,809.25,1,2019-02-24 11:23:29,2019-02-24 11:31:29,530,False,False,False,True,0.588
CHK_00510,checkout_abandonment,2019-11-25 02:15:49,CHK_SESSION_000510,CUST_694,464.8,INR,464.8,1,2019-11-24 16:39:49,2019-11-24 16:48:49,567,False,False,False,True,0.69
CHK_00511,checkout_abandonment,2019-06-24 11:07:00,CHK_SESSION_000511,CUST_716,478.91,INR,478.91,1,2019-06-24 01:03:00,2019-06-24 01:03:00,604,False,False,False,True,0.592
CHK_00512,checkout_abandonment,2020-03-20 03:09:38,CHK_SESSION_000512,CUST_546,113.71,INR,113.71,1,2020-03-19 16:27:38,2020-03-19 16:28:38,641,False,False,False,True,0.69
CHK_00513,checkout_abandonment,2019-06-12 01:22:18,CHK_SESSION_000513,CUST_358,532.86,INR,532.86,1,2019-06-11 14:02:18,2019-06-11 14:04:18,678,False,False,False,True,0.878
CHK_00514,checkout_abandonment,2019-05-25 08:11:55,CHK_SESSION_000514,CUST_19,462.31,INR,462.31,1,2019-05-24 20:13:55,2019-05-24 20:16:55,715,False,False,False,True,0.891
CHK_00515,checkout_abandonment,2020-04-17 05:36:38,CHK_SESSION_000515,CUST_152,3007.09,INR,3007.09,3,2020-04-16 17:00:38,2020-04-16 17:04:38,752,False,False,False,True,0.694
CHK_00516,checkout_abandonment,2020-04-25 16:57:50,CHK_SESSION_000516,CUST_460,9162.37,INR,9162.37,9,2020-04-25 03:43:50,2020-04-25 03:48:50,789,False,False,False,True,0.688
CHK_00517,checkout_abandonment,2020-04-05 03:23:45,CHK_SESSION_000517,CUST_665,143.59,INR,143.59,1,2020-04-04 13:31:45,2020-04-04 13:37:45,826,False,False,False,True,0.789
CHK_00518,checkout_abandonment,2019-03-06 21:58:00,CHK_SESSION_000518,CUST_761,94.62,INR,94.62,1,2019-03-06 07:28:00,2019-03-06 07:35:00,863,False,False,False,True,0.491
CHK_00519,checkout_abandonment,2019-05-04 15:20:39,CHK_SESSION_000519,CUST_275,5854.82,INR,5854.82,6,2019-05-04 00:12:39,2019-05-04 00:20:39,900,False,False,False,True,0.888
CHK_00520,checkout_abandonment,2019-12-24 02:09:47,CHK_SESSION_000520,CUST_826,4628.91,INR,4628.91,5,2019-12-23 10:23:47,2019-12-23 10:32:47,937,False,False,False,True,0.591
CHK_00521,checkout_abandonment,2019-05-24 06:33:46,CHK_SESSION_000521,CUST_813,121.18,INR,121.18,1,2019-05-23 14:19:46,2019-05-23 14:19:46,974,False,False,False,True,0.596
CHK_00522,checkout_abandonment,2019-06-05 19:05:03,CHK_SESSION_000522,CUST_565,4728.51,INR,4728.51,5,2019-06-05 02:13:03,2019-06-05 02:14:03,1011,False,False,False,True,0.693
CHK_00523,checkout_abandonment,2019-05-30 15:34:59,CHK_SESSION_000523,CUST_739,232.4,INR,232.4,1,2019-05-29 22:04:59,2019-05-29 22:06:59,1048,False,False,False,True,0.597
CHK_00524,checkout_abandonment,2020-05-22 23:45:01,CHK_SESSION_000524,CUST_367,10061.26,INR,10061.26,10,2020-05-22 05:37:01,2020-05-22 05:40:01,1085,False,False,False,True,0.695
CHK_00525,checkout_abandonment,2019-07-02 13:22:30,CHK_SESSION_000525,CUST_13,4447.14,INR,4447.14,4,2019-07-01 18:36:30,2019-07-01 18:40:30,1122,False,False,False,True,0.697
CHK_00526,checkout_abandonment,2020-02-03 13:54:41,CHK_SESSION_000526,CUST_574,2635.25,INR,2635.25,3,2020-02-02 18:30:41,2020-02-02 18:35:41,1159,False,False,False,True,0.89
CHK_00527,checkout_abandonment,2020-02-05 07:47:50,CHK_SESSION_000527,CUST_11,662.34,INR,662.34,1,2020-02-04 11:45:50,2020-02-04 11:51:50,1196,False,False,False,True,0.786
CHK_00528,checkout_abandonment,2020-02-04 18:41:14,CHK_SESSION_000528,CUST_88,2736.51,INR,2736.51,3,2020-02-03 22:01:14,2020-02-03 22:08:14,1233,False,False,False,True,0.693
CHK_00529,checkout_abandonment,2020-04-10 10:07:19,CHK_SESSION_000529,CUST_16,4629.74,INR,4629.74,5,2020-04-09 12:49:19,2020-04-09 12:57:19,1270,False,False,False,True,0.8
CHK_00530,checkout_abandonment,2019-06-01 14:14:34,CHK_SESSION_000530,CUST_895,542.82,INR,542.82,1,2019-05-31 16:18:34,2019-05-31 16:27:34,1307,False,False,False,True,0.49
CHK_00531,checkout_abandonment,2019-11-09 16:08:17,CHK_SESSION_000531,CUST_115,556.93,INR,556.93,1,2019-11-08 17:44:17,2019-11-08 17:44:17,1344,False,False,False,True,0.978
CHK_00532,checkout_abandonment,2019-03-23 16:36:50,CHK_SESSION_000532,CUST_645,2992.98,INR,2992.98,3,2019-03-22 17:34:50,2019-03-22 17:35:50,1381,False,False,False,True,0.793
CHK_00533,checkout_abandonment,2020-02-02 07:06:54,CHK_SESSION_000533,CUST_362,10960.98,INR,10960.98,10,2020-02-01 07:26:54,2020-02-01 07:28:54,1418,False,False,False,True,0.692
CHK_00534,checkout_abandonment,2019-06-24 00:05:13,CHK_SESSION_000534,CUST_138,5694.63,INR,5694.63,6,2019-06-23 23:18:13,2019-06-23 23:21:13,44,False,False,False,True,0.981
CHK_00535,checkout_abandonment,2019-04-21 01:58:54,CHK_SESSION_000535,CUST_899,8808.79,INR,8808.79,9,2019-04-21 00:33:54,2019-04-21 00:37:54,81,False,False,False,True,0.49
CHK_00536,checkout_abandonment,2020-02-15 02:19:43,CHK_SESSION_000536,CUST_374,134.46,INR,134.46,1,2020-02-15 00:16:43,2020-02-15 00:21:43,118,False,False,False,True,0.696
CHK_00537,checkout_abandonment,2019-01-13 01:18:21,CHK_SESSION_000537,CUST_766,1708.14,INR,1708.14,2,2019-01-12 22:37:21,2019-01-12 22:43:21,155,False,False,False,True,0.791
CHK_00538,checkout_abandonment,2020-02-08 23:37:50,CHK_SESSION_000538,CUST_212,571.04,INR,571.04,1,2020-02-08 20:18:50,2020-02-08 20:25:50,192,False,False,False,True,0.889
CHK_00539,checkout_abandonment,2019-08-30 10:18:42,CHK_SESSION_000539,CUST_151,7612.76,INR,7612.76,8,2019-08-30 06:21:42,2019-08-30 06:29:42,229,False,False,False,True,0.687
CHK_00540,checkout_abandonment,2019-05-23 17:52:03,CHK_SESSION_000540,CUST_816,244.85,INR,244.85,1,2019-05-23 13:17:03,2019-05-23 13:26:03,266,False,False,False,True,0.593
CHK_00541,checkout_abandonment,2019-03-15 21:58:15,CHK_SESSION_000541,CUST_190,6037.42,INR,6037.42,6,2019-03-15 16:55:15,2019-03-15 16:55:15,303,False,False,False,True,0.696
CHK_00542,checkout_abandonment,2020-01-27 17:45:05,CHK_SESSION_000542,CUST_449,805.1,INR,805.1,1,2020-01-27 12:04:05,2020-01-27 12:05:05,340,False,False,False,True,0.789
CHK_00543,checkout_abandonment,2020-03-29 00:51:48,CHK_SESSION_000543,CUST_237,1788.65,INR,1788.65,2,2020-03-28 18:32:48,2020-03-28 18:34:48,377,False,False,False,True,0.795
CHK_00544,checkout_abandonment,2020-02-04 22:05:54,CHK_SESSION_000544,CUST_419,6002.56,INR,6002.56,6,2020-02-04 15:08:54,2020-02-04 15:11:54,414,False,False,False,True,0.798
CHK_00545,checkout_abandonment,2019-12-20 02:30:47,CHK_SESSION_000545,CUST_546,6114.61,INR,6114.61,6,2019-12-19 18:55:47,2019-12-19 18:59:47,451,False,False,False,True,0.69
CHK_00546,checkout_abandonment,2019-09-15 11:14:07,CHK_SESSION_000546,CUST_121,7159.58,INR,7159.58,7,2019-09-15 03:01:07,2019-09-15 03:06:07,488,False,False,False,True,0.595
CHK_00547,checkout_abandonment,2019-07-05 13:54:49,CHK_SESSION_000547,CUST_781,4188.18,INR,4188.18,4,2019-07-05 05:03:49,2019-07-05 05:09:49,525,False,False,False,True,0.697
CHK_00548,checkout_abandonment,2019-12-02 07:58:53,CHK_SESSION_000548,CUST_321,2813.7,INR,2813.7,3,2019-12-01 22:29:53,2019-12-01 22:36:53,562,False,False,False,True,0.592
CHK_00549,checkout_abandonment,2019-09-05 09:48:07,CHK_SESSION_000549,CUST_64,4296.91,INR,4296.91,4,2019-09-04 23:41:07,2019-09-04 23:49:07,599,False,False,False,True,0.594
CHK_00550,checkout_abandonment,2019-01-20 23:58:31,CHK_SESSION_000550,CUST_49,4376.59,INR,4376.59,4,2019-01-20 13:13:31,2019-01-20 13:22:31,636,False,False,False,True,0.788
CHK_00551,checkout_abandonment,2019-11-05 23:17:03,CHK_SESSION_000551,CUST_83,494.68,INR,494.68,1,2019-11-05 12:04:03,2019-11-05 12:04:03,673,False,False,False,True,0.999
CHK_00552,checkout_abandonment,2020-02-15 15:53:34,CHK_SESSION_000552,CUST_754,1223.42,INR,1223.42,1,2020-02-15 04:02:34,2020-02-15 04:03:34,710,False,False,False,True,0.594
CHK_00553,checkout_abandonment,2019-12-28 20:31:54,CHK_SESSION_000553,CUST_496,9383.98,INR,9383.98,9,2019-12-28 08:02:54,2019-12-28 08:04:54,747,False,False,False,True,0.586
CHK_00554,checkout_abandonment,2020-05-10 05:20:55,CHK_SESSION_000554,CUST_89,417.49,INR,417.49,1,2020-05-09 16:13:55,2020-05-09 16:16:55,784,False,False,False,True,0.891
CHK_00555,checkout_abandonment,2019-08-06 04:14:34,CHK_SESSION_000555,CUST_779,1251.64,INR,1251.64,1,2019-08-05 14:29:34,2019-08-05 14:33:34,821,False,False,False,True,0.596
CHK_00556,checkout_abandonment,2019-12-11 22:20:20,CHK_SESSION_000556,CUST_216,18831.04,INR,18831.04,10,2019-12-11 07:57:20,2019-12-11 08:02:20,858,False,False,False,True,0.691
CHK_00557,checkout_abandonment,2020-04-05 02:01:54,CHK_SESSION_000557,CUST_876,5920.39,INR,5920.39,6,2020-04-04 11:00:54,2020-04-04 11:06:54,895,False,False,False,True,0.49
CHK_00558,checkout_abandonment,2019-07-17 18:39:21,CHK_SESSION_000558,CUST_748,3940.01,INR,3940.01,4,2019-07-17 03:00:21,2019-07-17 03:07:21,932,False,False,False,True,0.49
CHK_00559,checkout_abandonment,2020-06-19 00:51:33,CHK_SESSION_000559,CUST_646,10991.69,INR,10991.69,10,2020-06-18 08:34:33,2020-06-18 08:42:33,969,False,False,False,True,0.49
CHK_00560,checkout_abandonment,2019-04-07 10:35:26,CHK_SESSION_000560,CUST_9,3068.51,INR,3068.51,3,2019-04-06 17:40:26,2019-04-06 17:49:26,1006,False,False,False,True,0.596
CHK_00561,checkout_abandonment,2019-06-10 08:40:08,CHK_SESSION_000561,CUST_797,1061.57,INR,1061.57,1,2019-06-09 15:17:08,2019-06-09 15:17:08,1043,False,False,False,True,0.498
CHK_00562,checkout_abandonment,2019-11-05 09:32:36,CHK_SESSION_000562,CUST_649,448.2,INR,448.2,1,2019-11-04 15:31:36,2019-11-04 15:32:36,1080,False,False,False,True,0.69
CHK_00563,checkout_abandonment,2019-02-04 07:09:51,CHK_SESSION_000563,CUST_674,92.13,INR,92.13,1,2019-02-03 12:30:51,2019-02-03 12:32:51,1117,False,False,False,True,0.596
CHK_00564,checkout_abandonment,2020-05-01 14:47:23,CHK_SESSION_000564,CUST_620,4610.65,INR,4610.65,5,2020-04-30 19:30:23,2020-04-30 19:33:23,1154,False,False,False,True,0.799
CHK_00565,checkout_abandonment,2019-04-12 12:23:13,CHK_SESSION_000565,CUST_630,292.99,INR,292.99,1,2019-04-11 16:28:13,2019-04-11 16:32:13,1191,False,False,False,True,0.801
CHK_00566,checkout_abandonment,2020-02-24 19:33:03,CHK_SESSION_000566,CUST_309,1947.18,INR,1947.18,2,2020-02-23 23:00:03,2020-02-23 23:05:03,1228,False,False,False,True,0.589
CHK_00567,checkout_abandonment,2020-01-27 01:37:02,CHK_SESSION_000567,CUST_587,6583.56,INR,6583.56,7,2020-01-26 04:26:02,2020-01-26 04:32:02,1265,False,False,False,True,0.497
CHK_00568,checkout_abandonment,2019-01-23 18:24:13,CHK_SESSION_000568,CUST_284,30915.84,INR,30915.84,10,2019-01-22 20:35:13,2019-01-22 20:42:13,1302,False,False,False,True,0.884
CHK_00569,checkout_abandonment,2020-06-17 18:02:52,CHK_SESSION_000569,CUST_8,756.96,INR,756.96,1,2020-06-16 19:35:52,2020-06-16 19:43:52,1339,False,False,False,True,0.589
CHK_00570,checkout_abandonment,2019-09-08 22:11:49,CHK_SESSION_000570,CUST_105,4565.83,INR,4565.83,5,2019-09-07 23:06:49,2019-09-07 23:15:49,1376,False,False,False,True,0.798
CHK_00571,checkout_abandonment,2019-06-15 06:36:46,CHK_SESSION_000571,CUST_593,7515.65,INR,7515.65,8,2019-06-14 07:03:46,2019-06-14 07:03:46,1413,False,False,False,True,0.983
CHK_00572,checkout_abandonment,2020-04-30 14:33:34,CHK_SESSION_000572,CUST_488,1662.49,INR,1662.49,2,2020-04-30 13:53:34,2020-04-30 13:54:34,39,False,False,False,True,0.988
CHK_00573,checkout_abandonment,2020-06-16 08:08:23,CHK_SESSION_000573,CUST_620,126.99,INR,126.99,1,2020-06-16 06:50:23,2020-06-16 06:52:23,76,False,False,False,True,0.799
CHK_00574,checkout_abandonment,2019-10-19 01:57:50,CHK_SESSION_000574,CUST_660,16961.05,INR,16961.05,10,2019-10-19 00:01:50,2019-10-19 00:04:50,113,False,False,False,True,0.689
CHK_00575,checkout_abandonment,2020-03-23 10:16:30,CHK_SESSION_000575,CUST_666,5307.85,INR,5307.85,5,2020-03-23 07:42:30,2020-03-23 07:46:30,150,False,False,False,True,0.697
CHK_00576,checkout_abandonment,2019-04-13 06:16:10,CHK_SESSION_000576,CUST_118,9040.36,INR,9040.36,9,2019-04-13 03:04:10,2019-04-13 03:09:10,187,False,False,False,True,0.889
CHK_00577,checkout_abandonment,2019-05-27 05:51:50,CHK_SESSION_000577,CUST_662,6160.26,INR,6160.26,6,2019-05-27 02:01:50,2019-05-27 02:07:50,224,False,False,False,True,0.883
CHK_00578,checkout_abandonment,2019-04-26 11:09:44,CHK_SESSION_000578,CUST_764,6449.93,INR,6449.93,6,2019-04-26 06:41:44,2019-04-26 06:48:44,261,False,False,False,True,0.797
CHK_00579,checkout_abandonment,2019-01-14 12:09:35,CHK_SESSION_000579,CUST_38,5980.15,INR,5980.15,6,2019-01-14 07:03:35,2019-01-14 07:11:35,298,False,False,False,True,0.803
CHK_00580,checkout_abandonment,2020-05-26 21:49:15,CHK_SESSION_000580,CUST_321,1701.5,INR,1701.5,2,2020-05-26 16:05:15,2020-05-26 16:14:15,335,False,False,False,True,0.592
CHK_00581,checkout_abandonment,2019-04-22 00:03:46,CHK_SESSION_000581,CUST_303,11688.06,INR,11688.06,10,2019-04-21 17:51:46,2019-04-21 17:51:46,372,False,False,False,True,0.602
CHK_00582,checkout_abandonment,2019-07-15 14:49:26,CHK_SESSION_000582,CUST_257,4195.65,INR,4195.65,4,2019-07-15 07:59:26,2019-07-15 08:00:26,409,False,False,False,True,0.596
CHK_00583,checkout_abandonment,2020-05-09 01:08:37,CHK_SESSION_000583,CUST_218,3795.59,INR,3795.59,4,2020-05-08 17:40:37,2020-05-08 17:42:37,446,False,False,False,True,0.792
CHK_00584,checkout_abandonment,2019-02-27 23:47:23,CHK_SESSION_000584,CUST_536,4680.37,INR,4680.37,5,2019-02-27 15:41:23,2019-02-27 15:44:23,483,False,False,False,True,0.995
CHK_00585,checkout_abandonment,2019-04-12 15:31:32,CHK_SESSION_000585,CUST_115,4975.02,INR,4975.02,5,2019-04-12 06:47:32,2019-04-12 06:51:32,520,False,False,False,True,0.978
CHK_00586,checkout_abandonment,2019-12-10 05:05:48,CHK_SESSION_000586,CUST_614,6422.54,INR,6422.54,6,2019-12-09 19:43:48,2019-12-09 19:48:48,557,False,False,False,True,0.592
CHK_00587,checkout_abandonment,2019-08-19 12:44:21,CHK_SESSION_000587,CUST_98,11131.96,INR,11131.96,10,2019-08-19 02:44:21,2019-08-19 02:50:21,594,False,False,False,True,0.785
CHK_00588,checkout_abandonment,2019-06-03 20:46:11,CHK_SESSION_000588,CUST_159,10711.98,INR,10711.98,10,2019-06-03 10:08:11,2019-06-03 10:15:11,631,False,False,False,True,0.602
CHK_00589,checkout_abandonment,2019-09-23 23:32:08,CHK_SESSION_000589,CUST_116,4759.22,INR,4759.22,5,2019-09-23 12:16:08,2019-09-23 12:24:08,668,False,False,False,True,0.792
CHK_00590,checkout_abandonment,2019-02-20 03:07:03,CHK_SESSION_000590,CUST_376,215.8,INR,215.8,1,2019-02-19 15:13:03,2019-02-19 15:22:03,705,False,False,False,True,0.991
CHK_00591,checkout_abandonment,2019-03-24 16:19:24,CHK_SESSION_000591,CUST_762,6718.85,INR,6718.85,7,2019-03-24 03:57:24,2019-03-24 03:57:24,742,False,False,False,True,0.594
CHK_00592,checkout_abandonment,2019-05-13 15:09:26,CHK_SESSION_000592,CUST_497,2613.67,INR,2613.67,3,2019-05-13 02:09:26,2019-05-13 02:10:26,779,False,False,False,True,0.889
CHK_00593,checkout_abandonment,2019-07-08 18:56:44,CHK_SESSION_000593,CUST_151,58916.72,INR,58916.72,10,2019-07-08 05:18:44,2019-07-08 05:20:44,816,False,False,False,True,0.687
CHK_00594,checkout_abandonment,2019-11-07 17:34:54,CHK_SESSION_000594,CUST_438,7474.15,INR,7474.15,7,2019-11-07 03:18:54,2019-11-07 03:21:54,853,False,False,False,True,0.692
CHK_00595,checkout_abandonment,2020-02-07 02:56:19,CHK_SESSION_000595,CUST_357,684.75,INR,684.75,1,2020-02-06 12:02:19,2020-02-06 12:06:19,890,False,False,False,True,0.499
CHK_00596,checkout_abandonment,2019-08-29 21:06:19,CHK_SESSION_000596,CUST_49,766.09,INR,766.09,1,2019-08-29 05:34:19,2019-08-29 05:39:19,927,False,False,False,True,0.788
CHK_00597,checkout_abandonment,2020-05-25 10:52:10,CHK_SESSION_000597,CUST_192,297.14,INR,297.14,1,2020-05-24 18:42:10,2020-05-24 18:48:10,964,False,False,False,True,0.692
CHK_00598,checkout_abandonment,2019-05-20 11:33:20,CHK_SESSION_000598,CUST_121,429.11,INR,429.11,1,2019-05-19 18:45:20,2019-05-19 18:52:20,1001,False,False,False,True,0.595
CHK_00599,checkout_abandonment,2019-07-14 20:02:51,CHK_SESSION_000599,CUST_443,3637.89,INR,3637.89,4,2019-07-14 02:36:51,2019-07-14 02:44:51,1038,False,False,False,True,0.793
CHK_00600,checkout_abandonment,2019-12-13 10:34:20,CHK_SESSION_000600,CUST_682,1018.41,INR,1018.41,1,2019-12-12 16:30:20,2019-12-12 16:39:20,1075,False,False,False,True,0.494
CHK_00601,checkout_abandonment,2019-04-21 12:56:07,CHK_SESSION_000601,CUST_257,5167.58,INR,5167.58,5,2019-04-20 18:24:07,2019-04-20 18:24:07,1112,False,False,False,True,0.596
CHK_00602,checkout_abandonment,2019-08-09 11:33:01,CHK_SESSION_000602,CUST_94,534.52,INR,534.52,1,2019-08-08 16:23:01,2019-08-08 16:24:01,1149,False,False,False,True,0.697
CHK_00603,checkout_abandonment,2020-06-15 13:06:15,CHK_SESSION_000603,CUST_96,6740.43,INR,6740.43,7,2020-06-14 17:18:15,2020-06-14 17:20:15,1186,False,False,False,True,0.797
CHK_00604,checkout_abandonment,2020-04-19 12:30:32,CHK_SESSION_000604,CUST_87,5784.27,INR,5784.27,6,2020-04-18 16:04:32,2020-04-18 16:07:32,1223,False,False,False,True,0.489
CHK_00605,checkout_abandonment,2019-05-26 01:05:40,CHK_SESSION_000605,CUST_698,11349.42,INR,11349.42,10,2019-05-25 04:01:40,2019-05-25 04:05:40,1260,False,False,False,True,0.691
CHK_00606,checkout_abandonment,2020-03-24 16:12:26,CHK_SESSION_000606,CUST_474,1759.6,INR,1759.6,2,2020-03-23 18:30:26,2020-03-23 18:35:26,1297,False,False,False,True,0.893
CHK_00607,checkout_abandonment,2019-07-22 08:17:44,CHK_SESSION_000607,CUST_75,4093.56,INR,4093.56,4,2019-07-21 09:57:44,2019-07-21 10:03:44,1334,False,False,False,True,0.601
CHK_00608,checkout_abandonment,2020-04-20 20:37:29,CHK_SESSION_000608,CUST_877,698.03,INR,698.03,1,2020-04-19 21:39:29,2020-04-19 21:46:29,1371,False,False,False,True,0.593
CHK_00609,checkout_abandonment,2020-02-23 19:17:44,CHK_SESSION_000609,CUST_282,1076.51,INR,1076.51,1,2020-02-22 19:41:44,2020-02-22 19:49:44,1408,False,False,False,True,0.792
CHK_00610,checkout_abandonment,2019-02-17 10:54:01,CHK_SESSION_000610,CUST_253,733.72,INR,733.72,1,2019-02-17 10:11:01,2019-02-17 10:20:01,34,False,False,False,True,0.695
CHK_00611,checkout_abandonment,2019-01-12 10:14:07,CHK_SESSION_000611,CUST_451,4633.89,INR,4633.89,5,2019-01-12 09:03:07,2019-01-12 09:03:07,71,False,False,False,True,0.994
CHK_00612,checkout_abandonment,2020-05-26 16:53:56,CHK_SESSION_000612,CUST_539,572.7,INR,572.7,1,2020-05-26 15:04:56,2020-05-26 15:05:56,108,False,False,False,True,0.981
CHK_00613,checkout_abandonment,2019-04-29 06:52:24,CHK_SESSION_000613,CUST_440,5620.76,INR,5620.76,6,2019-04-29 04:25:24,2019-04-29 04:27:24,145,False,False,False,True,0.691
CHK_00614,checkout_abandonment,2020-03-30 21:46:20,CHK_SESSION_000614,CUST_520,488.87,INR,488.87,1,2020-03-30 18:41:20,2020-03-30 18:44:20,182,False,False,False,True,0.692
CHK_00615,checkout_abandonment,2019-09-24 20:26:36,CHK_SESSION_000615,CUST_172,380.14,INR,380.14,1,2019-09-24 16:43:36,2019-09-24 16:47:36,219,False,False,False,True,0.698
CHK_00616,checkout_abandonment,2019-02-07 21:28:10,CHK_SESSION_000616,CUST_807,2920.77,INR,2920.77,3,2019-02-07 17:07:10,2019-02-07 17:12:10,256,False,False,False,True,0.692
CHK_00617,checkout_abandonment,2019-07-23 18:03:01,CHK_SESSION_000617,CUST_210,821.7,INR,821.7,1,2019-07-23 13:04:01,2019-07-23 13:10:01,293,False,False,False,True,0.595
CHK_00618,checkout_abandonment,2019-11-14 21:11:04,CHK_SESSION_000618,CUST_208,13730.69,INR,13730.69,10,2019-11-14 15:34:04,2019-11-14 15:41:04,330,False,False,False,True,0.79
CHK_00619,checkout_abandonment,2019-01-23 01:01:26,CHK_SESSION_000619,CUST_310,1386.1,INR,1386.1,1,2019-01-22 18:46:26,2019-01-22 18:54:26,367,False,False,False,True,0.696
CHK_00620,checkout_abandonment,2020-06-10 04:12:03,CHK_SESSION_000620,CUST_605,471.44,INR,471.44,1,2020-06-09 21:19:03,2020-06-09 21:28:03,404,False,False,False,True,0.691
CHK_00621,checkout_abandonment,2019-01-13 15:37:46,CHK_SESSION_000621,CUST_661,507.96,INR,507.96,1,2019-01-13 08:16:46,2019-01-13 08:16:46,441,False,False,False,True,0.694
CHK_00622,checkout_abandonment,2019-12-12 14:32:14,CHK_SESSION_000622,CUST_464,8789.7,INR,8789.7,9,2019-12-12 06:33:14,2019-12-12 06:34:14,478,False,False,False,True,0.786
CHK_00623,checkout_abandonment,2019-09-22 23:07:54,CHK_SESSION_000623,CUST_554,181.77,INR,181.77,1,2019-09-22 14:30:54,2019-09-22 14:32:54,515,False,False,False,True,0.883
CHK_00624,checkout_abandonment,2019-04-21 10:56:44,CHK_SESSION_000624,CUST_338,4723.53,INR,4723.53,5,2019-04-21 01:41:44,2019-04-21 01:44:44,552,False,False,False,True,0.791
CHK_00625,checkout_abandonment,2020-02-15 15:03:09,CHK_SESSION_000625,CUST_412,8011.99,INR,8011.99,8,2020-02-15 05:10:09,2020-02-15 05:14:09,589,False,False,False,True,0.594
CHK_00626,checkout_abandonment,2019-12-03 05:29:49,CHK_SESSION_000626,CUST_664,2286.65,INR,2286.65,2,2019-12-02 18:58:49,2019-12-02 19:03:49,626,False,False,False,True,0.595
CHK_00627,checkout_abandonment,2020-06-14 05:53:16,CHK_SESSION_000627,CUST_524,116.2,INR,116.2,1,2020-06-13 18:44:16,2020-06-13 18:50:16,663,False,False,False,True,0.489
CHK_00628,checkout_abandonment,2019-03-13 07:55:32,CHK_SESSION_000628,CUST_672,498.0,INR,498.0,1,2019-03-12 20:08:32,2019-03-12 20:15:32,700,False,False,False,True,0.595
CHK_00629,checkout_abandonment,2019-01-18 02:51:30,CHK_SESSION_000629,CUST_856,131.97,INR,131.97,1,2019-01-17 14:26:30,2019-01-17 14:34:30,737,False,False,False,True,0.491
CHK_00630,checkout_abandonment,2019-10-20 20:06:32,CHK_SESSION_000630,CUST_332,400.89,INR,400.89,1,2019-10-20 07:03:32,2019-10-20 07:12:32,774,False,False,False,True,0.683
CHK_00631,checkout_abandonment,2020-03-31 18:48:07,CHK_SESSION_000631,CUST_448,11882.28,INR,11882.28,10,2020-03-31 05:17:07,2020-03-31 05:17:07,811,False,False,False,True,0.787
CHK_00632,checkout_abandonment,2020-03-18 10:48:35,CHK_SESSION_000632,CUST_431,5498.75,INR,5498.75,5,2020-03-17 20:39:35,2020-03-17 20:40:35,848,False,False,False,True,0.698
CHK_00633,checkout_abandonment,2020-03-12 20:10:17,CHK_SESSION_000633,CUST_827,4441.33,INR,4441.33,4,2020-03-12 05:23:17,2020-03-12 05:25:17,885,False,False,False,True,0.786
CHK_00634,checkout_abandonment,2019-04-15 14:16:50,CHK_SESSION_000634,CUST_65,4503.58,INR,4503.58,5,2019-04-14 22:51:50,2019-04-14 22:54:50,922,False,False,False,True,0.69
CHK_00635,checkout_abandonment,2020-03-24 11:27:45,CHK_SESSION_000635,CUST_9,10657.2,INR,10657.2,10,2020-03-23 19:24:45,2020-03-23 19:28:45,959,False,False,False,True,0.596
CHK_00636,checkout_abandonment,2019-01-26 07:20:19,CHK_SESSION_000636,CUST_490,484.72,INR,484.72,1,2019-01-25 14:39:19,2019-01-25 14:44:19,996,False,False,False,True,0.699
CHK_00637,checkout_abandonment,2020-04-06 02:56:48,CHK_SESSION_000637,CUST_477,5917.9,INR,5917.9,6,2020-04-05 09:37:48,2020-04-05 09:43:48,1033,False,False,False,True,0.595
CHK_00638,checkout_abandonment,2019-10-11 07:41:16,CHK_SESSION_000638,CUST_662,689.73,INR,689.73,1,2019-10-10 13:44:16,2019-10-10 13:51:16,1070,False,False,False,True,0.883
CHK_00639,checkout_abandonment,2020-06-16 00:14:11,CHK_SESSION_000639,CUST_15,7111.44,INR,7111.44,7,2020-06-15 05:39:11,2020-06-15 05:47:11,1107,False,False,False,True,0.689
CHK_00640,checkout_abandonment,2019-05-11 20:16:19,CHK_SESSION_000640,CUST_138,16341.04,INR,16341.04,10,2019-05-11 01:03:19,2019-05-11 01:12:19,1144,False,False,False,True,0.981
CHK_00641,checkout_abandonment,2020-04-17 18:53:08,CHK_SESSION_000641,CUST_381,3007.09,INR,3007.09,3,2020-04-16 23:12:08,2020-04-16 23:12:08,1181,False,False,False,True,0.49
CHK_00642,checkout_abandonment,2020-05-26 20:01:11,CHK_SESSION_000642,CUST_122,695.54,INR,695.54,1,2020-05-25 23:42:11,2020-05-25 23:43:11,1218,False,False,False,True,0.494
CHK_00643,checkout_abandonment,2019-07-26 19:39:19,CHK_SESSION_000643,CUST_198,661.51,INR,661.51,1,2019-07-25 22:42:19,2019-07-25 22:44:19,1255,False,False,False,True,0.591
CHK_00644,checkout_abandonment,2019-05-07 19:18:28,CHK_SESSION_000644,CUST_756,9426.31,INR,9426.31,9,2019-05-06 21:43:28,2019-05-06 21:46:28,1292,False,False,False,True,0.897
CHK_00645,checkout_abandonment,2019-10-15 10:57:24,CHK_SESSION_000645,CUST_153,235.72,INR,235.72,1,2019-10-14 12:44:24,2019-10-14 12:48:24,1329,False,False,False,True,0.595
CHK_00646,checkout_abandonment,2020-06-03 17:58:14,CHK_SESSION_000646,CUST_380,3984.83,INR,3984.83,4,2020-06-02 19:07:14,2020-06-02 19:12:14,1366,False,False,False,True,0.695
CHK_00647,checkout_abandonment,2020-05-10 05:38:28,CHK_SESSION_000647,CUST_15,814.23,INR,814.23,1,2020-05-09 06:09:28,2020-05-09 06:15:28,1403,False,False,False,True,0.689
CHK_00648,checkout_abandonment,2019-04-29 14:39:28,CHK_SESSION_000648,CUST_531,712.14,INR,712.14,1,2019-04-28 14:32:28,2019-04-28 14:39:28,1440,False,False,False,True,0.99
CHK_00649,checkout_abandonment,2019-04-22 16:12:22,CHK_SESSION_000649,CUST_778,810.08,INR,810.08,1,2019-04-22 14:58:22,2019-04-22 15:06:22,66,False,False,False,True,0.793
CHK_00650,checkout_abandonment,2019-10-20 23:57:35,CHK_SESSION_000650,CUST_356,3650.34,INR,3650.34,4,2019-10-20 22:05:35,2019-10-20 22:14:35,103,False,False,False,True,0.792
CHK_00651,checkout_abandonment,2019-07-07 00:53:52,CHK_SESSION_000651,CUST_595,15179.87,INR,15179.87,10,2019-07-06 22:33:52,2019-07-06 22:33:52,140,False,False,False,True,0.496
CHK_00652,checkout_abandonment,2019-02-28 16:26:26,CHK_SESSION_000652,CUST_343,14443.66,INR,14443.66,10,2019-02-28 13:28:26,2019-02-28 13:29:26,177,False,False,False,True,0.692
CHK_00653,checkout_abandonment,2019-06-01 03:50:44,CHK_SESSION_000653,CUST_150,6610.95,INR,6610.95,7,2019-06-01 00:14:44,2019-06-01 00:16:44,214,False,False,False,True,0.698
CHK_00654,checkout_abandonment,2019-07-29 16:35:14,CHK_SESSION_000654,CUST_691,3301.74,INR,3301.74,3,2019-07-29 12:21:14,2019-07-29 12:24:14,251,False,False,False,True,0.895
CHK_00655,checkout_abandonment,2019-08-12 09:22:37,CHK_SESSION_000655,CUST_409,684.75,INR,684.75,1,2019-08-12 04:30:37,2019-08-12 04:34:37,288,False,False,False,True,0.592
CHK_00656,checkout_abandonment,2019-07-16 16:08:52,CHK_SESSION_000656,CUST_280,7588.69,INR,7588.69,8,2019-07-16 10:38:52,2019-07-16 10:43:52,325,False,False,False,True,0.886
CHK_00657,checkout_abandonment,2020-02-21 04:54:01,CHK_SESSION_000657,CUST_220,8843.65,INR,8843.65,9,2020-02-20 22:46:01,2020-02-20 22:52:01,362,False,False,False,True,0.796
CHK_00658,checkout_abandonment,2019-10-05 17:00:26,CHK_SESSION_000658,CUST_557,6381.04,INR,6381.04,6,2019-10-05 10:14:26,2019-10-05 10:21:26,399,False,False,False,True,0.595
CHK_00659,checkout_abandonment,2019-08-20 20:38:40,CHK_SESSION_000659,CUST_368,21093.62,INR,21093.62,10,2019-08-20 13:14:40,2019-08-20 13:22:40,436,False,False,False,True,0.99
CHK_00660,checkout_abandonment,2020-01-31 00:51:24,CHK_SESSION_000660,CUST_133,544.48,INR,544.48,1,2020-01-30 16:49:24,2020-01-30 16:58:24,473,False,False,False,True,0.883
CHK_00661,checkout_abandonment,2019-03-18 02:16:52,CHK_SESSION_000661,CUST_267,2158.83,INR,2158.83,2,2019-03-17 17:46:52,2019-03-17 17:46:52,510,False,False,False,True,0.793
CHK_00662,checkout_abandonment,2019-04-12 20:30:13,CHK_SESSION_000662,CUST_336,3808.87,INR,3808.87,4,2019-04-12 11:22:13,2019-04-12 11:23:13,547,False,False,False,True,0.695
CHK_00663,checkout_abandonment,2019-04-25 14:54:07,CHK_SESSION_000663,CUST_389,3623.78,INR,3623.78,4,2019-04-25 05:08:07,2019-04-25 05:10:07,584,False,False,False,True,0.794
CHK_00664,checkout_abandonment,2019-08-04 14:10:26,CHK_SESSION_000664,CUST_418,17126.22,INR,17126.22,10,2019-08-04 03:46:26,2019-08-04 03:49:26,621,False,False,False,True,0.697
CHK_00665,checkout_abandonment,2020-05-21 12:29:26,CHK_SESSION_000665,CUST_375,8913.37,INR,8913.37,9,2020-05-21 01:27:26,2020-05-21 01:31:26,658,False,False,False,True,0.791
CHK_00666,checkout_abandonment,2019-10-30 14:14:17,CHK_SESSION_000666,CUST_312,5485.47,INR,5485.47,5,2019-10-30 02:34:17,2019-10-30 02:39:17,695,False,False,False,True,0.788
CHK_00667,checkout_abandonment,2019-08-05 19:11:27,CHK_SESSION_000667,CUST_233,4406.47,INR,4406.47,4,2019-08-05 06:53:27,2019-08-05 06:59:27,732,False,False,False,True,0.691
CHK_00668,checkout_abandonment,2019-04-25 14:56:08,CHK_SESSION_000668,CUST_746,6960.38,INR,6960.38,7,2019-04-25 02:00:08,2019-04-25 02:07:08,769,False,False,False,True,0.5
CHK_00669,checkout_abandonment,2019-10-04 06:03:02,CHK_SESSION_000669,CUST_900,685.58,INR,685.58,1,2019-10-03 16:29:02,2019-10-03 16:37:02,806,False,False,False,True,0.486
CHK_00670,checkout_abandonment,2020-06-08 05:36:17,CHK_SESSION_000670,CUST_455,7582.05,INR,7582.05,8,2020-06-07 15:24:17,2020-06-07 15:33:17,843,False,False,False,True,0.892
CHK_00671,checkout_abandonment,2019-02-08 12:08:24,CHK_SESSION_000671,CUST_143,2242.66,INR,2242.66,2,2019-02-07 21:28:24,2019-02-07 21:28:24,880,False,False,False,True,0.687
CHK_00672,checkout_abandonment,2020-03-19 07:55:24,CHK_SESSION_000672,CUST_33,4485.32,INR,4485.32,4,2020-03-18 16:37:24,2020-03-18 16:38:24,917,False,False,False,True,0.989
CHK_00673,checkout_abandonment,2019-07-14 09:41:15,CHK_SESSION_000673,CUST_827,795.97,INR,795.97,1,2019-07-13 17:45:15,2019-07-13 17:47:15,954,False,False,False,True,0.786
CHK_00674,checkout_abandonment,2019-03-18 12:06:58,CHK_SESSION_000674,CUST_191,1250.81,INR,1250.81,1,2019-03-17 19:32:58,2019-03-17 19:35:58,991,False,False,False,True,0.695
CHK_00675,checkout_abandonment,2019-02-24 01:30:01,CHK_SESSION_000675,CUST_240,9062.77,INR,9062.77,9,2019-02-23 08:18:01,2019-02-23 08:22:01,1028,False,False,False,True,0.986
CHK_00676,checkout_abandonment,2019-05-25 04:49:37,CHK_SESSION_000676,CUST_669,5961.89,INR,5961.89,6,2019-05-24 10:59:37,2019-05-24 11:04:37,1065,False,False,False,True,0.696
CHK_00677,checkout_abandonment,2020-06-06 23:40:20,CHK_SESSION_000677,CUST_287,2067.53,INR,2067.53,2,2020-06-06 05:12:20,2020-06-06 05:18:20,1102,False,False,False,True,0.9
CHK_00678,checkout_abandonment,2019-03-09 15:31:22,CHK_SESSION_000678,CUST_495,2559.72,INR,2559.72,3,2019-03-08 20:25:22,2019-03-08 20:32:22,1139,False,False,False,True,0.79
CHK_00679,checkout_abandonment,2019-10-08 23:08:00,CHK_SESSION_000679,CUST_37,3095.9,INR,3095.9,3,2019-10-08 03:24:00,2019-10-08 03:32:00,1176,False,False,False,True,0.985
CHK_00680,checkout_abandonment,2020-05-26 12:15:17,CHK_SESSION_000680,CUST_515,5146.0,INR,5146.0,5,2020-05-25 15:53:17,2020-05-25 16:02:17,1213,False,False,False,True,0.492
CHK_00681,checkout_abandonment,2019-07-24 05:02:55,CHK_SESSION_000681,CUST_176,4986.64,INR,4986.64,5,2019-07-23 08:12:55,2019-07-23 08:12:55,1250,False,False,False,True,0.976
CHK_00682,checkout_abandonment,2019-09-24 16:10:02,CHK_SESSION_000682,CUST_285,1134.61,INR,1134.61,1,2019-09-23 18:42:02,2019-09-23 18:43:02,1287,False,False,False,True,0.794
CHK_00683,checkout_abandonment,2019-03-14 18:56:17,CHK_SESSION_000683,CUST_346,624.16,INR,624.16,1,2019-03-13 20:50:17,2019-03-13 20:52:17,1324,False,False,False,True,0.594
CHK_00684,checkout_abandonment,2019-06-15 20:36:25,CHK_SESSION_000684,CUST_459,731.23,INR,731.23,1,2019-06-14 21:52:25,2019-06-14 21:55:25,1361,False,False,False,True,0.693
CHK_00685,checkout_abandonment,2019-06-13 15:30:49,CHK_SESSION_000685,CUST_669,1095.6,INR,1095.6,1,2019-06-12 16:08:49,2019-06-12 16:12:49,1398,False,False,False,True,0.696
CHK_00686,checkout_abandonment,2020-05-10 22:33:35,CHK_SESSION_000686,CUST_564,687.24,INR,687.24,1,2020-05-09 22:33:35,2020-05-09 22:38:35,1435,False,False,False,True,0.689
CHK_00687,checkout_abandonment,2019-07-21 21:41:27,CHK_SESSION_000687,CUST_225,6671.54,INR,6671.54,7,2019-07-21 20:34:27,2019-07-21 20:40:27,61,False,False,False,True,0.792
CHK_00688,checkout_abandonment,2019-09-02 22:43:30,CHK_SESSION_000688,CUST_615,1264.92,INR,1264.92,1,2019-09-02 20:58:30,2019-09-02 21:05:30,98,False,False,False,True,0.589
CHK_00689,checkout_abandonment,2019-01-29 12:30:15,CHK_SESSION_000689,CUST_513,742.02,INR,742.02,1,2019-01-29 10:07:15,2019-01-29 10:15:15,135,False,False,False,True,0.785
CHK_00690,checkout_abandonment,2019-09-08 20:09:08,CHK_SESSION_000690,CUST_729,805.1,INR,805.1,1,2019-09-08 17:08:08,2019-09-08 17:17:08,172,False,False,False,True,0.494
CHK_00691,checkout_abandonment,2020-04-24 23:17:52,CHK_SESSION_000691,CUST_736,2864.33,INR,2864.33,3,2020-04-24 19:48:52,2020-04-24 19:48:52,209,False,False,False,True,0.793
CHK_00692,checkout_abandonment,2019-06-30 02:13:48,CHK_SESSION_000692,CUST_200,576.85,INR,576.85,1,2019-06-29 22:06:48,2019-06-29 22:07:48,246,False,False,False,True,0.894
CHK_00693,checkout_abandonment,2019-02-08 21:04:26,CHK_SESSION_000693,CUST_638,10511.95,INR,10511.95,10,2019-02-08 16:19:26,2019-02-08 16:21:26,283,False,False,False,True,0.702
CHK_00694,checkout_abandonment,2019-12-12 08:05:01,CHK_SESSION_000694,CUST_231,8410.39,INR,8410.39,8,2019-12-12 02:42:01,2019-12-12 02:45:01,320,False,False,False,True,0.493
CHK_00695,checkout_abandonment,2019-08-18 13:52:25,CHK_SESSION_000695,CUST_466,12474.07,INR,12474.07,10,2019-08-18 07:51:25,2019-08-18 07:55:25,357,False,False,False,True,0.781
CHK_00696,checkout_abandonment,2019-05-25 14:31:52,CHK_SESSION_000696,CUST_376,5595.03,INR,5595.03,6,2019-05-25 07:52:52,2019-05-25 07:57:52,394,False,False,False,True,0.991
CHK_00697,checkout_abandonment,2020-04-07 11:58:16,CHK_SESSION_000697,CUST_753,4368.29,INR,4368.29,4,2020-04-07 04:41:16,2020-04-07 04:47:16,431,False,False,False,True,0.597
CHK_00698,checkout_abandonment,2019-12-07 23:24:38,CHK_SESSION_000698,CUST_749,4451.29,INR,4451.29,4,2019-12-07 15:29:38,2019-12-07 15:36:38,468,False,False,False,True,0.888
CHK_00699,checkout_abandonment,2020-05-17 23:08:08,CHK_SESSION_000699,CUST_638,712.14,INR,712.14,1,2020-05-17 14:35:08,2020-05-17 14:43:08,505,False,False,False,True,0.702
CHK_00700,checkout_abandonment,2019-07-06 02:39:59,CHK_SESSION_000700,CUST_450,121.18,INR,121.18,1,2019-07-05 17:28:59,2019-07-05 17:37:59,542,False,False,False,True,0.884
CHK_00701,checkout_abandonment,2019-04-01 07:16:58,CHK_SESSION_000701,CUST_455,643.25,INR,643.25,1,2019-03-31 21:37:58,2019-03-31 21:37:58,579,False,False,False,True,0.892
CHK_00702,checkout_abandonment,2020-04-06 18:11:20,CHK_SESSION_000702,CUST_713,1201.01,INR,1201.01,1,2020-04-06 07:54:20,2020-04-06 07:55:20,616,False,False,False,True,0.893
CHK_00703,checkout_abandonment,2019-11-30 10:59:01,CHK_SESSION_000703,CUST_372,5404.96,INR,5404.96,5,2019-11-30 00:04:01,2019-11-30 00:06:01,653,False,False,False,True,0.89
CHK_00704,checkout_abandonment,2020-04-03 06:24:31,CHK_SESSION_000704,CUST_308,8618.72,INR,8618.72,9,2020-04-02 18:51:31,2020-04-02 18:54:31,690,False,False,False,True,0.696
CHK_00705,checkout_abandonment,2019-06-30 09:24:26,CHK_SESSION_000705,CUST_781,2150.53,INR,2150.53,2,2019-06-29 21:13:26,2019-06-29 21:17:26,727,False,False,False,True,0.697
CHK_00706,checkout_abandonment,2019-02-18 01:53:15,CHK_SESSION_000706,CUST_26,5870.59,INR,5870.59,6,2019-02-17 13:04:15,2019-02-17 13:09:15,764,False,False,False,True,0.888
CHK_00707,checkout_abandonment,2019-08-16 07:02:02,CHK_SESSION_000707,CUST_61,7160.41,INR,7160.41,7,2019-08-15 17:35:02,2019-08-15 17:41:02,801,False,False,False,True,0.995
CHK_00708,checkout_abandonment,2019-09-16 02:43:49,CHK_SESSION_000708,CUST_772,8098.31,INR,8098.31,8,2019-09-15 12:38:49,2019-09-15 12:45:49,838,False,False,False,True,0.694
CHK_00709,checkout_abandonment,2019-10-02 16:54:55,CHK_SESSION_000709,CUST_568,26086.9,INR,26086.9,10,2019-10-02 02:11:55,2019-10-02 02:19:55,875,False,False,False,True,0.599
CHK_00710,checkout_abandonment,2019-09-16 08:06:11,CHK_SESSION_000710,CUST_257,2770.54,INR,2770.54,3,2019-09-15 16:45:11,2019-09-15 16:54:11,912,False,False,False,True,0.596
CHK_00711,checkout_abandonment,2020-01-13 08:31:53,CHK_SESSION_000711,CUST_475,349.43,INR,349.43,1,2020-01-12 16:42:53,2020-01-12 16:42:53,949,False,False,False,True,0.798
CHK_00712,checkout_abandonment,2019-06-26 01:36:06,CHK_SESSION_000712,CUST_217,5863.12,INR,5863.12,6,2019-06-25 09:09:06,2019-06-25 09:10:06,986,False,False,False,True,0.775
CHK_00713,checkout_abandonment,2019-09-20 07:42:51,CHK_SESSION_000713,CUST_858,6580.24,INR,6580.24,7,2019-09-19 14:37:51,2019-09-19 14:39:51,1023,False,False,False,True,0.491
CHK_00714,checkout_abandonment,2019-09-09 00:09:19,CHK_SESSION_000714,CUST_448,5340.22,INR,5340.22,5,2019-09-08 06:26:19,2019-09-08 06:29:19,1060,False,False,False,True,0.787
CHK_00715,checkout_abandonment,2020-03-09 08:39:57,CHK_SESSION_000715,CUST_558,264.77,INR,264.77,1,2020-03-08 14:18:57,2020-03-08 14:22:57,1097,False,False,False,True,0.998
CHK_00716,checkout_abandonment,2019-10-25 13:17:12,CHK_SESSION_000716,CUST_144,847.43,INR,847.43,1,2019-10-24 18:18:12,2019-10-24 18:23:12,1134,False,False,False,True,0.896
CHK_00717,checkout_abandonment,2020-02-09 20:33:07,CHK_SESSION_000717,CUST_646,11530.36,INR,11530.36,10,2020-02-09 00:56:07,2020-02-09 01:02:07,1171,False,False,False,True,0.49
CHK_00718,checkout_abandonment,2019-11-12 17:31:15,CHK_SESSION_000718,CUST_170,4301.06,INR,4301.06,4,2019-11-11 21:16:15,2019-11-11 21:23:15,1208,False,False,False,True,0.593
CHK_00719,checkout_abandonment,2019-03-07 12:11:30,CHK_SESSION_000719,CUST_404,272.24,INR,272.24,1,2019-03-06 15:18:30,2019-03-06 15:26:30,1245,False,False,False,True,0.696
CHK_00720,checkout_abandonment,2019-08-28 17:24:15,CHK_SESSION_000720,CUST_140,627.48,INR,627.48,1,2019-08-27 19:53:15,2019-08-27 20:02:15,1282,False,False,False,True,0.594
CHK_00721,checkout_abandonment,2019-12-14 03:11:50,CHK_SESSION_000721,CUST_305,4164.94,INR,4164.94,4,2019-12-13 05:12:50,2019-12-13 05:12:50,1319,False,False,False,True,0.894
CHK_00722,checkout_abandonment,2020-03-18 11:26:58,CHK_SESSION_000722,CUST_469,6617.59,INR,6617.59,7,2020-03-17 12:49:58,2020-03-17 12:50:58,1356,False,False,False,True,0.494
CHK_00723,checkout_abandonment,2020-01-03 12:43:38,CHK_SESSION_000723,CUST_674,2545.61,INR,2545.61,3,2020-01-02 13:28:38,2020-01-02 13:30:38,1393,False,False,False,True,0.596
CHK_00724,checkout_abandonment,2020-03-18 05:27:33,CHK_SESSION_000724,CUST_537,2826.98,INR,2826.98,3,2020-03-17 05:34:33,2020-03-17 05:37:33,1430,False,False,False,True,0.792
CHK_00725,checkout_abandonment,2020-03-24 22:08:24,CHK_SESSION_000725,CUST_645,125.33,INR,125.33,1,2020-03-24 21:08:24,2020-03-24 21:12:24,56,False,False,False,True,0.793
CHK_00726,checkout_abandonment,2019-08-09 01:36:03,CHK_SESSION_000726,CUST_569,4727.68,INR,4727.68,5,2019-08-08 23:58:03,2019-08-09 00:03:03,93,False,False,False,True,0.689
CHK_00727,checkout_abandonment,2019-10-08 21:31:15,CHK_SESSION_000727,CUST_821,4153.32,INR,4153.32,4,2019-10-08 19:15:15,2019-10-08 19:21:15,130,False,False,False,True,0.597
CHK_00728,checkout_abandonment,2019-06-08 03:02:44,CHK_SESSION_000728,CUST_381,3033.65,INR,3033.65,3,2019-06-08 00:08:44,2019-06-08 00:15:44,167,False,False,False,True,0.49
CHK_00729,checkout_abandonment,2019-01-08 16:46:46,CHK_SESSION_000729,CUST_179,2537.31,INR,2537.31,3,2019-01-08 13:14:46,2019-01-08 13:22:46,204,False,False,False,True,0.96
CHK_00730,checkout_abandonment,2020-05-03 18:36:17,CHK_SESSION_000730,CUST_878,112.88,INR,112.88,1,2020-05-03 14:26:17,2020-05-03 14:35:17,241,False,False,False,True,0.496
CHK_00731,checkout_abandonment,2020-04-21 19:41:22,CHK_SESSION_000731,CUST_136,2510.75,INR,2510.75,3,2020-04-21 15:03:22,2020-04-21 15:03:22,278,False,False,False,True,0.595
CHK_00732,checkout_abandonment,2019-07-31 18:18:16,CHK_SESSION_000732,CUST_443,7515.65,INR,7515.65,8,2019-07-31 13:02:16,2019-07-31 13:03:16,315,False,False,False,True,0.793
CHK_00733,checkout_abandonment,2019-12-14 18:26:22,CHK_SESSION_000733,CUST_15,3165.62,INR,3165.62,3,2019-12-14 12:32:22,2019-12-14 12:34:22,352,False,False,False,True,0.689
CHK_00734,checkout_abandonment,2020-04-10 08:10:30,CHK_SESSION_000734,CUST_326,12170.29,INR,12170.29,10,2020-04-10 01:38:30,2020-04-10 01:41:30,389,False,False,False,True,0.789
CHK_00735,checkout_abandonment,2020-01-17 23:44:12,CHK_SESSION_000735,CUST_524,493.02,INR,493.02,1,2020-01-17 16:34:12,2020-01-17 16:38:12,426,False,False,False,True,0.489
CHK_00736,checkout_abandonment,2019-01-01 23:12:51,CHK_SESSION_000736,CUST_650,1084.81,INR,1084.81,1,2019-01-01 15:24:51,2019-01-01 15:29:51,463,False,False,False,True,0.792
CHK_00737,checkout_abandonment,2020-02-01 11:16:47,CHK_SESSION_000737,CUST_603,2327.32,INR,2327.32,2,2020-02-01 02:50:47,2020-02-01 02:56:47,500,False,False,False,True,0.687
CHK_00738,checkout_abandonment,2019-06-21 00:53:43,CHK_SESSION_000738,CUST_281,4739.3,INR,4739.3,5,2019-06-20 15:49:43,2019-06-20 15:56:43,537,False,False,False,True,0.959
CHK_00739,checkout_abandonment,2019-07-17 05:03:37,CHK_SESSION_000739,CUST_105,123.67,INR,123.67,1,2019-07-16 19:21:37,2019-07-16 19:29:37,574,False,False,False,True,0.798
CHK_00740,checkout_abandonment,2019-05-23 05:56:13,CHK_SESSION_000740,CUST_202,9388.96,INR,9388.96,9,2019-05-22 19:36:13,2019-05-22 19:45:13,611,False,False,False,True,0.89
CHK_00741,checkout_abandonment,2020-01-04 08:44:26,CHK_SESSION_000741,CUST_305,375.16,INR,375.16,1,2020-01-03 21:56:26,2020-01-03 21:56:26,648,False,False,False,True,0.894
CHK_00742,checkout_abandonment,2019-12-03 00:23:25,CHK_SESSION_000742,CUST_37,549.46,INR,549.46,1,2019-12-02 12:57:25,2019-12-02 12:58:25,685,False,False,False,True,0.985
CHK_00743,checkout_abandonment,2019-04-30 08:12:27,CHK_SESSION_000743,CUST_563,44636.57,INR,44636.57,10,2019-04-29 20:08:27,2019-04-29 20:10:27,722,False,False,False,True,0.793
CHK_00744,checkout_abandonment,2019-11-18 02:16:39,CHK_SESSION_000744,CUST_83,304.61,INR,304.61,1,2019-11-17 13:34:39,2019-11-17 13:37:39,759,False,False,False,True,0.999
CHK_00745,checkout_abandonment,2019-12-16 11:19:38,CHK_SESSION_000745,CUST_302,8055.98,INR,8055.98,8,2019-12-15 21:59:38,2019-12-15 22:03:38,796,False,False,False,True,0.594
CHK_00746,checkout_abandonment,2020-05-20 19:47:34,CHK_SESSION_000746,CUST_272,6680.67,INR,6680.67,7,2020-05-20 05:49:34,2020-05-20 05:54:34,833,False,False,False,True,0.689
CHK_00747,checkout_abandonment,2019-07-02 06:14:00,CHK_SESSION_000747,CUST_46,1740.51,INR,1740.51,2,2019-07-01 15:38:00,2019-07-01 15:44:00,870,False,False,False,True,0.992
CHK_00748,checkout_abandonment,2019-06-10 08:40:18,CHK_SESSION_000748,CUST_341,94.62,INR,94.62,1,2019-06-09 17:26:18,2019-06-09 17:33:18,907,False,False,False,True,0.793
CHK_00749,checkout_abandonment,2019-11-17 14:06:25,CHK_SESSION_000749,CUST_725,7470.0,INR,7470.0,7,2019-11-16 22:14:25,2019-11-16 22:22:25,944,False,False,False,True,0.687
CHK_00750,checkout_abandonment,2019-07-20 07:11:46,CHK_SESSION_000750,CUST_605,834.15,INR,834.15,1,2019-07-19 14:41:46,2019-07-19 14:50:46,981,False,False,False,True,0.691
CHK_00751,checkout_abandonment,2019-06-16 10:43:20,CHK_SESSION_000751,CUST_612,622.5,INR,622.5,1,2019-06-15 17:45:20,2019-06-15 17:45:20,1018,False,False,False,True,0.8
CHK_00752,checkout_abandonment,2020-01-24 05:28:45,CHK_SESSION_000752,CUST_23,9530.06,INR,9530.06,10,2020-01-23 11:52:45,2020-01-23 11:53:45,1055,False,False,False,True,0.788
CHK_00753,checkout_abandonment,2019-08-11 14:47:38,CHK_SESSION_000753,CUST_802,1361.2,INR,1361.2,1,2019-08-10 20:33:38,2019-08-10 20:35:38,1092,False,False,False,True,0.694
CHK_00754,checkout_abandonment,2019-09-01 08:45:57,CHK_SESSION_000754,CUST_512,1148.72,INR,1148.72,1,2019-08-31 13:53:57,2019-08-31 13:56:57,1129,False,False,False,True,0.593
CHK_00755,checkout_abandonment,2020-02-24 11:09:33,CHK_SESSION_000755,CUST_183,1699.01,INR,1699.01,2,2020-02-23 15:39:33,2020-02-23 15:43:33,1166,False,False,False,True,0.794
CHK_00756,checkout_abandonment,2019-07-22 04:46:26,CHK_SESSION_000756,CUST_422,16806.67,INR,16806.67,10,2019-07-21 08:38:26,2019-07-21 08:43:26,1203,False,False,False,True,0.702
CHK_00757,checkout_abandonment,2019-08-27 14:35:08,CHK_SESSION_000757,CUST_778,106038.31,INR,106038.31,10,2019-08-26 17:49:08,2019-08-26 17:55:08,1240,False,False,False,True,0.793
CHK_00758,checkout_abandonment,2019-05-29 13:06:25,CHK_SESSION_000758,CUST_507,10575.86,INR,10575.86,10,2019-05-28 15:42:25,2019-05-28 15:49:25,1277,False,False,False,True,0.793
CHK_00759,checkout_abandonment,2020-04-19 21:16:44,CHK_SESSION_000759,CUST_169,317.89,INR,317.89,1,2020-04-18 23:14:44,2020-04-18 23:22:44,1314,False,False,False,True,0.594
CHK_00760,checkout_abandonment,2019-07-13 00:33:26,CHK_SESSION_000760,CUST_522,4981.66,INR,4981.66,5,2019-07-12 01:53:26,2019-07-12 02:02:26,1351,False,False,False,True,0.698
CHK_00761,checkout_abandonment,2019-04-30 06:35:35,CHK_SESSION_000761,CUST_691,4557.53,INR,4557.53,5,2019-04-29 07:27:35,2019-04-29 07:27:35,1388,False,False,False,True,0.895
CHK_00762,checkout_abandonment,2019-09-30 22:54:18,CHK_SESSION_000762,CUST_700,57837.72,INR,57837.72,10,2019-09-29 23:08:18,2019-09-29 23:09:18,1425,False,False,False,True,0.694
CHK_00763,checkout_abandonment,2019-10-21 05:20:23,CHK_SESSION_000763,CUST_120,6529.61,INR,6529.61,7,2019-10-21 04:27:23,2019-10-21 04:29:23,51,False,False,False,True,0.694
CHK_00764,checkout_abandonment,2019-08-18 03:41:34,CHK_SESSION_000764,CUST_425,9535.04,INR,9535.04,10,2019-08-18 02:10:34,2019-08-18 02:13:34,88,False,False,False,True,0.696
CHK_00765,checkout_abandonment,2019-08-18 20:35:46,CHK_SESSION_000765,CUST_293,2005.28,INR,2005.28,2,2019-08-18 18:26:46,2019-08-18 18:30:46,125,False,False,False,True,0.982
CHK_00766,checkout_abandonment,2019-01-27 21:50:05,CHK_SESSION_000766,CUST_827,8499.2,INR,8499.2,8,2019-01-27 19:03:05,2019-01-27 19:08:05,162,False,False,False,True,0.786
CHK_00767,checkout_abandonment,2019-12-11 00:28:04,CHK_SESSION_000767,CUST_731,27956.06,INR,27956.06,10,2019-12-10 21:03:04,2019-12-10 21:09:04,199,False,False,False,True,0.595
CHK_00768,checkout_abandonment,2019-04-26 16:26:21,CHK_SESSION_000768,CUST_280,9778.23,INR,9778.23,10,2019-04-26 12:23:21,2019-04-26 12:30:21,236,False,False,False,True,0.886
CHK_00769,checkout_abandonment,2019-07-14 19:14:35,CHK_SESSION_000769,CUST_245,3265.22,INR,3265.22,3,2019-07-14 14:33:35,2019-07-14 14:41:35,273,False,False,False,True,0.89
CHK_00770,checkout_abandonment,2019-10-12 22:15:49,CHK_SESSION_000770,CUST_190,6903.94,INR,6903.94,7,2019-10-12 16:56:49,2019-10-12 17:05:49,310,False,False,False,True,0.696
CHK_00771,checkout_abandonment,2019-12-23 17:20:54,CHK_SESSION_000771,CUST_721,5077.11,INR,5077.11,5,2019-12-23 11:33:54,2019-12-23 11:33:54,347,False,False,False,True,0.492
CHK_00772,checkout_abandonment,2019-10-27 02:53:32,CHK_SESSION_000772,CUST_482,275.56,INR,275.56,1,2019-10-26 20:28:32,2019-10-26 20:29:32,384,False,False,False,True,0.986
CHK_00773,checkout_abandonment,2019-02-18 07:53:34,CHK_SESSION_000773,CUST_328,3793.93,INR,3793.93,4,2019-02-18 00:50:34,2019-02-18 00:52:34,421,False,False,False,True,0.791
CHK_00774,checkout_abandonment,2020-04-05 23:03:35,CHK_SESSION_000774,CUST_273,3520.03,INR,3520.03,4,2020-04-05 15:22:35,2020-04-05 15:25:35,458,False,False,False,True,0.995
CHK_00775,checkout_abandonment,2019-12-23 03:12:48,CHK_SESSION_000775,CUST_679,6541.23,INR,6541.23,7,2019-12-22 18:53:48,2019-12-22 18:57:48,495,False,False,False,True,0.689
CHK_00776,checkout_abandonment,2019-08-16 12:01:18,CHK_SESSION_000776,CUST_598,2195.35,INR,2195.35,2,2019-08-16 03:04:18,2019-08-16 03:09:18,532,False,False,False,True,0.693
CHK_00777,checkout_abandonment,2019-01-05 01:23:45,CHK_SESSION_000777,CUST_8,84311.4,INR,84311.4,10,2019-01-04 15:48:45,2019-01-04 15:54:45,569,False,False,False,True,0.589
CHK_00778,checkout_abandonment,2019-07-10 20:27:39,CHK_SESSION_000778,CUST_598,7365.42,INR,7365.42,7,2019-07-10 10:14:39,2019-07-10 10:21:39,606,False,False,False,True,0.693
CHK_00779,checkout_abandonment,2020-04-06 09:38:03,CHK_SESSION_000779,CUST_828,798.46,INR,798.46,1,2020-04-05 22:47:03,2020-04-05 22:55:03,643,False,False,False,True,0.793
CHK_00780,checkout_abandonment,2019-10-12 18:43:52,CHK_SESSION_000780,CUST_645,3514.22,INR,3514.22,4,2019-10-12 07:14:52,2019-10-12 07:23:52,680,False,False,False,True,0.793
CHK_00781,checkout_abandonment,2019-08-19 08:04:35,CHK_SESSION_000781,CUST_464,5933.67,INR,5933.67,6,2019-08-18 20:07:35,2019-08-18 20:07:35,717,False,False,False,True,0.786
CHK_00782,checkout_abandonment,2019-12-06 04:19:32,CHK_SESSION_000782,CUST_547,423.3,INR,423.3,1,2019-12-05 15:44:32,2019-12-05 15:45:32,754,False,False,False,True,0.789
CHK_00783,checkout_abandonment,2020-05-14 03:14:43,CHK_SESSION_000783,CUST_893,3409.64,INR,3409.64,3,2020-05-13 14:01:43,2020-05-13 14:03:43,791,False,False,False,True,0.601
CHK_00784,checkout_abandonment,2019-10-08 21:58:54,CHK_SESSION_000784,CUST_627,605.07,INR,605.07,1,2019-10-08 08:07:54,2019-10-08 08:10:54,828,False,False,False,True,0.595
CHK_00785,checkout_abandonment,2019-06-16 06:26:45,CHK_SESSION_000785,CUST_590,3637.89,INR,3637.89,4,2019-06-15 15:57:45,2019-06-15 16:01:45,865,False,False,False,True,0.792
CHK_00786,checkout_abandonment,2020-04-13 12:38:10,CHK_SESSION_000786,CUST_645,346.11,INR,346.11,1,2020-04-12 21:31:10,2020-04-12 21:36:10,902,False,False,False,True,0.793
CHK_00787,checkout_abandonment,2020-05-25 04:48:21,CHK_SESSION_000787,CUST_522,15843.87,INR,15843.87,10,2020-05-24 13:03:21,2020-05-24 13:09:21,939,False,False,False,True,0.698
CHK_00788,checkout_abandonment,2020-02-25 15:15:05,CHK_SESSION_000788,CUST_367,6513.84,INR,6513.84,7,2020-02-24 22:52:05,2020-02-24 22:59:05,976,False,False,False,True,0.695
CHK_00789,checkout_abandonment,2020-05-18 16:22:59,CHK_SESSION_000789,CUST_443,3310.87,INR,3310.87,3,2020-05-17 23:21:59,2020-05-17 23:29:59,1013,False,False,False,True,0.793
CHK_00790,checkout_abandonment,2020-01-25 15:48:58,CHK_SESSION_000790,CUST_434,151.89,INR,151.89,1,2020-01-24 22:09:58,2020-01-24 22:18:58,1050,False,False,False,True,0.893
CHK_00791,checkout_abandonment,2019-12-01 00:24:24,CHK_SESSION_000791,CUST_338,688.07,INR,688.07,1,2019-11-30 06:17:24,2019-11-30 06:17:24,1087,False,False,False,True,0.791
CHK_00792,checkout_abandonment,2019-11-10 15:35:16,CHK_SESSION_000792,CUST_292,6475.66,INR,6475.66,6,2019-11-09 20:50:16,2019-11-09 20:51:16,1124,False,False,False,True,0.599
CHK_00793,checkout_abandonment,2019-12-16 13:06:57,CHK_SESSION_000793,CUST_250,1713.95,INR,1713.95,2,2019-12-15 17:43:57,2019-12-15 17:45:57,1161,False,False,False,True,0.8
CHK_00794,checkout_abandonment,2020-03-10 17:15:43,CHK_SESSION_000794,CUST_294,1479.89,INR,1479.89,1,2020-03-09 21:14:43,2020-03-09 21:17:43,1198,False,False,False,True,0.787
CHK_00795,checkout_abandonment,2019-09-09 23:34:09,CHK_SESSION_000795,CUST_133,677.28,INR,677.28,1,2019-09-09 02:55:09,2019-09-09 02:59:09,1235,False,False,False,True,0.883
CHK_00796,checkout_abandonment,2019-07-15 21:38:59,CHK_SESSION_000796,CUST_758,5974.34,INR,5974.34,6,2019-07-15 00:21:59,2019-07-15 00:26:59,1272,False,False,False,True,0.495
CHK_00797,checkout_abandonment,2020-06-15 15:17:12,CHK_SESSION_000797,CUST_658,673.96,INR,673.96,1,2020-06-14 17:22:12,2020-06-14 17:28:12,1309,False,False,False,True,0.892
CHK_00798,checkout_abandonment,2020-05-23 20:44:06,CHK_SESSION_000798,CUST_681,7320.6,INR,7320.6,7,2020-05-22 22:11:06,2020-05-22 22:18:06,1346,False,False,False,True,0.592
CHK_00799,checkout_abandonment,2019-08-16 17:47:08,CHK_SESSION_000799,CUST_82,4020.52,INR,4020.52,4,2019-08-15 18:36:08,2019-08-15 18:44:08,1383,False,False,False,True,0.792
CHK_00800,checkout_abandonment,2019-08-22 16:38:58,CHK_SESSION_000800,CUST_829,4636.38,INR,4636.38,5,2019-08-21 16:49:58,2019-08-21 16:58:58,1420,False,False,False,True,0.5
CHK_00801,checkout_abandonment,2019-10-10 00:19:57,CHK_SESSION_000801,CUST_359,4082.77,INR,4082.77,4,2019-10-09 23:33:57,2019-10-09 23:33:57,46,False,False,False,True,0.793
CHK_00802,checkout_abandonment,2020-03-27 11:42:59,CHK_SESSION_000802,CUST_73,12670.78,INR,12670.78,10,2020-03-27 10:18:59,2020-03-27 10:19:59,83,False,False,False,True,0.784
CHK_00803,checkout_abandonment,2019-06-15 19:34:25,CHK_SESSION_000803,CUST_664,678.94,INR,678.94,1,2019-06-15 17:32:25,2019-06-15 17:34:25,120,False,False,False,True,0.595
CHK_00804,checkout_abandonment,2020-01-08 21:50:27,CHK_SESSION_000804,CUST_91,11600.91,INR,11600.91,10,2020-01-08 19:10:27,2020-01-08 19:13:27,157,False,False,False,True,0.787
CHK_00805,checkout_abandonment,2019-10-11 15:40:40,CHK_SESSION_000805,CUST_359,4386.55,INR,4386.55,4,2019-10-11 12:22:40,2019-10-11 12:26:40,194,False,False,False,True,0.793
CHK_00806,checkout_abandonment,2019-06-07 19:43:31,CHK_SESSION_000806,CUST_611,1639.25,INR,1639.25,2,2019-06-07 15:47:31,2019-06-07 15:52:31,231,False,False,False,True,0.961
CHK_00807,checkout_abandonment,2020-05-16 02:10:23,CHK_SESSION_000807,CUST_674,2098.24,INR,2098.24,2,2020-05-15 21:36:23,2020-05-15 21:42:23,268,False,False,False,True,0.596
CHK_00808,checkout_abandonment,2019-03-23 10:07:58,CHK_SESSION_000808,CUST_461,5345.2,INR,5345.2,5,2019-03-23 04:55:58,2019-03-23 05:02:58,305,False,False,False,True,0.8
CHK_00809,checkout_abandonment,2019-03-05 04:28:04,CHK_SESSION_000809,CUST_146,195.05,INR,195.05,1,2019-03-04 22:38:04,2019-03-04 22:46:04,342,False,False,False,True,0.798
CHK_00810,checkout_abandonment,2019-05-02 10:15:22,CHK_SESSION_000810,CUST_558,4667.92,INR,4667.92,5,2019-05-02 03:47:22,2019-05-02 03:56:22,379,False,False,False,True,0.998
CHK_00811,checkout_abandonment,2019-12-06 15:10:09,CHK_SESSION_000811,CUST_644,2813.7,INR,2813.7,3,2019-12-06 08:14:09,2019-12-06 08:14:09,416,False,False,False,True,0.795
CHK_00812,checkout_abandonment,2020-03-06 14:21:09,CHK_SESSION_000812,CUST_686,4918.58,INR,4918.58,5,2020-03-06 06:47:09,2020-03-06 06:48:09,453,False,False,False,True,0.692
CHK_00813,checkout_abandonment,2020-01-06 04:43:52,CHK_SESSION_000813,CUST_766,569.38,INR,569.38,1,2020-01-05 20:31:52,2020-01-05 20:33:52,490,False,False,False,True,0.791
CHK_00814,checkout_abandonment,2019-07-17 10:48:43,CHK_SESSION_000814,CUST_811,8719.98,INR,8719.98,9,2019-07-17 01:58:43,2019-07-17 02:01:43,527,False,False,False,True,0.595
CHK_00815,checkout_abandonment,2020-03-15 23:09:29,CHK_SESSION_000815,CUST_657,6426.69,INR,6426.69,6,2020-03-15 13:41:29,2020-03-15 13:45:29,564,False,False,False,True,0.492
CHK_00816,checkout_abandonment,2019-03-24 06:54:03,CHK_SESSION_000816,CUST_645,6057.34,INR,6057.34,6,2019-03-23 20:48:03,2019-03-23 20:53:03,601,False,False,False,True,0.793
CHK_00817,checkout_abandonment,2019-05-22 05:47:39,CHK_SESSION_000817,CUST_495,3629.59,INR,3629.59,4,2019-05-21 19:03:39,2019-05-21 19:09:39,638,False,False,False,True,0.79
CHK_00818,checkout_abandonment,2019-06-30 09:49:49,CHK_SESSION_000818,CUST_797,771.07,INR,771.07,1,2019-06-29 22:27:49,2019-06-29 22:34:49,675,False,False,False,True,0.498
CHK_00819,checkout_abandonment,2019-12-08 08:19:33,CHK_SESSION_000819,CUST_1,3476.04,INR,3476.04,3,2019-12-07 20:19:33,2019-12-07 20:27:33,712,False,False,False,True,0.982
CHK_00820,checkout_abandonment,2019-03-11 03:30:23,CHK_SESSION_000820,CUST_159,1942.2,INR,1942.2,2,2019-03-10 14:52:23,2019-03-10 15:01:23,749,False,False,False,True,0.602
CHK_00821,checkout_abandonment,2019-04-27 05:43:06,CHK_SESSION_000821,CUST_16,403.38,INR,403.38,1,2019-04-26 16:37:06,2019-04-26 16:37:06,786,False,False,False,True,0.8
CHK_00822,checkout_abandonment,2019-06-24 15:12:06,CHK_SESSION_000822,CUST_614,9373.19,INR,9373.19,9,2019-06-24 01:28:06,2019-06-24 01:29:06,823,False,False,False,True,0.592
CHK_00823,checkout_abandonment,2020-01-15 14:55:35,CHK_SESSION_000823,CUST_590,249.0,INR,249.0,1,2020-01-15 00:33:35,2020-01-15 00:35:35,860,False,False,False,True,0.792
CHK_00824,checkout_abandonment,2020-06-18 22:25:02,CHK_SESSION_000824,CUST_843,452.35,INR,452.35,1,2020-06-18 07:25:02,2020-06-18 07:28:02,897,False,False,False,True,0.498
CHK_00825,checkout_abandonment,2019-06-22 11:29:54,CHK_SESSION_000825,CUST_506,835.81,INR,835.81,1,2019-06-21 19:51:54,2019-06-21 19:55:54,934,False,False,False,True,0.789
CHK_00826,checkout_abandonment,2020-05-21 23:08:11,CHK_SESSION_000826,CUST_841,1028.37,INR,1028.37,1,2020-05-21 06:52:11,2020-05-21 06:57:11,971,False,False,False,True,0.598
CHK_00827,checkout_abandonment,2019-12-17 13:59:58,CHK_SESSION_000827,CUST_604,205.01,INR,205.01,1,2019-12-16 21:05:58,2019-12-16 21:11:58,1008,False,False,False,True,0.989
CHK_00828,checkout_abandonment,2020-05-05 20:18:59,CHK_SESSION_000828,CUST_881,7914.88,INR,7914.88,8,2020-05-05 02:46:59,2020-05-05 02:53:59,1045,False,False,False,True,0.494
CHK_00829,checkout_abandonment,2019-07-10 11:45:08,CHK_SESSION_000829,CUST_251,537.01,INR,537.01,1,2019-07-09 17:35:08,2019-07-09 17:43:08,1082,False,False,False,True,0.688
CHK_00830,checkout_abandonment,2019-06-12 18:24:32,CHK_SESSION_000830,CUST_526,3937.52,INR,3937.52,4,2019-06-11 23:36:32,2019-06-11 23:45:32,1119,False,False,False,True,0.792
CHK_00831,checkout_abandonment,2019-10-06 18:19:48,CHK_SESSION_000831,CUST_670,1318.87,INR,1318.87,1,2019-10-05 23:03:48,2019-10-05 23:03:48,1156,False,False,False,True,0.802
CHK_00832,checkout_abandonment,2019-08-19 08:38:55,CHK_SESSION_000832,CUST_244,613.37,INR,613.37,1,2019-08-18 12:44:55,2019-08-18 12:45:55,1193,False,False,False,True,0.901
CHK_00833,checkout_abandonment,2020-03-07 00:44:50,CHK_SESSION_000833,CUST_370,10909.52,INR,10909.52,10,2020-03-06 04:12:50,2020-03-06 04:14:50,1230,False,False,False,True,0.692
CHK_00834,checkout_abandonment,2019-08-29 17:58:40,CHK_SESSION_000834,CUST_68,6185.16,INR,6185.16,6,2019-08-28 20:48:40,2019-08-28 20:51:40,1267,False,False,False,True,1.0
CHK_00835,checkout_abandonment,2020-06-17 13:00:06,CHK_SESSION_000835,CUST_201,9866.21,INR,9866.21,10,2020-06-16 15:12:06,2020-06-16 15:16:06,1304,False,False,False,True,0.889
CHK_00836,checkout_abandonment,2019-11-30 21:48:43,CHK_SESSION_000836,CUST_299,3287.63,INR,3287.63,3,2019-11-29 23:22:43,2019-11-29 23:27:43,1341,False,False,False,True,0.701
CHK_00837,checkout_abandonment,2019-11-11 15:54:24,CHK_SESSION_000837,CUST_514,11185.08,INR,11185.08,10,2019-11-10 16:50:24,2019-11-10 16:56:24,1378,False,False,False,True,0.702
CHK_00838,checkout_abandonment,2020-03-04 11:11:44,CHK_SESSION_000838,CUST_544,352.75,INR,352.75,1,2020-03-03 11:29:44,2020-03-03 11:36:44,1415,False,False,False,True,0.788
CHK_00839,checkout_abandonment,2019-08-15 23:05:35,CHK_SESSION_000839,CUST_82,6730.47,INR,6730.47,7,2019-08-15 22:16:35,2019-08-15 22:24:35,41,False,False,False,True,0.792
CHK_00840,checkout_abandonment,2020-01-25 13:33:24,CHK_SESSION_000840,CUST_653,23304.74,INR,23304.74,10,2020-01-25 12:06:24,2020-01-25 12:15:24,78,False,False,False,True,0.893
CHK_00841,checkout_abandonment,2019-07-28 20:26:18,CHK_SESSION_000841,CUST_78,6204.25,INR,6204.25,6,2019-07-28 18:31:18,2019-07-28 18:31:18,115,False,False,False,True,0.79
CHK_00842,checkout_abandonment,2019-11-04 04:42:43,CHK_SESSION_000842,CUST_247,5354.33,INR,5354.33,5,2019-11-04 02:09:43,2019-11-04 02:10:43,152,False,False,False,True,0.696
CHK_00843,checkout_abandonment,2019-01-08 22:15:15,CHK_SESSION_000843,CUST_429,105.41,INR,105.41,1,2019-01-08 19:04:15,2019-01-08 19:06:15,189,False,False,False,True,0.789
CHK_00844,checkout_abandonment,2020-04-21 18:44:17,CHK_SESSION_000844,CUST_187,6322.94,INR,6322.94,6,2020-04-21 14:55:17,2020-04-21 14:58:17,226,False,False,False,True,0.8
CHK_00845,checkout_abandonment,2020-05-23 20:44:19,CHK_SESSION_000845,CUST_188,9243.71,INR,9243.71,9,2020-05-23 16:17:19,2020-05-23 16:21:19,263,False,False,False,True,0.79
CHK_00846,checkout_abandonment,2019-04-08 18:26:06,CHK_SESSION_000846,CUST_558,371.01,INR,371.01,1,2019-04-08 13:21:06,2019-04-08 13:26:06,300,False,False,False,True,0.998
CHK_00847,checkout_abandonment,2019-12-17 03:04:21,CHK_SESSION_000847,CUST_525,5878.06,INR,5878.06,6,2019-12-16 21:21:21,2019-12-16 21:27:21,337,False,False,False,True,0.79
CHK_00848,checkout_abandonment,2019-09-01 21:40:07,CHK_SESSION_000848,CUST_50,2407.0,INR,2407.0,2,2019-09-01 15:19:07,2019-09-01 15:26:07,374,False,False,False,True,0.789
CHK_00849,checkout_abandonment,2019-04-21 03:39:26,CHK_SESSION_000849,CUST_622,434.92,INR,434.92,1,2019-04-20 20:40:26,2019-04-20 20:48:26,411,False,False,False,True,0.9
CHK_00850,checkout_abandonment,2019-11-03 21:29:51,CHK_SESSION_000850,CUST_474,19781.39,INR,19781.39,10,2019-11-03 13:52:51,2019-11-03 14:01:51,448,False,False,False,True,0.893
CHK_00851,checkout_abandonment,2020-01-08 03:52:44,CHK_SESSION_000851,CUST_85,305.44,INR,305.44,1,2020-01-07 19:47:44,2020-01-07 19:47:44,485,False,False,False,True,0.789
CHK_00852,checkout_abandonment,2020-02-01 09:40:42,CHK_SESSION_000852,CUST_894,6847.5,INR,6847.5,7,2020-02-01 00:57:42,2020-02-01 00:58:42,522,False,False,False,True,0.493
CHK_00853,checkout_abandonment,2020-04-13 06:30:58,CHK_SESSION_000853,CUST_576,2078.32,INR,2078.32,2,2020-04-12 21:09:58,2020-04-12 21:11:58,559,False,False,False,True,0.592
CHK_00854,checkout_abandonment,2019-06-22 21:39:01,CHK_SESSION_000854,CUST_202,804.27,INR,804.27,1,2019-06-22 11:40:01,2019-06-22 11:43:01,596,False,False,False,True,0.89
CHK_00855,checkout_abandonment,2020-02-28 12:17:00,CHK_SESSION_000855,CUST_50,6849.99,INR,6849.99,7,2020-02-28 01:40:00,2020-02-28 01:44:00,633,False,False,False,True,0.789
CHK_00856,checkout_abandonment,2020-01-09 23:26:42,CHK_SESSION_000856,CUST_86,8529.08,INR,8529.08,9,2020-01-09 12:11:42,2020-01-09 12:16:42,670,False,False,False,True,0.999
CHK_00857,checkout_abandonment,2020-02-22 12:48:39,CHK_SESSION_000857,CUST_688,4953.44,INR,4953.44,5,2020-02-22 00:55:39,2020-02-22 01:01:39,707,False,False,False,True,0.789
CHK_00858,checkout_abandonment,2019-12-22 04:21:04,CHK_SESSION_000858,CUST_217,406.7,INR,406.7,1,2019-12-21 15:50:04,2019-12-21 15:57:04,744,False,False,False,True,0.775
CHK_00859,checkout_abandonment,2019-10-01 09:02:52,CHK_SESSION_000859,CUST_46,95.45,INR,95.45,1,2019-09-30 19:53:52,2019-09-30 20:01:52,781,False,False,False,True,0.992
CHK_00860,checkout_abandonment,2020-01-15 02:39:23,CHK_SESSION_000860,CUST_681,16115.28,INR,16115.28,10,2020-01-14 12:52:23,2020-01-14 13:01:23,818,False,False,False,True,0.592
CHK_00861,checkout_abandonment,2019-06-20 06:53:25,CHK_SESSION_000861,CUST_589,10808.26,INR,10808.26,10,2019-06-19 16:38:25,2019-06-19 16:38:25,855,False,False,False,True,0.69
CHK_00862,checkout_abandonment,2019-02-27 03:55:38,CHK_SESSION_000862,CUST_82,6053.19,INR,6053.19,6,2019-02-26 13:02:38,2019-02-26 13:03:38,892,False,False,False,True,0.792
CHK_00863,checkout_abandonment,2019-09-30 13:15:27,CHK_SESSION_000863,CUST_573,722.93,INR,722.93,1,2019-09-29 21:44:27,2019-09-29 21:46:27,929,False,False,False,True,0.791
CHK_00864,checkout_abandonment,2020-06-02 14:01:12,CHK_SESSION_000864,CUST_418,385.12,INR,385.12,1,2020-06-01 21:52:12,2020-06-01 21:55:12,966,False,False,False,True,0.697
CHK_00865,checkout_abandonment,2019-04-24 11:44:34,CHK_SESSION_000865,CUST_225,7922.35,INR,7922.35,8,2019-04-23 18:57:34,2019-04-23 19:01:34,1003,False,False,False,True,0.792
CHK_00866,checkout_abandonment,2019-09-01 04:51:54,CHK_SESSION_000866,CUST_505,19184.62,INR,19184.62,10,2019-08-31 11:26:54,2019-08-31 11:31:54,1040,False,False,False,True,0.885
CHK_00867,checkout_abandonment,2020-01-19 16:24:57,CHK_SESSION_000867,CUST_487,2212.78,INR,2212.78,2,2020-01-18 22:21:57,2020-01-18 22:27:57,1077,False,False,False,True,0.689
CHK_00868,checkout_abandonment,2020-05-12 12:10:22,CHK_SESSION_000868,CUST_165,3325.81,INR,3325.81,3,2020-05-11 17:29:22,2020-05-11 17:36:22,1114,False,False,False,True,0.697
CHK_00869,checkout_abandonment,2019-08-19 06:26:55,CHK_SESSION_000869,CUST_191,7005.2,INR,7005.2,7,2019-08-18 11:07:55,2019-08-18 11:15:55,1151,False,False,False,True,0.695
CHK_00870,checkout_abandonment,2019-04-25 02:52:29,CHK_SESSION_000870,CUST_163,15833.91,INR,15833.91,10,2019-04-24 06:55:29,2019-04-24 07:04:29,1188,False,False,False,True,0.695
CHK_00871,checkout_abandonment,2019-11-25 01:52:14,CHK_SESSION_000871,CUST_728,11399.22,INR,11399.22,10,2019-11-24 05:27:14,2019-11-24 05:27:14,1225,False,False,False,True,0.492
CHK_00872,checkout_abandonment,2019-07-05 14:46:12,CHK_SESSION_000872,CUST_285,1118.01,INR,1118.01,1,2019-07-04 17:43:12,2019-07-04 17:44:12,1262,False,False,False,True,0.794
CHK_00873,checkout_abandonment,2019-03-10 21:48:18,CHK_SESSION_000873,CUST_20,6400.96,INR,6400.96,6,2019-03-10 00:07:18,2019-03-10 00:09:18,1299,False,False,False,True,0.794
CHK_00874,checkout_abandonment,2019-09-02 08:44:12,CHK_SESSION_000874,CUST_448,7772.95,INR,7772.95,8,2019-09-01 10:25:12,2019-09-01 10:28:12,1336,False,False,False,True,0.787
CHK_00875,checkout_abandonment,2019-05-26 12:45:56,CHK_SESSION_000875,CUST_281,2964.76,INR,2964.76,3,2019-05-25 13:48:56,2019-05-25 13:52:56,1373,False,False,False,True,0.959
CHK_00876,checkout_abandonment,2020-05-29 16:56:01,CHK_SESSION_000876,CUST_600,8761.48,INR,8761.48,9,2020-05-28 17:21:01,2020-05-28 17:26:01,1410,False,False,False,True,0.588
CHK_00877,checkout_abandonment,2020-06-15 13:18:10,CHK_SESSION_000877,CUST_611,2996.3,INR,2996.3,3,2020-06-15 12:36:10,2020-06-15 12:42:10,36,False,False,False,True,0.961
CHK_00878,checkout_abandonment,2019-12-09 16:09:03,CHK_SESSION_000878,CUST_406,3259.41,INR,3259.41,3,2019-12-09 14:49:03,2019-12-09 14:56:03,73,False,False,False,True,0.796
CHK_00879,checkout_abandonment,2019-12-02 23:36:07,CHK_SESSION_000879,CUST_723,27690.46,INR,27690.46,10,2019-12-02 21:38:07,2019-12-02 21:46:07,110,False,False,False,True,0.696
CHK_00880,checkout_abandonment,2019-11-24 18:12:07,CHK_SESSION_000880,CUST_805,108.73,INR,108.73,1,2019-11-24 15:36:07,2019-11-24 15:45:07,147,False,False,False,True,0.677
CHK_00881,checkout_abandonment,2019-05-20 18:03:44,CHK_SESSION_000881,CUST_234,3724.21,INR,3724.21,4,2019-05-20 14:59:44,2019-05-20 14:59:44,184,False,False,False,True,0.788
CHK_00882,checkout_abandonment,2020-04-05 09:28:02,CHK_SESSION_000882,CUST_845,8947.4,INR,8947.4,9,2020-04-05 05:46:02,2020-04-05 05:47:02,221,False,False,False,True,0.797
CHK_00883,checkout_abandonment,2019-05-06 11:19:20,CHK_SESSION_000883,CUST_394,6189.31,INR,6189.31,6,2019-05-06 06:59:20,2019-05-06 07:01:20,258,False,False,False,True,0.596
CHK_00884,checkout_abandonment,2019-06-07 08:45:00,CHK_SESSION_000884,CUST_275,7206.06,INR,7206.06,7,2019-06-07 03:47:00,2019-06-07 03:50:00,295,False,False,False,True,0.888
CHK_00885,checkout_abandonment,2019-12-20 23:52:35,CHK_SESSION_000885,CUST_273,7109.78,INR,7109.78,7,2019-12-20 18:16:35,2019-12-20 18:20:35,332,False,False,False,True,0.995
CHK_00886,checkout_abandonment,2020-01-25 18:12:04,CHK_SESSION_000886,CUST_20,6467.36,INR,6467.36,6,2020-01-25 11:58:04,2020-01-25 12:03:04,369,False,False,False,True,0.794
CHK_00887,checkout_abandonment,2019-12-10 01:51:28,CHK_SESSION_000887,CUST_131,7808.64,INR,7808.64,8,2019-12-09 18:59:28,2019-12-09 19:05:28,406,False,False,False,True,0.695
CHK_00888,checkout_abandonment,2019-04-22 20:36:24,CHK_SESSION_000888,CUST_22,6327.09,INR,6327.09,6,2019-04-22 13:06:24,2019-04-22 13:13:24,443,False,False,False,True,0.99
CHK_00889,checkout_abandonment,2019-08-12 00:43:39,CHK_SESSION_000889,CUST_96,6513.84,INR,6513.84,7,2019-08-11 16:35:39,2019-08-11 16:43:39,480,False,False,False,True,0.797
CHK_00890,checkout_abandonment,2019-04-24 01:12:11,CHK_SESSION_000890,CUST_670,429.94,INR,429.94,1,2019-04-23 16:26:11,2019-04-23 16:35:11,517,False,False,False,True,0.802
CHK_00891,checkout_abandonment,2020-03-04 03:27:48,CHK_SESSION_000891,CUST_83,614.2,INR,614.2,1,2020-03-03 18:13:48,2020-03-03 18:13:48,554,False,False,False,True,0.999
CHK_00892,checkout_abandonment,2019-04-10 01:03:56,CHK_SESSION_000892,CUST_531,7263.33,INR,7263.33,7,2019-04-09 15:11:56,2019-04-09 15:12:56,591,False,False,False,True,0.99
CHK_00893,checkout_abandonment,2019-04-10 12:39:34,CHK_SESSION_000893,CUST_500,465.63,INR,465.63,1,2019-04-10 02:09:34,2019-04-10 02:11:34,628,False,False,False,True,0.595
CHK_00894,checkout_abandonment,2019-02-25 23:30:23,CHK_SESSION_000894,CUST_141,6915.56,INR,6915.56,7,2019-02-25 12:22:23,2019-02-25 12:25:23,665,False,False,False,True,0.489
CHK_00895,checkout_abandonment,2019-08-12 02:24:40,CHK_SESSION_000895,CUST_179,282.2,INR,282.2,1,2019-08-11 14:38:40,2019-08-11 14:42:40,702,False,False,False,True,0.96
CHK_00896,checkout_abandonment,2019-06-10 14:00:12,CHK_SESSION_000896,CUST_454,6243.26,INR,6243.26,6,2019-06-10 01:36:12,2019-06-10 01:41:12,739,False,False,False,True,0.596
CHK_00897,checkout_abandonment,2019-11-23 22:08:04,CHK_SESSION_000897,CUST_785,11009.95,INR,11009.95,10,2019-11-23 09:06:04,2019-11-23 09:12:04,776,False,False,False,True,0.791
CHK_00898,checkout_abandonment,2019-02-28 22:46:36,CHK_SESSION_000898,CUST_558,4552.55,INR,4552.55,5,2019-02-28 09:06:36,2019-02-28 09:13:36,813,False,False,False,True,0.998
CHK_00899,checkout_abandonment,2019-05-08 03:37:08,CHK_SESSION_000899,CUST_251,502.98,INR,502.98,1,2019-05-07 13:19:08,2019-05-07 13:27:08,850,False,False,False,True,0.688
CHK_00900,checkout_abandonment,2019-05-05 11:33:26,CHK_SESSION_000900,CUST_725,18984.59,INR,18984.59,10,2019-05-04 20:37:26,2019-05-04 20:46:26,887,False,False,False,True,0.687
CHK_00901,checkout_abandonment,2020-04-01 23:51:17,CHK_SESSION_000901,CUST_308,21857.22,INR,21857.22,10,2020-04-01 08:27:17,2020-04-01 08:27:17,924,False,False,False,True,0.696
CHK_00902,checkout_abandonment,2019-09-01 03:39:47,CHK_SESSION_000902,CUST_24,820.87,INR,820.87,1,2019-08-31 11:37:47,2019-08-31 11:38:47,961,False,False,False,True,0.592
CHK_00903,checkout_abandonment,2019-07-15 12:26:46,CHK_SESSION_000903,CUST_424,6072.28,INR,6072.28,6,2019-07-14 19:46:46,2019-07-14 19:48:46,998,False,False,False,True,0.697
CHK_00904,checkout_abandonment,2020-04-01 19:06:38,CHK_SESSION_000904,CUST_20,4160.79,INR,4160.79,4,2020-04-01 01:48:38,2020-04-01 01:51:38,1035,False,False,False,True,0.794
CHK_00905,checkout_abandonment,2020-06-09 18:56:15,CHK_SESSION_000905,CUST_4,8549.83,INR,8549.83,9,2020-06-09 01:00:15,2020-06-09 01:04:15,1072,False,False,False,True,0.788
CHK_00906,checkout_abandonment,2019-09-05 18:34:38,CHK_SESSION_000906,CUST_377,822.53,INR,822.53,1,2019-09-05 00:00:38,2019-09-05 00:05:38,1109,False,False,False,True,0.799
CHK_00907,checkout_abandonment,2019-01-08 18:33:54,CHK_SESSION_000907,CUST_316,1765.41,INR,1765.41,2,2019-01-07 23:21:54,2019-01-07 23:27:54,1146,False,False,False,True,0.895
CHK_00908,checkout_abandonment,2019-03-06 12:32:32,CHK_SESSION_000908,CUST_442,6513.84,INR,6513.84,7,2019-03-05 16:42:32,2019-03-05 16:49:32,1183,False,False,False,True,0.7
CHK_00909,checkout_abandonment,2020-03-29 19:35:39,CHK_SESSION_000909,CUST_648,2558.89,INR,2558.89,3,2020-03-28 23:07:39,2020-03-28 23:15:39,1220,False,False,False,True,0.596
CHK_00910,checkout_abandonment,2020-05-01 11:47:15,CHK_SESSION_000910,CUST_22,7809.47,INR,7809.47,8,2020-04-30 14:41:15,2020-04-30 14:50:15,1257,False,False,False,True,0.99
CHK_00911,checkout_abandonment,2019-05-14 19:21:46,CHK_SESSION_000911,CUST_435,6997.73,INR,6997.73,7,2019-05-13 21:47:46,2019-05-13 21:47:46,1294,False,False,False,True,0.789
CHK_00912,checkout_abandonment,2020-02-18 15:51:51,CHK_SESSION_000912,CUST_265,1218.44,INR,1218.44,1,2020-02-17 17:39:51,2020-02-17 17:40:51,1331,False,False,False,True,0.595
CHK_00913,checkout_abandonment,2019-09-08 06:00:56,CHK_SESSION_000913,CUST_456,325.36,INR,325.36,1,2019-09-07 07:10:56,2019-09-07 07:12:56,1368,False,False,False,True,0.789
CHK_00914,checkout_abandonment,2020-02-25 10:55:22,CHK_SESSION_000914,CUST_209,5291.25,INR,5291.25,5,2020-02-24 11:27:22,2020-02-24 11:30:22,1405,False,False,False,True,0.697
CHK_00915,checkout_abandonment,2020-02-07 00:33:11,CHK_SESSION_000915,CUST_653,4781.63,INR,4781.63,5,2020-02-06 23:58:11,2020-02-07 00:02:11,31,False,False,False,True,0.893
CHK_00916,checkout_abandonment,2020-05-27 21:00:14,CHK_SESSION_000916,CUST_166,4599.03,INR,4599.03,5,2020-05-27 19:47:14,2020-05-27 19:52:14,68,False,False,False,True,0.602
CHK_00917,checkout_abandonment,2020-04-06 01:35:52,CHK_SESSION_000917,CUST_368,5199.95,INR,5199.95,5,2020-04-05 23:44:52,2020-04-05 23:50:52,105,False,False,False,True,0.99
CHK_00918,checkout_abandonment,2019-12-11 01:55:26,CHK_SESSION_000918,CUST_713,7950.57,INR,7950.57,8,2019-12-10 23:26:26,2019-12-10 23:33:26,142,False,False,False,True,0.893
CHK_00919,checkout_abandonment,2019-02-19 20:44:22,CHK_SESSION_000919,CUST_245,3801.4,INR,3801.4,4,2019-02-19 17:37:22,2019-02-19 17:45:22,179,False,False,False,True,0.89
CHK_00920,checkout_abandonment,2019-12-15 01:53:53,CHK_SESSION_000920,CUST_816,3056.89,INR,3056.89,3,2019-12-14 22:08:53,2019-12-14 22:17:53,216,False,False,False,True,0.593
CHK_00921,checkout_abandonment,2019-10-07 20:47:04,CHK_SESSION_000921,CUST_160,5919.56,INR,5919.56,6,2019-10-07 16:34:04,2019-10-07 16:34:04,253,False,False,False,True,0.597
CHK_00922,checkout_abandonment,2020-05-24 22:48:00,CHK_SESSION_000922,CUST_745,17393.48,INR,17393.48,10,2020-05-24 17:57:00,2020-05-24 17:58:00,290,False,False,False,True,0.785
CHK_00923,checkout_abandonment,2020-03-14 05:32:05,CHK_SESSION_000923,CUST_87,4679.54,INR,4679.54,5,2020-03-14 00:03:05,2020-03-14 00:05:05,327,False,False,False,True,0.489
CHK_00924,checkout_abandonment,2020-06-08 08:06:54,CHK_SESSION_000924,CUST_369,699.69,INR,699.69,1,2020-06-08 01:59:54,2020-06-08 02:02:54,364,False,False,False,True,0.592
CHK_00925,checkout_abandonment,2019-05-26 09:24:26,CHK_SESSION_000925,CUST_522,2494.98,INR,2494.98,2,2019-05-26 02:39:26,2019-05-26 02:43:26,401,False,False,False,True,0.698
CHK_00926,checkout_abandonment,2020-02-24 20:25:55,CHK_SESSION_000926,CUST_325,1306.42,INR,1306.42,1,2020-02-24 13:02:55,2020-02-24 13:07:55,438,False,False,False,True,0.89
CHK_00927,checkout_abandonment,2019-06-09 19:45:16,CHK_SESSION_000927,CUST_838,275.56,INR,275.56,1,2019-06-09 11:44:16,2019-06-09 11:50:16,475,False,False,False,True,0.594
CHK_00928,checkout_abandonment,2019-07-15 10:52:06,CHK_SESSION_000928,CUST_715,6165.24,INR,6165.24,6,2019-07-15 02:13:06,2019-07-15 02:20:06,512,False,False,False,True,0.888
CHK_00929,checkout_abandonment,2020-05-25 06:05:15,CHK_SESSION_000929,CUST_299,311.25,INR,311.25,1,2020-05-24 20:48:15,2020-05-24 20:56:15,549,False,False,False,True,0.701
CHK_00930,checkout_abandonment,2019-12-14 12:08:46,CHK_SESSION_000930,CUST_561,5895.49,INR,5895.49,6,2019-12-14 02:13:46,2019-12-14 02:22:46,586,False,False,False,True,0.998
CHK_00931,checkout_abandonment,2019-06-22 21:27:22,CHK_SESSION_000931,CUST_120,6528.78,INR,6528.78,7,2019-06-22 11:04:22,2019-06-22 11:04:22,623,False,False,False,True,0.694
CHK_00932,checkout_abandonment,2019-04-20 01:38:23,CHK_SESSION_000932,CUST_446,1365.35,INR,1365.35,1,2019-04-19 14:37:23,2019-04-19 14:38:23,660,False,False,False,True,0.687
CHK_00933,checkout_abandonment,2019-04-28 20:28:34,CHK_SESSION_000933,CUST_176,5512.86,INR,5512.86,6,2019-04-28 08:49:34,2019-04-28 08:51:34,697,False,False,False,True,0.976
CHK_00934,checkout_abandonment,2019-04-19 12:15:58,CHK_SESSION_000934,CUST_579,90.47,INR,90.47,1,2019-04-18 23:58:58,2019-04-19 00:01:58,734,False,False,False,True,0.89
CHK_00935,checkout_abandonment,2020-02-17 01:30:17,CHK_SESSION_000935,CUST_561,4296.91,INR,4296.91,4,2020-02-16 12:35:17,2020-02-16 12:39:17,771,False,False,False,True,0.998
CHK_00936,checkout_abandonment,2019-03-20 03:39:11,CHK_SESSION_000936,CUST_320,645.74,INR,645.74,1,2019-03-19 14:06:11,2019-03-19 14:11:11,808,False,False,False,True,0.492
CHK_00937,checkout_abandonment,2020-06-01 22:54:19,CHK_SESSION_000937,CUST_139,4290.27,INR,4290.27,4,2020-06-01 08:43:19,2020-06-01 08:49:19,845,False,False,False,True,0.87
CHK_00938,checkout_abandonment,2019-10-01 11:21:03,CHK_SESSION_000938,CUST_189,244.85,INR,244.85,1,2019-09-30 20:32:03,2019-09-30 20:39:03,882,False,False,False,True,0.786
CHK_00939,checkout_abandonment,2019-08-13 08:48:45,CHK_SESSION_000939,CUST_622,5877.23,INR,5877.23,6,2019-08-12 17:21:45,2019-08-12 17:29:45,919,False,False,False,True,0.9
CHK_00940,checkout_abandonment,2019-01-11 15:52:27,CHK_SESSION_000940,CUST_211,1804.42,INR,1804.42,2,2019-01-10 23:47:27,2019-01-10 23:56:27,956,False,False,False,True,0.598
CHK_00941,checkout_abandonment,2019-09-17 04:02:03,CHK_SESSION_000941,CUST_277,588.47,INR,588.47,1,2019-09-16 11:29:03,2019-09-16 11:29:03,993,False,False,False,True,0.689
CHK_00942,checkout_abandonment,2019-12-02 16:43:05,CHK_SESSION_000942,CUST_295,9715.98,INR,9715.98,10,2019-12-01 23:32:05,2019-12-01 23:33:05,1030,False,False,False,True,0.691
CHK_00943,checkout_abandonment,2020-06-02 06:53:57,CHK_SESSION_000943,CUST_509,1305.59,INR,1305.59,1,2020-06-01 13:04:57,2020-06-01 13:06:57,1067,False,False,False,True,0.594
CHK_00944,checkout_abandonment,2019-10-28 10:09:26,CHK_SESSION_000944,CUST_482,4968.38,INR,4968.38,5,2019-10-27 15:42:26,2019-10-27 15:45:26,1104,False,False,False,True,0.986
CHK_00945,checkout_abandonment,2020-05-31 20:25:05,CHK_SESSION_000945,CUST_656,4497.77,INR,4497.77,4,2020-05-31 01:20:05,2020-05-31 01:24:05,1141,False,False,False,True,0.692
CHK_00946,checkout_abandonment,2020-03-24 21:45:28,CHK_SESSION_000946,CUST_792,8004.52,INR,8004.52,8,2020-03-24 02:02:28,2020-03-24 02:07:28,1178,False,False,False,True,0.695
CHK_00947,checkout_abandonment,2019-07-18 14:02:55,CHK_SESSION_000947,CUST_520,15889.52,INR,15889.52,10,2019-07-17 17:41:55,2019-07-17 17:47:55,1215,False,False,False,True,0.692
CHK_00948,checkout_abandonment,2019-11-26 10:06:42,CHK_SESSION_000948,CUST_26,174.3,INR,174.3,1,2019-11-25 13:07:42,2019-11-25 13:14:42,1252,False,False,False,True,0.888
CHK_00949,checkout_abandonment,2019-12-02 04:27:44,CHK_SESSION_000949,CUST_461,800.95,INR,800.95,1,2019-12-01 06:50:44,2019-12-01 06:58:44,1289,False,False,False,True,0.8
CHK_00950,checkout_abandonment,2020-01-17 22:25:22,CHK_SESSION_000950,CUST_184,8956.53,INR,8956.53,9,2020-01-17 00:10:22,2020-01-17 00:19:22,1326,False,False,False,True,0.691
CHK_00951,checkout_abandonment,2019-05-28 17:28:11,CHK_SESSION_000951,CUST_464,10079.52,INR,10079.52,10,2019-05-27 18:45:11,2019-05-27 18:45:11,1363,False,False,False,True,0.786
CHK_00952,checkout_abandonment,2019-05-10 16:48:39,CHK_SESSION_000952,CUST_561,2464.27,INR,2464.27,2,2019-05-09 17:27:39,2019-05-09 17:28:39,1400,False,False,False,True,0.998
CHK_00953,checkout_abandonment,2019-08-12 13:02:30,CHK_SESSION_000953,CUST_333,607.56,INR,607.56,1,2019-08-11 13:03:30,2019-08-11 13:05:30,1437,False,False,False,True,0.59
CHK_00954,checkout_abandonment,2019-12-25 03:53:33,CHK_SESSION_000954,CUST_529,7346.33,INR,7346.33,7,2019-12-25 02:47:33,2019-12-25 02:50:33,63,False,False,False,True,0.986
CHK_00955,checkout_abandonment,2019-01-06 04:49:04,CHK_SESSION_000955,CUST_24,15440.49,INR,15440.49,10,2019-01-06 03:05:04,2019-01-06 03:09:04,100,False,False,False,True,0.592
CHK_00956,checkout_abandonment,2020-05-31 20:45:18,CHK_SESSION_000956,CUST_20,361.88,INR,361.88,1,2020-05-31 18:23:18,2020-05-31 18:28:18,137,False,False,False,True,0.794
CHK_00957,checkout_abandonment,2019-07-27 23:54:55,CHK_SESSION_000957,CUST_275,187.58,INR,187.58,1,2019-07-27 20:54:55,2019-07-27 21:00:55,174,False,False,False,True,0.888
CHK_00958,checkout_abandonment,2019-08-22 16:05:22,CHK_SESSION_000958,CUST_360,6195.95,INR,6195.95,6,2019-08-22 12:27:22,2019-08-22 12:34:22,211,False,False,False,True,0.689
CHK_00959,checkout_abandonment,2019-12-24 19:08:33,CHK_SESSION_000959,CUST_482,1517.24,INR,1517.24,2,2019-12-24 14:52:33,2019-12-24 15:00:33,248,False,False,False,True,0.986
CHK_00960,checkout_abandonment,2019-08-02 01:31:14,CHK_SESSION_000960,CUST_444,6417.56,INR,6417.56,6,2019-08-01 20:37:14,2019-08-01 20:46:14,285,False,False,False,True,0.696
CHK_00961,checkout_abandonment,2019-02-05 10:42:00,CHK_SESSION_000961,CUST_631,773.56,INR,773.56,1,2019-02-05 05:20:00,2019-02-05 05:20:00,322,False,False,False,True,0.589
CHK_00962,checkout_abandonment,2020-04-22 03:17:58,CHK_SESSION_000962,CUST_467,873.16,INR,873.16,1,2020-04-21 21:17:58,2020-04-21 21:18:58,359,False,False,False,True,0.895
CHK_00963,checkout_abandonment,2019-03-04 01:29:57,CHK_SESSION_000963,CUST_200,219.12,INR,219.12,1,2019-03-03 18:51:57,2019-03-03 18:53:57,396,False,False,False,True,0.894
CHK_00964,checkout_abandonment,2019-10-17 06:45:09,CHK_SESSION_000964,CUST_215,14505.91,INR,14505.91,10,2019-10-16 23:29:09,2019-10-16 23:32:09,433,False,False,False,True,0.959
CHK_00965,checkout_abandonment,2019-05-02 08:33:37,CHK_SESSION_000965,CUST_531,9610.57,INR,9610.57,10,2019-05-02 00:39:37,2019-05-02 00:43:37,470,False,False,False,True,0.99
CHK_00966,checkout_abandonment,2019-09-15 04:21:25,CHK_SESSION_000966,CUST_693,4987.47,INR,4987.47,5,2019-09-14 19:49:25,2019-09-14 19:54:25,507,False,False,False,True,0.59
CHK_00967,checkout_abandonment,2019-06-24 12:49:28,CHK_SESSION_000967,CUST_495,5019.84,INR,5019.84,5,2019-06-24 03:39:28,2019-06-24 03:45:28,544,False,False,False,True,0.79
CHK_00968,checkout_abandonment,2019-08-02 01:14:23,CHK_SESSION_000968,CUST_340,6060.66,INR,6060.66,6,2019-08-01 15:26:23,2019-08-01 15:33:23,581,False,False,False,True,0.588
CHK_00969,checkout_abandonment,2019-08-15 03:04:41,CHK_SESSION_000969,CUST_392,2084.13,INR,2084.13,2,2019-08-14 16:38:41,2019-08-14 16:46:41,618,False,False,False,True,0.987
CHK_00970,checkout_abandonment,2019-07-21 05:10:42,CHK_SESSION_000970,CUST_631,1828.49,INR,1828.49,2,2019-07-20 18:06:42,2019-07-20 18:15:42,655,False,False,False,True,0.589
CHK_00971,checkout_abandonment,2019-12-22 06:28:49,CHK_SESSION_000971,CUST_45,781.86,INR,781.86,1,2019-12-21 18:56:49,2019-12-21 18:56:49,692,False,False,False,True,0.792
CHK_00972,checkout_abandonment,2020-04-04 14:43:43,CHK_SESSION_000972,CUST_877,254.81,INR,254.81,1,2020-04-04 02:33:43,2020-04-04 02:34:43,729,False,False,False,True,0.593
CHK_00973,checkout_abandonment,2019-12-08 14:58:46,CHK_SESSION_000973,CUST_605,4715.23,INR,4715.23,5,2019-12-08 02:10:46,2019-12-08 02:12:46,766,False,False,False,True,0.691
CHK_00974,checkout_abandonment,2020-02-25 19:11:07,CHK_SESSION_000974,CUST_37,18667.53,INR,18667.53,10,2020-02-25 05:45:07,2020-02-25 05:48:07,803,False,False,False,True,0.985
CHK_00975,checkout_abandonment,2019-12-18 09:10:14,CHK_SESSION_000975,CUST_571,130.31,INR,130.31,1,2019-12-17 19:06:14,2019-12-17 19:10:14,840,False,False,False,True,0.893
CHK_00976,checkout_abandonment,2020-05-24 14:43:29,CHK_SESSION_000976,CUST_50,346.11,INR,346.11,1,2020-05-24 00:01:29,2020-05-24 00:06:29,877,False,False,False,True,0.789
CHK_00977,checkout_abandonment,2019-12-10 07:16:15,CHK_SESSION_000977,CUST_407,13748.95,INR,13748.95,10,2019-12-09 15:56:15,2019-12-09 16:02:15,914,False,False,False,True,0.8
CHK_00978,checkout_abandonment,2019-02-20 15:37:40,CHK_SESSION_000978,CUST_584,540.33,INR,540.33,1,2019-02-19 23:39:40,2019-02-19 23:46:40,951,False,False,False,True,0.689
CHK_00979,checkout_abandonment,2019-11-15 12:15:42,CHK_SESSION_000979,CUST_92,14529.98,INR,14529.98,10,2019-11-14 19:39:42,2019-11-14 19:47:42,988,False,False,False,True,0.693
CHK_00980,checkout_abandonment,2020-04-07 10:59:34,CHK_SESSION_000980,CUST_201,628.31,INR,628.31,1,2020-04-06 17:45:34,2020-04-06 17:54:34,1025,False,False,False,True,0.889
CHK_00981,checkout_abandonment,2019-09-22 15:49:06,CHK_SESSION_000981,CUST_605,1092.28,INR,1092.28,1,2019-09-21 22:07:06,2019-09-21 22:07:06,1062,False,False,False,True,0.691
CHK_00982,checkout_abandonment,2020-04-11 03:39:57,CHK_SESSION_000982,CUST_316,3505.92,INR,3505.92,4,2020-04-10 09:19:57,2020-04-10 09:20:57,1099,False,False,False,True,0.895
CHK_00983,checkout_abandonment,2020-05-05 05:55:54,CHK_SESSION_000983,CUST_558,6035.76,INR,6035.76,6,2020-05-04 10:57:54,2020-05-04 10:59:54,1136,False,False,False,True,0.998
CHK_00984,checkout_abandonment,2019-06-04 01:46:14,CHK_SESSION_000984,CUST_666,9872.85,INR,9872.85,10,2019-06-03 06:10:14,2019-06-03 06:13:14,1173,False,False,False,True,0.697
CHK_00985,checkout_abandonment,2019-06-25 18:51:18,CHK_SESSION_000985,CUST_353,306.27,INR,306.27,1,2019-06-24 22:37:18,2019-06-24 22:41:18,1210,False,False,False,True,0.589
CHK_00986,checkout_abandonment,2019-12-30 03:18:49,CHK_SESSION_000986,CUST_601,40170.34,INR,40170.34,10,2019-12-29 06:26:49,2019-12-29 06:31:49,1247,False,False,False,True,0.493
CHK_00987,checkout_abandonment,2019-07-01 21:27:42,CHK_SESSION_000987,CUST_512,1202.67,INR,1202.67,1,2019-06-30 23:57:42,2019-07-01 00:03:42,1284,False,False,False,True,0.593
CHK_00988,checkout_abandonment,2019-10-25 06:05:41,CHK_SESSION_000988,CUST_461,6815.96,INR,6815.96,7,2019-10-24 07:57:41,2019-10-24 08:04:41,1321,False,False,False,True,0.8
CHK_00989,checkout_abandonment,2020-06-10 13:29:07,CHK_SESSION_000989,CUST_167,5530.29,INR,5530.29,6,2020-06-09 14:43:07,2020-06-09 14:51:07,1358,False,False,False,True,0.89
CHK_00990,checkout_abandonment,2020-06-18 12:11:43,CHK_SESSION_000990,CUST_498,4210.59,INR,4210.59,4,2020-06-17 12:47:43,2020-06-17 12:56:43,1395,False,False,False,True,0.794
CHK_00991,checkout_abandonment,2019-02-05 15:34:41,CHK_SESSION_000991,CUST_344,6088.88,INR,6088.88,6,2019-02-04 15:42:41,2019-02-04 15:42:41,1432,False,False,False,True,0.696
CHK_00992,checkout_abandonment,2019-08-06 23:54:44,CHK_SESSION_000992,CUST_746,2933.22,INR,2933.22,3,2019-08-06 22:55:44,2019-08-06 22:56:44,58,False,False,False,True,0.5
CHK_00993,checkout_abandonment,2019-06-02 15:17:59,CHK_SESSION_000993,CUST_782,721.27,INR,721.27,1,2019-06-02 13:40:59,2019-06-02 13:42:59,95,False,False,False,True,0.595
CHK_00994,checkout_abandonment,2019-02-28 10:49:32,CHK_SESSION_000994,CUST_335,5775.14,INR,5775.14,6,2019-02-28 08:34:32,2019-02-28 08:37:32,132,False,False,False,True,0.696
CHK_00995,checkout_abandonment,2019-03-26 08:03:09,CHK_SESSION_000995,CUST_835,8897.6,INR,8897.6,9,2019-03-26 05:10:09,2019-03-26 05:14:09,169,False,False,False,True,0.594
CHK_00996,checkout_abandonment,2019-08-17 11:21:03,CHK_SESSION_000996,CUST_34,7904.09,INR,7904.09,8,2019-08-17 07:50:03,2019-08-17 07:55:03,206,False,False,False,True,0.695
CHK_00997,checkout_abandonment,2019-01-26 17:07:04,CHK_SESSION_000997,CUST_386,261.45,INR,261.45,1,2019-01-26 12:58:04,2019-01-26 13:04:04,243,False,False,False,True,0.691
CHK_00998,checkout_abandonment,2020-04-05 01:30:02,CHK_SESSION_000998,CUST_256,2026.03,INR,2026.03,2,2020-04-04 20:43:02,2020-04-04 20:50:02,280,False,False,False,True,0.789
CHK_00999,checkout_abandonment,2020-04-13 14:52:50,CHK_SESSION_000999,CUST_708,5740.28,INR,5740.28,6,2020-04-13 09:27:50,2020-04-13 09:35:50,317,False,False,False,True,0.595
CHK_01000,checkout_abandonment,2019-06-18 22:21:10,CHK_SESSION_001000,CUST_194,4999.92,INR,4999.92,5,2019-06-18 16:18:10,2019-06-18 16:27:10,354,False,False,False,True,0.884
CHK_01001,checkout_abandonment,2019-11-21 08:53:19,CHK_SESSION_001001,CUST_802,9148.26,INR,9148.26,9,2019-11-21 02:22:19,2019-11-21 02:22:19,391,False,False,False,True,0.694
CHK_01002,checkout_abandonment,2019-08-24 21:34:03,CHK_SESSION_001002,CUST_192,9148.26,INR,9148.26,9,2019-08-24 14:25:03,2019-08-24 14:26:03,428,False,False,False,True,0.692
CHK_01003,checkout_abandonment,2019-04-10 15:36:43,CHK_SESSION_001003,CUST_315,5983.47,INR,5983.47,6,2019-04-10 07:49:43,2019-04-10 07:51:43,465,False,False,False,True,0.787
CHK_01004,checkout_abandonment,2019-06-11 00:36:40,CHK_SESSION_001004,CUST_584,502.98,INR,502.98,1,2019-06-10 16:11:40,2019-06-10 16:14:40,502,False,False,False,True,0.689
CHK_01005,checkout_abandonment,2019-11-23 19:57:01,CHK_SESSION_001005,CUST_697,8918.35,INR,8918.35,9,2019-11-23 10:54:01,2019-11-23 10:58:01,539,False,False,False,True,0.892
CHK_01006,checkout_abandonment,2019-07-15 05:24:52,CHK_SESSION_001006,CUST_500,1981.21,INR,1981.21,2,2019-07-14 19:43:52,2019-07-14 19:48:52,576,False,False,False,True,0.595
CHK_01007,checkout_abandonment,2019-11-26 22:42:56,CHK_SESSION_001007,CUST_673,18179.49,INR,18179.49,10,2019-11-26 12:23:56,2019-11-26 12:29:56,613,False,False,False,True,0.598
CHK_01008,checkout_abandonment,2019-03-12 17:39:01,CHK_SESSION_001008,CUST_2,1274.05,INR,1274.05,1,2019-03-12 06:42:01,2019-03-12 06:49:01,650,False,False,False,True,0.497
CHK_01009,checkout_abandonment,2019-05-08 19:31:24,CHK_SESSION_001009,CUST_540,526.22,INR,526.22,1,2019-05-08 07:56:24,2019-05-08 08:04:24,687,False,False,False,True,0.897
CHK_01010,checkout_abandonment,2019-06-16 04:01:24,CHK_SESSION_001010,CUST_688,6211.72,INR,6211.72,6,2019-06-15 15:48:24,2019-06-15 15:57:24,724,False,False,False,True,0.789
CHK_01011,checkout_abandonment,2019-12-12 05:37:45,CHK_SESSION_001011,CUST_845,5261.37,INR,5261.37,5,2019-12-11 16:56:45,2019-12-11 16:56:45,761,False,False,False,True,0.797
CHK_01012,checkout_abandonment,2019-05-05 10:56:03,CHK_SESSION_001012,CUST_22,424.96,INR,424.96,1,2019-05-04 21:37:03,2019-05-04 21:38:03,798,False,False,False,True,0.99
CHK_01013,checkout_abandonment,2019-03-31 07:13:34,CHK_SESSION_001013,CUST_115,141.1,INR,141.1,1,2019-03-30 17:16:34,2019-03-30 17:18:34,835,False,False,False,True,0.978
CHK_01014,checkout_abandonment,2019-12-23 06:26:28,CHK_SESSION_001014,CUST_376,574.36,INR,574.36,1,2019-12-22 15:51:28,2019-12-22 15:54:28,872,False,False,False,True,0.991
CHK_01015,checkout_abandonment,2020-01-30 10:23:36,CHK_SESSION_001015,CUST_697,3297.59,INR,3297.59,3,2020-01-29 19:10:36,2020-01-29 19:14:36,909,False,False,False,True,0.892
CHK_01016,checkout_abandonment,2019-07-01 16:03:51,CHK_SESSION_001016,CUST_91,5588.39,INR,5588.39,6,2019-07-01 00:12:51,2019-07-01 00:17:51,946,False,False,False,True,0.787
CHK_01017,checkout_abandonment,2019-05-14 09:09:14,CHK_SESSION_001017,CUST_475,2587.94,INR,2587.94,3,2019-05-13 16:40:14,2019-05-13 16:46:14,983,False,False,False,True,0.798
CHK_01018,checkout_abandonment,2020-01-21 10:03:11,CHK_SESSION_001018,CUST_245,154.38,INR,154.38,1,2020-01-20 16:56:11,2020-01-20 17:03:11,1020,False,False,False,True,0.89
CHK_01019,checkout_abandonment,2019-10-19 09:48:58,CHK_SESSION_001019,CUST_304,3023.69,INR,3023.69,3,2019-10-18 16:03:58,2019-10-18 16:11:58,1057,False,False,False,True,0.49
CHK_01020,checkout_abandonment,2020-04-21 11:00:37,CHK_SESSION_001020,CUST_158,699.69,INR,699.69,1,2020-04-20 16:37:37,2020-04-20 16:46:37,1094,False,False,False,True,0.789
CHK_01021,checkout_abandonment,2019-04-17 21:51:59,CHK_SESSION_001021,CUST_124,4623.1,INR,4623.1,5,2019-04-17 03:00:59,2019-04-17 03:00:59,1131,False,False,False,True,0.991
CHK_01022,checkout_abandonment,2019-12-11 21:55:55,CHK_SESSION_001022,CUST_550,805.1,INR,805.1,1,2019-12-11 02:26:55,2019-12-11 02:27:55,1168,False,False,False,True,0.701
CHK_01023,checkout_abandonment,2019-04-23 10:38:05,CHK_SESSION_001023,CUST_10,3383.08,INR,3383.08,3,2019-04-22 14:31:05,2019-04-22 14:33:05,1205,False,False,False,True,0.786
CHK_01024,checkout_abandonment,2019-12-31 11:22:07,CHK_SESSION_001024,CUST_653,2210.29,INR,2210.29,2,2019-12-30 14:37:07,2019-12-30 14:40:07,1242,False,False,False,True,0.893
CHK_01025,checkout_abandonment,2019-12-28 08:24:44,CHK_SESSION_001025,CUST_376,16755.21,INR,16755.21,10,2019-12-27 11:01:44,2019-12-27 11:05:44,1279,False,False,False,True,0.991
CHK_01026,checkout_abandonment,2019-12-30 07:24:35,CHK_SESSION_001026,CUST_642,9326.71,INR,9326.71,9,2019-12-29 09:23:35,2019-12-29 09:28:35,1316,False,False,False,True,0.8
CHK_01027,checkout_abandonment,2019-08-26 06:11:49,CHK_SESSION_001027,CUST_740,18017.64,INR,18017.64,10,2019-08-25 07:32:49,2019-08-25 07:38:49,1353,False,False,False,True,0.982
CHK_01028,checkout_abandonment,2020-03-10 08:06:27,CHK_SESSION_001028,CUST_117,12284.0,INR,12284.0,10,2020-03-09 08:49:27,2020-03-09 08:56:27,1390,False,False,False,True,0.794
CHK_01029,checkout_abandonment,2019-08-05 10:47:24,CHK_SESSION_001029,CUST_565,5583.41,INR,5583.41,6,2019-08-04 10:52:24,2019-08-04 11:00:24,1427,False,False,False,True,0.693
CHK_01030,checkout_abandonment,2019-08-02 00:17:02,CHK_SESSION_001030,CUST_705,221.61,INR,221.61,1,2019-08-01 23:15:02,2019-08-01 23:24:02,53,False,False,False,True,0.888
CHK_01031,checkout_abandonment,2019-10-21 15:39:41,CHK_SESSION_001031,CUST_563,11162.67,INR,11162.67,10,2019-10-21 14:09:41,2019-10-21 14:09:41,90,False,False,False,True,0.793
CHK_01032,checkout_abandonment,2020-03-25 01:18:44,CHK_SESSION_001032,CUST_316,413.34,INR,413.34,1,2020-03-24 23:10:44,2020-03-24 23:11:44,127,False,False,False,True,0.895
CHK_01033,checkout_abandonment,2019-05-25 11:28:22,CHK_SESSION_001033,CUST_616,3652.83,INR,3652.83,4,2019-05-25 08:42:22,2019-05-25 08:44:22,164,False,False,False,True,0.787
CHK_01034,checkout_abandonment,2020-01-05 09:36:16,CHK_SESSION_001034,CUST_172,7714.02,INR,7714.02,8,2020-01-05 06:12:16,2020-01-05 06:15:16,201,False,False,False,True,0.698
CHK_01035,checkout_abandonment,2019-09-19 07:41:58,CHK_SESSION_001035,CUST_265,4914.43,INR,4914.43,5,2019-09-19 03:39:58,2019-09-19 03:43:58,238,False,False,False,True,0.595
CHK_01036,checkout_abandonment,2020-04-05 06:40:16,CHK_SESSION_001036,CUST_42,9292.68,INR,9292.68,9,2020-04-05 02:00:16,2020-04-05 02:05:16,275,False,False,False,True,0.982
CHK_01037,checkout_abandonment,2019-04-10 20:14:46,CHK_SESSION_001037,CUST_240,507.96,INR,507.96,1,2019-04-10 14:56:46,2019-04-10 15:02:46,312,False,False,False,True,0.986
CHK_01038,checkout_abandonment,2019-05-28 01:39:09,CHK_SESSION_001038,CUST_36,1484.87,INR,1484.87,1,2019-05-27 19:43:09,2019-05-27 19:50:09,349,False,False,False,True,0.894
CHK_01039,checkout_abandonment,2020-04-24 23:34:08,CHK_SESSION_001039,CUST_328,1114.69,INR,1114.69,1,2020-04-24 17:00:08,2020-04-24 17:08:08,386,False,False,False,True,0.791
CHK_01040,checkout_abandonment,2019-11-26 06:22:33,CHK_SESSION_001040,CUST_539,3750.77,INR,3750.77,4,2019-11-25 23:10:33,2019-11-25 23:19:33,423,False,False,False,True,0.981
CHK_01041,checkout_abandonment,2019-05-13 02:21:10,CHK_SESSION_001041,CUST_133,321.21,INR,321.21,1,2019-05-12 18:41:10,2019-05-12 18:41:10,460,False,False,False,True,0.883
CHK_01042,checkout_abandonment,2020-04-08 20:45:41,CHK_SESSION_001042,CUST_439,234.06,INR,234.06,1,2020-04-08 12:27:41,2020-04-08 12:28:41,497,False,False,False,True,0.695
CHK_01043,checkout_abandonment,2019-09-23 23:49:21,CHK_SESSION_001043,CUST_243,250.66,INR,250.66,1,2019-09-23 14:53:21,2019-09-23 14:55:21,534,False,False,False,True,0.695
CHK_01044,checkout_abandonment,2019-11-16 08:03:07,CHK_SESSION_001044,CUST_278,9742.54,INR,9742.54,10,2019-11-15 22:29:07,2019-11-15 22:32:07,571,False,False,False,True,0.891
CHK_01045,checkout_abandonment,2019-11-18 22:38:04,CHK_SESSION_001045,CUST_34,5631.55,INR,5631.55,6,2019-11-18 12:26:04,2019-11-18 12:30:04,608,False,False,False,True,0.695
CHK_01046,checkout_abandonment,2019-06-10 09:54:27,CHK_SESSION_001046,CUST_359,468.95,INR,468.95,1,2019-06-09 23:04:27,2019-06-09 23:09:27,645,False,False,False,True,0.793
CHK_01047,checkout_abandonment,2019-06-19 07:37:35,CHK_SESSION_001047,CUST_490,7229.3,INR,7229.3,7,2019-06-18 20:09:35,2019-06-18 20:15:35,682,False,False,False,True,0.699
CHK_01048,checkout_abandonment,2019-12-01 08:40:27,CHK_SESSION_001048,CUST_676,3520.03,INR,3520.03,4,2019-11-30 20:34:27,2019-11-30 20:41:27,719,False,False,False,True,0.601
CHK_01049,checkout_abandonment,2020-03-24 05:19:30,CHK_SESSION_001049,CUST_176,711.31,INR,711.31,1,2020-03-23 16:35:30,2020-03-23 16:43:30,756,False,False,False,True,0.976
CHK_01050,checkout_abandonment,2020-02-01 18:32:53,CHK_SESSION_001050,CUST_456,4227.19,INR,4227.19,4,2020-02-01 05:10:53,2020-02-01 05:19:53,793,False,False,False,True,0.789
CHK_01051,checkout_abandonment,2019-05-19 05:33:58,CHK_SESSION_001051,CUST_476,6414.24,INR,6414.24,6,2019-05-18 15:43:58,2019-05-18 15:43:58,830,False,False,False,True,0.787
CHK_01052,checkout_abandonment,2019-07-15 01:14:46,CHK_SESSION_001052,CUST_178,4323.47,INR,4323.47,4,2019-07-14 10:46:46,2019-07-14 10:47:46,867,False,False,False,True,0.494
CHK_01053,checkout_abandonment,2020-01-15 00:49:40,CHK_SESSION_001053,CUST_192,9156.56,INR,9156.56,9,2020-01-14 09:43:40,2020-01-14 09:45:40,904,False,False,False,True,0.692
CHK_01054,checkout_abandonment,2020-03-15 07:35:00,CHK_SESSION_001054,CUST_327,29887.47,INR,29887.47,10,2020-03-14 15:51:00,2020-03-14 15:54:00,941,False,False,False,True,0.692
CHK_01055,checkout_abandonment,2020-05-11 05:03:21,CHK_SESSION_001055,CUST_417,6158.6,INR,6158.6,6,2020-05-10 12:41:21,2020-05-10 12:45:21,978,False,False,False,True,0.598
CHK_01056,checkout_abandonment,2019-12-28 22:38:07,CHK_SESSION_001056,CUST_146,9192.25,INR,9192.25,9,2019-12-28 05:38:07,2019-12-28 05:43:07,1015,False,False,False,True,0.798
CHK_01057,checkout_abandonment,2020-04-03 17:48:44,CHK_SESSION_001057,CUST_488,6791.89,INR,6791.89,7,2020-04-03 00:10:44,2020-04-03 00:16:44,1052,False,False,False,True,0.988
CHK_01058,checkout_abandonment,2019-08-05 04:44:11,CHK_SESSION_001058,CUST_165,4740.13,INR,4740.13,5,2019-08-04 10:28:11,2019-08-04 10:35:11,1089,False,False,False,True,0.697
CHK_01059,checkout_abandonment,2019-01-17 17:53:04,CHK_SESSION_001059,CUST_639,6819.28,INR,6819.28,7,2019-01-16 22:59:04,2019-01-16 23:07:04,1126,False,False,False,True,0.695
CHK_01060,checkout_abandonment,2019-04-16 06:49:57,CHK_SESSION_001060,CUST_793,180.94,INR,180.94,1,2019-04-15 11:17:57,2019-04-15 11:26:57,1163,False,False,False,True,0.597
CHK_01061,checkout_abandonment,2020-02-16 02:30:52,CHK_SESSION_001061,CUST_695,9369.87,INR,9369.87,9,2020-02-15 06:30:52,2020-02-15 06:30:52,1200,False,False,False,True,0.495
CHK_01062,checkout_abandonment,2019-09-17 09:34:35,CHK_SESSION_001062,CUST_111,770.24,INR,770.24,1,2019-09-16 12:56:35,2019-09-16 12:57:35,1237,False,False,False,True,0.692
CHK_01063,checkout_abandonment,2019-07-11 15:21:44,CHK_SESSION_001063,CUST_547,747.83,INR,747.83,1,2019-07-10 18:05:44,2019-07-10 18:07:44,1274,False,False,False,True,0.789
CHK_01064,checkout_abandonment,2019-09-05 18:36:24,CHK_SESSION_001064,CUST_688,239.87,INR,239.87,1,2019-09-04 20:42:24,2019-09-04 20:45:24,1311,False,False,False,True,0.789
CHK_01065,checkout_abandonment,2019-12-03 09:05:04,CHK_SESSION_001065,CUST_69,7407.75,INR,7407.75,7,2019-12-02 10:33:04,2019-12-02 10:37:04,1348,False,False,False,True,0.795
CHK_01066,checkout_abandonment,2019-05-16 19:39:18,CHK_SESSION_001066,CUST_493,1786.16,INR,1786.16,2,2019-05-15 20:29:18,2019-05-15 20:34:18,1385,False,False,False,True,0.984
CHK_01067,checkout_abandonment,2019-03-19 10:42:02,CHK_SESSION_001067,CUST_493,7201.08,INR,7201.08,7,2019-03-18 10:54:02,2019-03-18 11:00:02,1422,False,False,False,True,0.984
CHK_01068,checkout_abandonment,2019-06-30 01:59:46,CHK_SESSION_001068,CUST_276,6610.95,INR,6610.95,7,2019-06-30 01:04:46,2019-06-30 01:11:46,48,False,False,False,True,0.694
CHK_01069,checkout_abandonment,2020-04-07 13:14:12,CHK_SESSION_001069,CUST_329,5541.91,INR,5541.91,6,2020-04-07 11:41:12,2020-04-07 11:49:12,85,False,False,False,True,0.7
CHK_01070,checkout_abandonment,2020-03-13 02:49:55,CHK_SESSION_001070,CUST_845,10956.0,INR,10956.0,10,2020-03-13 00:38:55,2020-03-13 00:47:55,122,False,False,False,True,0.797
CHK_01071,checkout_abandonment,2019-07-11 00:05:52,CHK_SESSION_001071,CUST_441,3822.15,INR,3822.15,4,2019-07-10 21:26:52,2019-07-10 21:26:52,159,False,False,False,True,0.883
CHK_01072,checkout_abandonment,2019-05-21 14:49:25,CHK_SESSION_001072,CUST_561,1031.69,INR,1031.69,1,2019-05-21 11:32:25,2019-05-21 11:33:25,196,False,False,False,True,0.998
CHK_01073,checkout_abandonment,2020-05-10 16:27:51,CHK_SESSION_001073,CUST_567,490.53,INR,490.53,1,2020-05-10 12:32:51,2020-05-10 12:34:51,233,False,False,False,True,0.884
CHK_01074,checkout_abandonment,2019-12-23 09:39:32,CHK_SESSION_001074,CUST_58,3265.22,INR,3265.22,3,2019-12-23 05:06:32,2019-12-23 05:09:32,270,False,False,False,True,0.787
CHK_01075,checkout_abandonment,2020-05-22 17:36:53,CHK_SESSION_001075,CUST_281,7875.87,INR,7875.87,8,2020-05-22 12:25:53,2020-05-22 12:29:53,307,False,False,False,True,0.959
CHK_01076,checkout_abandonment,2019-05-10 20:13:16,CHK_SESSION_001076,CUST_876,3969.06,INR,3969.06,4,2019-05-10 14:24:16,2019-05-10 14:29:16,344,False,False,False,True,0.49
CHK_01077,checkout_abandonment,2019-06-15 09:37:01,CHK_SESSION_001077,CUST_328,5957.74,INR,5957.74,6,2019-06-15 03:10:01,2019-06-15 03:16:01,381,False,False,False,True,0.791
CHK_01078,checkout_abandonment,2019-12-28 05:35:38,CHK_SESSION_001078,CUST_544,2643.55,INR,2643.55,3,2019-12-27 22:30:38,2019-12-27 22:37:38,418,False,False,False,True,0.788
CHK_01079,checkout_abandonment,2020-04-26 05:01:48,CHK_SESSION_001079,CUST_327,744.51,INR,744.51,1,2020-04-25 21:18:48,2020-04-25 21:26:48,455,False,False,False,True,0.692
CHK_01080,checkout_abandonment,2019-05-07 23:26:24,CHK_SESSION_001080,CUST_906,803.44,INR,803.44,1,2019-05-07 15:05:24,2019-05-07 15:14:24,492,False,False,False,True,0.495
CHK_01081,checkout_abandonment,2020-01-24 05:21:49,CHK_SESSION_001081,CUST_138,6227.49,INR,6227.49,6,2020-01-23 20:32:49,2020-01-23 20:32:49,529,False,False,False,True,0.981
CHK_01082,checkout_abandonment,2020-04-27 09:05:16,CHK_SESSION_001082,CUST_853,6159.43,INR,6159.43,6,2020-04-26 23:38:16,2020-04-26 23:39:16,566,False,False,False,True,0.486
CHK_01083,checkout_abandonment,2019-04-30 23:05:16,CHK_SESSION_001083,CUST_233,8856.93,INR,8856.93,9,2019-04-30 13:00:16,2019-04-30 13:02:16,603,False,False,False,True,0.691
CHK_01084,checkout_abandonment,2019-12-27 07:30:25,CHK_SESSION_001084,CUST_118,254.81,INR,254.81,1,2019-12-26 20:47:25,2019-12-26 20:50:25,640,False,False,False,True,0.889
CHK_01085,checkout_abandonment,2019-09-19 05:16:31,CHK_SESSION_001085,CUST_587,541.99,INR,541.99,1,2019-09-18 17:55:31,2019-09-18 17:59:31,677,False,False,False,True,0.497
CHK_01086,checkout_abandonment,2019-03-28 20:01:13,CHK_SESSION_001086,CUST_109,7522.29,INR,7522.29,8,2019-03-28 08:02:13,2019-03-28 08:07:13,714,False,False,False,True,0.688
CHK_01087,checkout_abandonment,2020-05-17 17:13:50,CHK_SESSION_001087,CUST_344,2372.14,INR,2372.14,2,2020-05-17 04:36:50,2020-05-17 04:42:50,751,False,False,False,True,0.696
CHK_01088,checkout_abandonment,2019-08-11 02:57:59,CHK_SESSION_001088,CUST_584,3256.92,INR,3256.92,3,2019-08-10 13:42:59,2019-08-10 13:49:59,788,False,False,False,True,0.689
CHK_01089,checkout_abandonment,2019-10-31 12:47:28,CHK_SESSION_001089,CUST_377,805.1,INR,805.1,1,2019-10-30 22:54:28,2019-10-30 23:02:28,825,False,False,False,True,0.799
CHK_01090,checkout_abandonment,2019-11-30 21:34:58,CHK_SESSION_001090,CUST_260,2206.97,INR,2206.97,2,2019-11-30 07:03:58,2019-11-30 07:12:58,862,False,False,False,True,0.696
CHK_01091,checkout_abandonment,2020-01-13 18:13:01,CHK_SESSION_001091,CUST_477,6101.33,INR,6101.33,6,2020-01-13 03:14:01,2020-01-13 03:14:01,899,False,False,False,True,0.595
CHK_01092,checkout_abandonment,2019-08-29 07:34:45,CHK_SESSION_001092,CUST_616,12105.55,INR,12105.55,10,2019-08-28 15:57:45,2019-08-28 15:58:45,936,False,False,False,True,0.787
CHK_01093,checkout_abandonment,2019-06-09 06:08:13,CHK_SESSION_001093,CUST_144,12342.93,INR,12342.93,10,2019-06-08 13:53:13,2019-06-08 13:55:13,973,False,False,False,True,0.896
CHK_01094,checkout_abandonment,2019-03-17 16:21:25,CHK_SESSION_001094,CUST_392,14653.65,INR,14653.65,10,2019-03-16 23:28:25,2019-03-16 23:31:25,1010,False,False,False,True,0.987
CHK_01095,checkout_abandonment,2020-04-22 03:49:12,CHK_SESSION_001095,CUST_857,34862.49,INR,34862.49,10,2020-04-21 10:18:12,2020-04-21 10:22:12,1047,False,False,False,True,0.596
CHK_01096,checkout_abandonment,2020-01-29 06:48:23,CHK_SESSION_001096,CUST_347,5408.28,INR,5408.28,5,2020-01-28 12:39:23,2020-01-28 12:44:23,1084,False,False,False,True,0.497
CHK_01097,checkout_abandonment,2019-04-29 09:15:33,CHK_SESSION_001097,CUST_482,8493.39,INR,8493.39,8,2019-04-28 14:28:33,2019-04-28 14:34:33,1121,False,False,False,True,0.986
CHK_01098,checkout_abandonment,2019-05-14 05:48:27,CHK_SESSION_001098,CUST_14,4014.71,INR,4014.71,4,2019-05-13 10:23:27,2019-05-13 10:30:27,1158,False,False,False,True,0.796
CHK_01099,checkout_abandonment,2019-06-17 04:28:37,CHK_SESSION_001099,CUST_38,5810.83,INR,5810.83,6,2019-06-16 08:25:37,2019-06-16 08:33:37,1195,False,False,False,True,0.803
CHK_01100,checkout_abandonment,2019-07-16 05:56:00,CHK_SESSION_001100,CUST_693,7384.51,INR,7384.51,7,2019-07-15 09:15:00,2019-07-15 09:24:00,1232,False,False,False,True,0.59
CHK_01101,checkout_abandonment,2019-08-07 20:48:32,CHK_SESSION_001101,CUST_820,48154.94,INR,48154.94,10,2019-08-06 23:39:32,2019-08-06 23:39:32,1269,False,False,False,True,0.598
CHK_01102,checkout_abandonment,2019-11-29 00:57:53,CHK_SESSION_001102,CUST_577,3979.85,INR,3979.85,4,2019-11-28 03:10:53,2019-11-28 03:11:53,1306,False,False,False,True,0.79
CHK_01103,checkout_abandonment,2019-05-04 11:07:20,CHK_SESSION_001103,CUST_606,2568.85,INR,2568.85,3,2019-05-03 12:42:20,2019-05-03 12:44:20,1343,False,False,False,True,0.692
CHK_01104,checkout_abandonment,2020-06-19 10:03:07,CHK_SESSION_001104,CUST_122,490.53,INR,490.53,1,2020-06-18 11:00:07,2020-06-18 11:03:07,1380,False,False,False,True,0.494
CHK_01105,checkout_abandonment,2020-01-18 16:25:19,CHK_SESSION_001105,CUST_0,1386.93,INR,1386.93,1,2020-01-17 16:44:19,2020-01-17 16:48:19,1417,False,False,False,True,0.79
CHK_01106,checkout_abandonment,2019-07-21 16:41:03,CHK_SESSION_001106,CUST_434,5971.85,INR,5971.85,6,2019-07-21 15:53:03,2019-07-21 15:58:03,43,False,False,False,True,0.893
CHK_01107,checkout_abandonment,2019-07-21 23:22:17,CHK_SESSION_001107,CUST_373,5411.6,INR,5411.6,5,2019-07-21 21:56:17,2019-07-21 22:02:17,80,False,False,False,True,0.697
CHK_01108,checkout_abandonment,2019-05-15 01:50:38,CHK_SESSION_001108,CUST_417,13084.12,INR,13084.12,10,2019-05-14 23:46:38,2019-05-14 23:53:38,117,False,False,False,True,0.598
CHK_01109,checkout_abandonment,2019-04-28 23:54:17,CHK_SESSION_001109,CUST_16,297.14,INR,297.14,1,2019-04-28 21:12:17,2019-04-28 21:20:17,154,False,False,False,True,0.8
CHK_01110,checkout_abandonment,2019-12-06 17:29:16,CHK_SESSION_001110,CUST_294,943.71,INR,943.71,1,2019-12-06 14:09:16,2019-12-06 14:18:16,191,False,False,False,True,0.787
CHK_01111,checkout_abandonment,2019-12-23 21:15:58,CHK_SESSION_001111,CUST_115,334.49,INR,334.49,1,2019-12-23 17:27:58,2019-12-23 17:27:58,228,False,False,False,True,0.978
CHK_01112,checkout_abandonment,2019-12-08 01:19:37,CHK_SESSION_001112,CUST_198,773.56,INR,773.56,1,2019-12-07 20:53:37,2019-12-07 20:54:37,265,False,False,False,True,0.591
CHK_01113,checkout_abandonment,2019-04-07 01:02:20,CHK_SESSION_001113,CUST_584,1365.35,INR,1365.35,1,2019-04-06 19:58:20,2019-04-06 20:00:20,302,False,False,False,True,0.689
CHK_01114,checkout_abandonment,2020-06-03 01:53:02,CHK_SESSION_001114,CUST_537,6069.79,INR,6069.79,6,2020-06-02 20:11:02,2020-06-02 20:14:02,339,False,False,False,True,0.792
CHK_01115,checkout_abandonment,2019-08-30 21:48:19,CHK_SESSION_001115,CUST_26,738.7,INR,738.7,1,2019-08-30 15:28:19,2019-08-30 15:32:19,376,False,False,False,True,0.888
CHK_01116,checkout_abandonment,2019-08-27 09:14:33,CHK_SESSION_001116,CUST_146,2570.51,INR,2570.51,3,2019-08-27 02:16:33,2019-08-27 02:21:33,413,False,False,False,True,0.798
CHK_01117,checkout_abandonment,2019-12-01 20:59:03,CHK_SESSION_001117,CUST_8,7211.87,INR,7211.87,7,2019-12-01 13:23:03,2019-12-01 13:29:03,450,False,False,False,True,0.589
CHK_01118,checkout_abandonment,2019-10-23 22:09:46,CHK_SESSION_001118,CUST_622,2262.58,INR,2262.58,2,2019-10-23 13:55:46,2019-10-23 14:02:46,487,False,False,False,True,0.9
CHK_01119,checkout_abandonment,2019-03-16 12:26:20,CHK_SESSION_001119,CUST_680,194.22,INR,194.22,1,2019-03-16 03:34:20,2019-03-16 03:42:20,524,False,False,False,True,0.494
CHK_01120,checkout_abandonment,2019-07-26 08:47:09,CHK_SESSION_001120,CUST_286,2307.4,INR,2307.4,2,2019-07-25 23:17:09,2019-07-25 23:26:09,561,False,False,False,True,0.88
CHK_01121,checkout_abandonment,2020-01-14 06:39:17,CHK_SESSION_001121,CUST_566,5636.53,INR,5636.53,6,2020-01-13 20:41:17,2020-01-13 20:41:17,598,False,False,False,True,0.798
CHK_01122,checkout_abandonment,2019-12-16 01:22:11,CHK_SESSION_001122,CUST_579,781.86,INR,781.86,1,2019-12-15 14:46:11,2019-12-15 14:47:11,635,False,False,False,True,0.89
CHK_01123,checkout_abandonment,2020-04-13 00:39:22,CHK_SESSION_001123,CUST_11,674.79,INR,674.79,1,2020-04-12 13:25:22,2020-04-12 13:27:22,672,False,False,False,True,0.786
CHK_01124,checkout_abandonment,2019-06-10 10:32:08,CHK_SESSION_001124,CUST_139,570.21,INR,570.21,1,2019-06-09 22:40:08,2019-06-09 22:43:08,709,False,False,False,True,0.87
CHK_01125,checkout_abandonment,2019-01-19 16:42:34,CHK_SESSION_001125,CUST_293,56182.7,INR,56182.7,10,2019-01-19 04:12:34,2019-01-19 04:16:34,746,False,False,False,True,0.982
CHK_01126,checkout_abandonment,2019-08-25 22:37:06,CHK_SESSION_001126,CUST_75,3305.06,INR,3305.06,3,2019-08-25 09:29:06,2019-08-25 09:34:06,783,False,False,False,True,0.601
CHK_01127,checkout_abandonment,2020-02-02 16:32:04,CHK_SESSION_001127,CUST_132,674.79,INR,674.79,1,2020-02-02 02:46:04,2020-02-02 02:52:04,820,False,False,False,True,0.691
CHK_01128,checkout_abandonment,2019-12-07 05:15:10,CHK_SESSION_001128,CUST_44,966.95,INR,966.95,1,2019-12-06 14:51:10,2019-12-06 14:58:10,857,False,False,False,True,0.692
CHK_01129,checkout_abandonment,2019-10-14 05:05:16,CHK_SESSION_001129,CUST_77,368.52,INR,368.52,1,2019-10-13 14:03:16,2019-10-13 14:11:16,894,False,False,False,True,0.491
CHK_01130,checkout_abandonment,2020-06-15 15:11:26,CHK_SESSION_001130,CUST_81,2045.95,INR,2045.95,2,2020-06-14 23:31:26,2020-06-14 23:40:26,931,False,False,False,True,0.996
CHK_01131,checkout_abandonment,2019-08-04 09:52:05,CHK_SESSION_001131,CUST_313,620.84,INR,620.84,1,2019-08-03 17:44:05,2019-08-03 17:44:05,968,False,False,False,True,0.692
CHK_01132,checkout_abandonment,2020-04-02 17:07:13,CHK_SESSION_001132,CUST_533,12797.77,INR,12797.77,10,2020-04-02 00:21:13,2020-04-02 00:22:13,1005,False,False,False,True,0.596
CHK_01133,checkout_abandonment,2019-12-16 12:47:03,CHK_SESSION_001133,CUST_619,4648.83,INR,4648.83,5,2019-12-15 19:23:03,2019-12-15 19:25:03,1042,False,False,False,True,0.784
CHK_01134,checkout_abandonment,2020-06-10 00:26:43,CHK_SESSION_001134,CUST_249,4945.97,INR,4945.97,5,2020-06-09 06:24:43,2020-06-09 06:27:43,1079,False,False,False,True,0.787
CHK_01135,checkout_abandonment,2020-01-14 13:31:07,CHK_SESSION_001135,CUST_22,21240.53,INR,21240.53,10,2020-01-13 18:51:07,2020-01-13 18:55:07,1116,False,False,False,True,0.99
CHK_01136,checkout_abandonment,2019-02-23 15:59:47,CHK_SESSION_001136,CUST_671,5355.99,INR,5355.99,5,2019-02-22 20:41:47,2019-02-22 20:46:47,1153,False,False,False,True,0.694
CHK_01137,checkout_abandonment,2019-10-21 18:43:48,CHK_SESSION_001137,CUST_556,5546.89,INR,5546.89,6,2019-10-20 22:47:48,2019-10-20 22:53:48,1190,False,False,False,True,0.586
CHK_01138,checkout_abandonment,2019-05-02 19:09:58,CHK_SESSION_001138,CUST_811,115.37,INR,115.37,1,2019-05-01 22:35:58,2019-05-01 22:42:58,1227,False,False,False,True,0.595
CHK_01139,checkout_abandonment,2019-11-29 21:57:12,CHK_SESSION_001139,CUST_874,4395.68,INR,4395.68,4,2019-11-29 00:45:12,2019-11-29 00:53:12,1264,False,False,False,True,0.487
CHK_01140,checkout_abandonment,2019-06-02 15:39:34,CHK_SESSION_001140,CUST_68,305.44,INR,305.44,1,2019-06-01 17:49:34,2019-06-01 17:58:34,1301,False,False,False,True,1.0
CHK_01141,checkout_abandonment,2020-04-21 16:51:52,CHK_SESSION_001141,CUST_218,6346.18,INR,6346.18,6,2020-04-20 18:33:52,2020-04-20 18:33:52,1338,False,False,False,True,0.792
CHK_01142,checkout_abandonment,2019-10-08 15:28:18,CHK_SESSION_001142,CUST_392,6658.26,INR,6658.26,7,2019-10-07 16:32:18,2019-10-07 16:33:18,1375,False,False,False,True,0.987
CHK_01143,checkout_abandonment,2019-02-12 02:21:27,CHK_SESSION_001143,CUST_197,6722.17,INR,6722.17,7,2019-02-11 02:47:27,2019-02-11 02:49:27,1412,False,False,False,True,0.597
CHK_01144,checkout_abandonment,2019-06-02 21:56:11,CHK_SESSION_001144,CUST_57,6686.48,INR,6686.48,7,2019-06-02 21:15:11,2019-06-02 21:18:11,38,False,False,False,True,0.686
CHK_01145,checkout_abandonment,2019-01-29 13:57:09,CHK_SESSION_001145,CUST_438,225.76,INR,225.76,1,2019-01-29 12:38:09,2019-01-29 12:42:09,75,False,False,False,True,0.692
CHK_01146,checkout_abandonment,2019-10-19 22:28:37,CHK_SESSION_001146,CUST_201,2000.3,INR,2000.3,2,2019-10-19 20:31:37,2019-10-19 20:36:37,112,False,False,False,True,0.889
CHK_01147,checkout_abandonment,2019-06-10 07:06:16,CHK_SESSION_001147,CUST_722,3681.88,INR,3681.88,4,2019-06-10 04:31:16,2019-06-10 04:37:16,149,False,False,False,True,0.495
CHK_01148,checkout_abandonment,2019-01-16 05:08:16,CHK_SESSION_001148,CUST_331,5621.59,INR,5621.59,6,2019-01-16 01:55:16,2019-01-16 02:02:16,186,False,False,False,True,0.795
CHK_01149,checkout_abandonment,2020-05-11 17:14:06,CHK_SESSION_001149,CUST_91,197.54,INR,197.54,1,2020-05-11 13:23:06,2020-05-11 13:31:06,223,False,False,False,True,0.787
CHK_01150,checkout_abandonment,2019-07-17 16:58:13,CHK_SESSION_001150,CUST_32,11585.97,INR,11585.97,10,2019-07-17 12:29:13,2019-07-17 12:38:13,260,False,False,False,True,0.493
CHK_01151,checkout_abandonment,2019-11-20 04:42:15,CHK_SESSION_001151,CUST_373,6335.39,INR,6335.39,6,2019-11-19 23:45:15,2019-11-19 23:45:15,297,False,False,False,True,0.697
CHK_01152,checkout_abandonment,2019-12-04 18:03:11,CHK_SESSION_001152,CUST_303,2148.87,INR,2148.87,2,2019-12-04 12:28:11,2019-12-04 12:29:11,334,False,False,False,True,0.602
CHK_01153,checkout_abandonment,2019-09-08 05:44:42,CHK_SESSION_001153,CUST_401,1543.8,INR,1543.8,2,2019-09-07 23:31:42,2019-09-07 23:33:42,371,False,False,False,True,0.492
CHK_01154,checkout_abandonment,2019-06-20 04:56:14,CHK_SESSION_001154,CUST_40,10088.65,INR,10088.65,10,2019-06-19 22:05:14,2019-06-19 22:08:14,408,False,False,False,True,0.893
CHK_01155,checkout_abandonment,2019-11-11 03:56:59,CHK_SESSION_001155,CUST_166,1226.74,INR,1226.74,1,2019-11-10 20:27:59,2019-11-10 20:31:59,445,False,False,False,True,0.602
CHK_01156,checkout_abandonment,2019-07-16 22:17:54,CHK_SESSION_001156,CUST_549,449.86,INR,449.86,1,2019-07-16 14:10:54,2019-07-16 14:15:54,482,False,False,False,True,0.805
CHK_01157,checkout_abandonment,2019-07-31 11:27:41,CHK_SESSION_001157,CUST_696,1012.6,INR,1012.6,1,2019-07-31 02:42:41,2019-07-31 02:48:41,519,False,False,False,True,0.891
CHK_01158,checkout_abandonment,2019-04-11 13:45:24,CHK_SESSION_001158,CUST_15,4025.5,INR,4025.5,4,2019-04-11 04:22:24,2019-04-11 04:29:24,556,False,False,False,True,0.689
CHK_01159,checkout_abandonment,2019-03-21 05:33:17,CHK_SESSION_001159,CUST_318,5110.31,INR,5110.31,5,2019-03-20 19:32:17,2019-03-20 19:40:17,593,False,False,False,True,0.69
CHK_01160,checkout_abandonment,2020-01-23 19:17:25,CHK_SESSION_001160,CUST_397,9395.6,INR,9395.6,9,2020-01-23 08:38:25,2020-01-23 08:47:25,630,False,False,False,True,0.593
CHK_01161,checkout_abandonment,2019-03-13 10:45:36,CHK_SESSION_001161,CUST_214,592.62,INR,592.62,1,2019-03-12 23:38:36,2019-03-12 23:38:36,667,False,False,False,True,0.693
CHK_01162,checkout_abandonment,2019-02-28 01:04:04,CHK_SESSION_001162,CUST_649,1736.36,INR,1736.36,2,2019-02-27 13:19:04,2019-02-27 13:20:04,704,False,False,False,True,0.69
CHK_01163,checkout_abandonment,2019-04-16 03:50:49,CHK_SESSION_001163,CUST_706,6551.19,INR,6551.19,7,2019-04-15 15:27:49,2019-04-15 15:29:49,741,False,False,False,True,0.491
CHK_01164,checkout_abandonment,2019-01-16 08:18:58,CHK_SESSION_001164,CUST_376,7569.6,INR,7569.6,8,2019-01-15 19:17:58,2019-01-15 19:20:58,778,False,False,False,True,0.991
CHK_01165,checkout_abandonment,2019-12-16 03:11:09,CHK_SESSION_001165,CUST_176,542.82,INR,542.82,1,2019-12-15 13:32:09,2019-12-15 13:36:09,815,False,False,False,True,0.976
CHK_01166,checkout_abandonment,2019-11-23 15:41:20,CHK_SESSION_001166,CUST_61,3181.39,INR,3181.39,3,2019-11-23 01:24:20,2019-11-23 01:29:20,852,False,False,False,True,0.995
CHK_01167,checkout_abandonment,2019-09-14 09:14:01,CHK_SESSION_001167,CUST_788,3935.03,INR,3935.03,4,2019-09-13 18:19:01,2019-09-13 18:25:01,889,False,False,False,True,0.594
CHK_01168,checkout_abandonment,2019-03-03 12:52:25,CHK_SESSION_001168,CUST_295,2496.64,INR,2496.64,2,2019-03-02 21:19:25,2019-03-02 21:26:25,926,False,False,False,True,0.691
CHK_01169,checkout_abandonment,2019-08-22 13:51:30,CHK_SESSION_001169,CUST_36,17991.91,INR,17991.91,10,2019-08-21 21:40:30,2019-08-21 21:48:30,963,False,False,False,True,0.894
CHK_01170,checkout_abandonment,2020-03-20 23:28:28,CHK_SESSION_001170,CUST_105,284.69,INR,284.69,1,2020-03-20 06:39:28,2020-03-20 06:48:28,1000,False,False,False,True,0.798
CHK_01171,checkout_abandonment,2019-07-06 21:20:37,CHK_SESSION_001171,CUST_37,282.2,INR,282.2,1,2019-07-06 04:03:37,2019-07-06 04:03:37,1037,False,False,False,True,0.985
CHK_01172,checkout_abandonment,2019-02-19 19:50:57,CHK_SESSION_001172,CUST_350,336.15,INR,336.15,1,2019-02-19 01:55:57,2019-02-19 01:56:57,1074,False,False,False,True,0.586
CHK_01173,checkout_abandonment,2020-03-31 06:35:02,CHK_SESSION_001173,CUST_486,2735.68,INR,2735.68,3,2020-03-30 12:02:02,2020-03-30 12:04:02,1111,False,False,False,True,0.889
CHK_01174,checkout_abandonment,2019-10-05 17:08:23,CHK_SESSION_001174,CUST_40,162.68,INR,162.68,1,2019-10-04 21:57:23,2019-10-04 22:00:23,1148,False,False,False,True,0.893
CHK_01175,checkout_abandonment,2020-05-07 07:36:11,CHK_SESSION_001175,CUST_187,6382.7,INR,6382.7,6,2020-05-06 11:47:11,2020-05-06 11:51:11,1185,False,False,False,True,0.8
CHK_01176,checkout_abandonment,2019-11-16 19:17:47,CHK_SESSION_001176,CUST_866,3256.92,INR,3256.92,3,2019-11-15 22:50:47,2019-11-15 22:55:47,1222,False,False,False,True,0.691
CHK_01177,checkout_abandonment,2020-06-07 16:45:15,CHK_SESSION_001177,CUST_734,3725.04,INR,3725.04,4,2020-06-06 19:40:15,2020-06-06 19:46:15,1259,False,False,False,True,0.696
CHK_01178,checkout_abandonment,2019-12-12 04:50:46,CHK_SESSION_001178,CUST_667,4555.87,INR,4555.87,5,2019-12-11 07:07:46,2019-12-11 07:14:46,1296,False,False,False,True,0.693
CHK_01179,checkout_abandonment,2019-10-08 02:32:20,CHK_SESSION_001179,CUST_476,8941.59,INR,8941.59,9,2019-10-07 04:11:20,2019-10-07 04:19:20,1333,False,False,False,True,0.787
CHK_01180,checkout_abandonment,2019-03-22 06:09:06,CHK_SESSION_001180,CUST_651,18749.7,INR,18749.7,10,2019-03-21 07:10:06,2019-03-21 07:19:06,1370,False,False,False,True,0.497
CHK_01181,checkout_abandonment,2019-12-16 02:01:57,CHK_SESSION_001181,CUST_558,6268.99,INR,6268.99,6,2019-12-15 02:34:57,2019-12-15 02:34:57,1407,False,False,False,True,0.998
CHK_01182,checkout_abandonment,2019-04-04 08:40:37,CHK_SESSION_001182,CUST_16,4281.14,INR,4281.14,4,2019-04-04 08:06:37,2019-04-04 08:07:37,33,False,False,False,True,0.8
CHK_01183,checkout_abandonment,2019-06-14 11:13:51,CHK_SESSION_001183,CUST_476,126.16,INR,126.16,1,2019-06-14 10:01:51,2019-06-14 10:03:51,70,False,False,False,True,0.787
CHK_01184,checkout_abandonment,2019-12-09 05:39:48,CHK_SESSION_001184,CUST_434,5810.0,INR,5810.0,6,2019-12-09 03:49:48,2019-12-09 03:52:48,107,False,False,False,True,0.893
CHK_01185,checkout_abandonment,2019-05-31 21:49:49,CHK_SESSION_001185,CUST_166,26416.41,INR,26416.41,10,2019-05-31 19:21:49,2019-05-31 19:25:49,144,False,False,False,True,0.602
CHK_01186,checkout_abandonment,2020-05-11 04:45:39,CHK_SESSION_001186,CUST_326,53087.63,INR,53087.63,10,2020-05-11 01:39:39,2020-05-11 01:44:39,181,False,False,False,True,0.789
CHK_01187,checkout_abandonment,2019-04-25 17:28:57,CHK_SESSION_001187,CUST_1,12161.99,INR,12161.99,10,2019-04-25 13:44:57,2019-04-25 13:50:57,218,False,False,False,True,0.982
CHK_01188,checkout_abandonment,2020-03-17 00:43:38,CHK_SESSION_001188,CUST_755,631.63,INR,631.63,1,2020-03-16 20:21:38,2020-03-16 20:28:38,255,False,False,False,True,0.97
CHK_01189,checkout_abandonment,2019-03-02 09:47:29,CHK_SESSION_001189,CUST_635,3215.42,INR,3215.42,3,2019-03-02 04:47:29,2019-03-02 04:55:29,292,False,False,False,True,0.485
CHK_01190,checkout_abandonment,2019-07-29 18:14:59,CHK_SESSION_001190,CUST_86,2176.26,INR,2176.26,2,2019-07-29 12:36:59,2019-07-29 12:45:59,329,False,False,False,True,0.999
CHK_01191,checkout_abandonment,2019-02-04 20:28:53,CHK_SESSION_001191,CUST_678,4096.88,INR,4096.88,4,2019-02-04 14:22:53,2019-02-04 14:22:53,366,False,False,False,True,0.801
CHK_01192,checkout_abandonment,2019-03-29 02:04:53,CHK_SESSION_001192,CUST_578,6683.99,INR,6683.99,7,2019-03-28 19:20:53,2019-03-28 19:21:53,403,False,False,False,True,0.582
CHK_01193,checkout_abandonment,2019-12-24 07:55:21,CHK_SESSION_001193,CUST_692,4011.39,INR,4011.39,4,2019-12-24 00:33:21,2019-12-24 00:35:21,440,False,False,False,True,0.892
CHK_01194,checkout_abandonment,2019-08-18 06:56:15,CHK_SESSION_001194,CUST_781,3422.92,INR,3422.92,3,2019-08-17 22:56:15,2019-08-17 22:59:15,477,False,False,False,True,0.697
CHK_01195,checkout_abandonment,2019-07-19 23:21:37,CHK_SESSION_001195,CUST_514,4477.02,INR,4477.02,4,2019-07-19 14:43:37,2019-07-19 14:47:37,514,False,False,False,True,0.702
CHK_01196,checkout_abandonment,2019-03-09 19:21:30,CHK_SESSION_001196,CUST_666,7602.8,INR,7602.8,8,2019-03-09 10:05:30,2019-03-09 10:10:30,551,False,False,False,True,0.697
CHK_01197,checkout_abandonment,2019-09-13 23:09:13,CHK_SESSION_001197,CUST_667,5619.93,INR,5619.93,6,2019-09-13 13:15:13,2019-09-13 13:21:13,588,False,False,False,True,0.693
CHK_01198,checkout_abandonment,2019-03-03 04:07:43,CHK_SESSION_001198,CUST_506,16309.5,INR,16309.5,10,2019-03-02 17:35:43,2019-03-02 17:42:43,625,False,False,False,True,0.789
CHK_01199,checkout_abandonment,2019-12-02 10:17:10,CHK_SESSION_001199,CUST_98,7162.07,INR,7162.07,7,2019-12-01 23:07:10,2019-12-01 23:15:10,662,False,False,False,True,0.785
CHK_01200,checkout_abandonment,2020-04-21 08:26:58,CHK_SESSION_001200,CUST_661,732.06,INR,732.06,1,2020-04-20 20:38:58,2020-04-20 20:47:58,699,False,False,False,True,0.694
CHK_01201,checkout_abandonment,2019-08-25 23:41:39,CHK_SESSION_001201,CUST_318,11135.28,INR,11135.28,10,2019-08-25 11:25:39,2019-08-25 11:25:39,736,False,False,False,True,0.69
CHK_01202,checkout_abandonment,2019-08-13 03:48:22,CHK_SESSION_001202,CUST_180,6086.39,INR,6086.39,6,2019-08-12 14:54:22,2019-08-12 14:55:22,773,False,False,False,True,0.981
CHK_01203,checkout_abandonment,2019-10-23 13:29:44,CHK_SESSION_001203,CUST_441,4538.44,INR,4538.44,5,2019-10-22 23:57:44,2019-10-22 23:59:44,810,False,False,False,True,0.883
CHK_01204,checkout_abandonment,2019-12-31 10:51:01,CHK_SESSION_001204,CUST_794,825.85,INR,825.85,1,2019-12-30 20:41:01,2019-12-30 20:44:01,847,False,False,False,True,0.49
CHK_01205,checkout_abandonment,2020-06-07 17:22:55,CHK_SESSION_001205,CUST_523,6064.81,INR,6064.81,6,2020-06-07 02:34:55,2020-06-07 02:38:55,884,False,False,False,True,0.502
CHK_01206,checkout_abandonment,2019-11-17 20:32:12,CHK_SESSION_001206,CUST_697,5087.07,INR,5087.07,5,2019-11-17 05:06:12,2019-11-17 05:11:12,921,False,False,False,True,0.892
CHK_01207,checkout_abandonment,2020-05-29 22:48:30,CHK_SESSION_001207,CUST_600,5116.12,INR,5116.12,5,2020-05-29 06:44:30,2020-05-29 06:50:30,958,False,False,False,True,0.588
CHK_01208,checkout_abandonment,2019-08-04 01:32:00,CHK_SESSION_001208,CUST_168,4702.78,INR,4702.78,5,2019-08-03 08:50:00,2019-08-03 08:57:00,995,False,False,False,True,0.895
CHK_01209,checkout_abandonment,2019-08-31 17:36:22,CHK_SESSION_001209,CUST_339,387.61,INR,387.61,1,2019-08-31 00:16:22,2019-08-31 00:24:22,1032,False,False,False,True,0.697
CHK_01210,checkout_abandonment,2020-03-23 07:45:45,CHK_SESSION_001210,CUST_429,3392.21,INR,3392.21,3,2020-03-22 13:47:45,2020-03-22 13:56:45,1069,False,False,False,True,0.789
CHK_01211,checkout_abandonment,2019-12-27 07:25:38,CHK_SESSION_001211,CUST_294,747.0,INR,747.0,1,2019-12-26 12:59:38,2019-12-26 12:59:38,1106,False,False,False,True,0.787
CHK_01212,checkout_abandonment,2019-10-02 18:16:55,CHK_SESSION_001212,CUST_118,8423.67,INR,8423.67,8,2019-10-01 23:12:55,2019-10-01 23:13:55,1143,False,False,False,True,0.889
CHK_01213,checkout_abandonment,2019-11-22 04:12:21,CHK_SESSION_001213,CUST_450,11312.07,INR,11312.07,10,2019-11-21 08:30:21,2019-11-21 08:32:21,1180,False,False,False,True,0.884
CHK_01214,checkout_abandonment,2020-04-27 17:36:54,CHK_SESSION_001214,CUST_653,409.19,INR,409.19,1,2020-04-26 21:16:54,2020-04-26 21:19:54,1217,False,False,False,True,0.893
CHK_01215,checkout_abandonment,2019-04-23 13:50:07,CHK_SESSION_001215,CUST_564,4790.76,INR,4790.76,5,2019-04-22 16:52:07,2019-04-22 16:56:07,1254,False,False,False,True,0.689
CHK_01216,checkout_abandonment,2019-10-12 11:12:24,CHK_SESSION_001216,CUST_834,1738.85,INR,1738.85,2,2019-10-11 13:36:24,2019-10-11 13:41:24,1291,False,False,False,True,0.696
CHK_01217,checkout_abandonment,2020-06-08 12:03:09,CHK_SESSION_001217,CUST_36,7816.94,INR,7816.94,8,2020-06-07 13:49:09,2020-06-07 13:55:09,1328,False,False,False,True,0.894
CHK_01218,checkout_abandonment,2019-02-21 19:42:37,CHK_SESSION_001218,CUST_19,4082.77,INR,4082.77,4,2019-02-20 20:50:37,2019-02-20 20:57:37,1365,False,False,False,True,0.891
CHK_01219,checkout_abandonment,2020-05-27 14:51:13,CHK_SESSION_001219,CUST_357,8993.88,INR,8993.88,9,2020-05-26 15:21:13,2020-05-26 15:29:13,1402,False,False,False,True,0.499
CHK_01220,checkout_abandonment,2019-05-17 12:11:24,CHK_SESSION_001220,CUST_770,738.7,INR,738.7,1,2019-05-16 12:03:24,2019-05-16 12:12:24,1439,False,False,False,True,0.492
CHK_01221,checkout_abandonment,2019-06-19 21:27:25,CHK_SESSION_001221,CUST_187,6021.65,INR,6021.65,6,2019-06-19 20:22:25,2019-06-19 20:22:25,65,False,False,False,True,0.8
CHK_01222,checkout_abandonment,2020-05-20 14:22:41,CHK_SESSION_001222,CUST_740,3746.62,INR,3746.62,4,2020-05-20 12:39:41,2020-05-20 12:40:41,102,False,False,False,True,0.982
CHK_01223,checkout_abandonment,2019-07-17 11:54:17,CHK_SESSION_001223,CUST_278,713.8,INR,713.8,1,2019-07-17 09:33:17,2019-07-17 09:35:17,139,False,False,False,True,0.891
CHK_01224,checkout_abandonment,2019-04-14 16:19:42,CHK_SESSION_001224,CUST_96,4491.13,INR,4491.13,4,2019-04-14 13:20:42,2019-04-14 13:23:42,176,False,False,False,True,0.797
CHK_01225,checkout_abandonment,2020-06-02 08:32:58,CHK_SESSION_001225,CUST_315,7586.2,INR,7586.2,8,2020-06-02 04:55:58,2020-06-02 04:59:58,213,False,False,False,True,0.787
CHK_01226,checkout_abandonment,2019-05-20 15:08:15,CHK_SESSION_001226,CUST_749,7224.32,INR,7224.32,7,2019-05-20 10:53:15,2019-05-20 10:58:15,250,False,False,False,True,0.888
CHK_01227,checkout_abandonment,2020-06-09 08:09:12,CHK_SESSION_001227,CUST_315,10589.97,INR,10589.97,10,2020-06-09 03:16:12,2020-06-09 03:22:12,287,False,False,False,True,0.787
CHK_01228,checkout_abandonment,2020-02-24 22:17:56,CHK_SESSION_001228,CUST_144,474.76,INR,474.76,1,2020-02-24 16:46:56,2020-02-24 16:53:56,324,False,False,False,True,0.896
CHK_01229,checkout_abandonment,2019-08-18 19:47:20,CHK_SESSION_001229,CUST_645,18889.14,INR,18889.14,10,2019-08-18 13:38:20,2019-08-18 13:46:20,361,False,False,False,True,0.793
CHK_01230,checkout_abandonment,2019-04-30 11:08:36,CHK_SESSION_001230,CUST_377,17765.32,INR,17765.32,10,2019-04-30 04:21:36,2019-04-30 04:30:36,398,False,False,False,True,0.799
CHK_01231,checkout_abandonment,2019-06-26 15:03:39,CHK_SESSION_001231,CUST_280,3061.04,INR,3061.04,3,2019-06-26 07:48:39,2019-06-26 07:48:39,435,False,False,False,True,0.886
CHK_01232,checkout_abandonment,2020-03-24 02:29:23,CHK_SESSION_001232,CUST_331,228.25,INR,228.25,1,2020-03-23 18:36:23,2020-03-23 18:37:23,472,False,False,False,True,0.795
CHK_01233,checkout_abandonment,2020-02-03 21:38:47,CHK_SESSION_001233,CUST_166,167533.01,INR,167533.01,10,2020-02-03 13:07:47,2020-02-03 13:09:47,509,False,False,False,True,0.602
CHK_01234,checkout_abandonment,2019-12-29 22:44:15,CHK_SESSION_001234,CUST_705,283.03,INR,283.03,1,2019-12-29 13:35:15,2019-12-29 13:38:15,546,False,False,False,True,0.888
CHK_01235,checkout_abandonment,2019-05-19 21:59:58,CHK_SESSION_001235,CUST_11,3604.69,INR,3604.69,4,2019-05-19 12:12:58,2019-05-19 12:16:58,583,False,False,False,True,0.786
CHK_01236,checkout_abandonment,2019-01-16 00:47:58,CHK_SESSION_001236,CUST_307,3359.84,INR,3359.84,3,2019-01-15 14:22:58,2019-01-15 14:27:58,620,False,False,False,True,0.893
CHK_01237,checkout_abandonment,2019-06-14 05:32:50,CHK_SESSION_001237,CUST_567,184.26,INR,184.26,1,2019-06-13 18:29:50,2019-06-13 18:35:50,657,False,False,False,True,0.884
CHK_01238,checkout_abandonment,2020-05-26 03:34:33,CHK_SESSION_001238,CUST_80,141.1,INR,141.1,1,2020-05-25 15:53:33,2020-05-25 16:00:33,694,False,False,False,True,0.994
CHK_01239,checkout_abandonment,2020-05-10 11:56:22,CHK_SESSION_001239,CUST_658,620.84,INR,620.84,1,2020-05-09 23:37:22,2020-05-09 23:45:22,731,False,False,False,True,0.892
CHK_01240,checkout_abandonment,2019-04-26 07:21:04,CHK_SESSION_001240,CUST_284,1151.21,INR,1151.21,1,2019-04-25 18:24:04,2019-04-25 18:33:04,768,False,False,False,True,0.884
CHK_01241,checkout_abandonment,2019-01-04 17:47:27,CHK_SESSION_001241,CUST_332,419.98,INR,419.98,1,2019-01-04 04:22:27,2019-01-04 04:22:27,805,False,False,False,True,0.683
CHK_01242,checkout_abandonment,2019-08-04 01:35:35,CHK_SESSION_001242,CUST_394,10059.6,INR,10059.6,10,2019-08-03 11:32:35,2019-08-03 11:33:35,842,False,False,False,True,0.596
CHK_01243,checkout_abandonment,2019-12-16 04:30:20,CHK_SESSION_001243,CUST_605,984.38,INR,984.38,1,2019-12-15 13:49:20,2019-12-15 13:51:20,879,False,False,False,True,0.691
CHK_01244,checkout_abandonment,2019-10-26 21:11:36,CHK_SESSION_001244,CUST_185,5052.21,INR,5052.21,5,2019-10-26 05:52:36,2019-10-26 05:55:36,916,False,False,False,True,0.597
CHK_01245,checkout_abandonment,2020-05-27 07:11:09,CHK_SESSION_001245,CUST_104,5052.21,INR,5052.21,5,2020-05-26 15:14:09,2020-05-26 15:18:09,953,False,False,False,True,0.596
CHK_01246,checkout_abandonment,2019-08-31 08:36:41,CHK_SESSION_001246,CUST_86,355.24,INR,355.24,1,2019-08-30 16:01:41,2019-08-30 16:06:41,990,False,False,False,True,0.999
CHK_01247,checkout_abandonment,2019-09-25 21:32:19,CHK_SESSION_001247,CUST_520,13280.83,INR,13280.83,10,2019-09-25 04:19:19,2019-09-25 04:25:19,1027,False,False,False,True,0.692
CHK_01248,checkout_abandonment,2019-12-09 00:49:02,CHK_SESSION_001248,CUST_222,18726.46,INR,18726.46,10,2019-12-08 06:58:02,2019-12-08 07:05:02,1064,False,False,False,True,0.783
CHK_01249,checkout_abandonment,2020-05-04 14:44:53,CHK_SESSION_001249,CUST_650,1225.91,INR,1225.91,1,2020-05-03 20:15:53,2020-05-03 20:23:53,1101,False,False,False,True,0.792
CHK_01250,checkout_abandonment,2019-08-10 12:57:10,CHK_SESSION_001250,CUST_756,253.15,INR,253.15,1,2019-08-09 17:50:10,2019-08-09 17:59:10,1138,False,False,False,True,0.897
CHK_01251,checkout_abandonment,2019-12-31 17:23:53,CHK_SESSION_001251,CUST_655,556.93,INR,556.93,1,2019-12-30 21:48:53,2019-12-30 21:48:53,1175,False,False,False,True,0.594
CHK_01252,checkout_abandonment,2019-05-05 12:22:20,CHK_SESSION_001252,CUST_714,814.23,INR,814.23,1,2019-05-04 16:09:20,2019-05-04 16:10:20,1212,False,False,False,True,0.495
CHK_01253,checkout_abandonment,2019-04-22 22:28:12,CHK_SESSION_001253,CUST_329,103585.66,INR,103585.66,10,2019-04-22 01:37:12,2019-04-22 01:39:12,1249,False,False,False,True,0.7
CHK_01254,checkout_abandonment,2019-11-15 19:22:56,CHK_SESSION_001254,CUST_461,1111.37,INR,1111.37,1,2019-11-14 21:53:56,2019-11-14 21:56:56,1286,False,False,False,True,0.8
CHK_01255,checkout_abandonment,2019-07-10 08:08:33,CHK_SESSION_001255,CUST_441,469.78,INR,469.78,1,2019-07-09 10:01:33,2019-07-09 10:05:33,1323,False,False,False,True,0.883
CHK_01256,checkout_abandonment,2019-02-06 07:27:23,CHK_SESSION_001256,CUST_293,29058.3,INR,29058.3,10,2019-02-05 08:42:23,2019-02-05 08:47:23,1360,False,False,False,True,0.982
CHK_01257,checkout_abandonment,2020-04-06 03:19:45,CHK_SESSION_001257,CUST_9,19782.22,INR,19782.22,10,2020-04-05 03:56:45,2020-04-05 04:02:45,1397,False,False,False,True,0.596
CHK_01258,checkout_abandonment,2019-06-24 10:37:16,CHK_SESSION_001258,CUST_343,384.29,INR,384.29,1,2019-06-23 10:36:16,2019-06-23 10:43:16,1434,False,False,False,True,0.692
CHK_01259,checkout_abandonment,2019-11-23 13:49:32,CHK_SESSION_001259,CUST_203,33798.43,INR,33798.43,10,2019-11-23 12:41:32,2019-11-23 12:49:32,60,False,False,False,True,0.697
CHK_01260,checkout_abandonment,2019-09-25 00:35:06,CHK_SESSION_001260,CUST_199,4466.23,INR,4466.23,4,2019-09-24 22:49:06,2019-09-24 22:58:06,97,False,False,False,True,0.597
CHK_01261,checkout_abandonment,2019-01-14 15:30:19,CHK_SESSION_001261,CUST_236,5941.14,INR,5941.14,6,2019-01-14 13:16:19,2019-01-14 13:16:19,134,False,False,False,True,0.787
CHK_01262,checkout_abandonment,2019-04-18 19:12:31,CHK_SESSION_001262,CUST_739,1450.01,INR,1450.01,1,2019-04-18 16:20:31,2019-04-18 16:21:31,171,False,False,False,True,0.597
CHK_01263,checkout_abandonment,2019-12-22 00:21:12,CHK_SESSION_001263,CUST_452,2177.09,INR,2177.09,2,2019-12-21 20:51:12,2019-12-21 20:53:12,208,False,False,False,True,0.595
CHK_01264,checkout_abandonment,2019-08-09 17:20:37,CHK_SESSION_001264,CUST_365,452.35,INR,452.35,1,2019-08-09 13:12:37,2019-08-09 13:15:37,245,False,False,False,True,0.497
CHK_01265,checkout_abandonment,2020-05-18 11:17:10,CHK_SESSION_001265,CUST_395,1771.22,INR,1771.22,2,2020-05-18 06:31:10,2020-05-18 06:35:10,282,False,False,False,True,0.6
CHK_01266,checkout_abandonment,2019-07-07 09:57:32,CHK_SESSION_001266,CUST_471,3446.16,INR,3446.16,3,2019-07-07 04:33:32,2019-07-07 04:38:32,319,False,False,False,True,0.693
CHK_01267,checkout_abandonment,2020-04-27 23:09:44,CHK_SESSION_001267,CUST_147,4565.83,INR,4565.83,5,2020-04-27 17:07:44,2020-04-27 17:13:44,356,False,False,False,True,0.693
CHK_01268,checkout_abandonment,2020-01-26 16:08:37,CHK_SESSION_001268,CUST_484,354.41,INR,354.41,1,2020-01-26 09:28:37,2020-01-26 09:35:37,393,False,False,False,True,0.591
CHK_01269,checkout_abandonment,2020-03-04 19:29:38,CHK_SESSION_001269,CUST_275,437.41,INR,437.41,1,2020-03-04 12:11:38,2020-03-04 12:19:38,430,False,False,False,True,0.888
CHK_01270,checkout_abandonment,2019-07-17 06:07:27,CHK_SESSION_001270,CUST_740,11883.94,INR,11883.94,10,2019-07-16 22:11:27,2019-07-16 22:20:27,467,False,False,False,True,0.982
CHK_01271,checkout_abandonment,2019-07-21 09:32:15,CHK_SESSION_001271,CUST_560,1192.71,INR,1192.71,1,2019-07-21 01:08:15,2019-07-21 01:08:15,504,False,False,False,True,0.697
CHK_01272,checkout_abandonment,2020-04-09 23:14:00,CHK_SESSION_001272,CUST_787,3110.84,INR,3110.84,3,2020-04-09 14:12:00,2020-04-09 14:13:00,541,False,False,False,True,0.688
CHK_01273,checkout_abandonment,2019-02-12 11:18:27,CHK_SESSION_001273,CUST_870,7848.48,INR,7848.48,8,2019-02-12 01:38:27,2019-02-12 01:40:27,578,False,False,False,True,0.487
CHK_01274,checkout_abandonment,2020-03-26 14:14:20,CHK_SESSION_001274,CUST_431,2278.35,INR,2278.35,2,2020-03-26 03:56:20,2020-03-26 03:59:20,615,False,False,False,True,0.698
CHK_01275,checkout_abandonment,2019-06-27 23:21:39,CHK_SESSION_001275,CUST_384,340.3,INR,340.3,1,2019-06-27 12:25:39,2019-06-27 12:29:39,652,False,False,False,True,0.691
CHK_01276,checkout_abandonment,2020-02-10 23:59:32,CHK_SESSION_001276,CUST_59,3922.58,INR,3922.58,4,2020-02-10 12:25:32,2020-02-10 12:30:32,689,False,False,False,True,0.695
CHK_01277,checkout_abandonment,2019-07-28 07:45:07,CHK_SESSION_001277,CUST_61,950.35,INR,950.35,1,2019-07-27 19:33:07,2019-07-27 19:39:07,726,False,False,False,True,0.995
CHK_01278,checkout_abandonment,2020-02-12 11:04:55,CHK_SESSION_001278,CUST_96,6097.18,INR,6097.18,6,2020-02-11 22:14:55,2020-02-11 22:21:55,763,False,False,False,True,0.797
CHK_01279,checkout_abandonment,2020-06-11 18:17:29,CHK_SESSION_001279,CUST_792,8711.68,INR,8711.68,9,2020-06-11 04:49:29,2020-06-11 04:57:29,800,False,False,False,True,0.695
CHK_01280,checkout_abandonment,2019-07-29 11:41:52,CHK_SESSION_001280,CUST_269,471.44,INR,471.44,1,2019-07-28 21:35:52,2019-07-28 21:44:52,837,False,False,False,True,0.965
CHK_01281,checkout_abandonment,2020-02-19 04:16:52,CHK_SESSION_001281,CUST_404,414.17,INR,414.17,1,2020-02-18 13:42:52,2020-02-18 13:42:52,874,False,False,False,True,0.696
CHK_01282,checkout_abandonment,2019-12-17 00:12:34,CHK_SESSION_001282,CUST_391,3046.1,INR,3046.1,3,2019-12-16 09:00:34,2019-12-16 09:01:34,911,False,False,False,True,0.695
CHK_01283,checkout_abandonment,2019-04-27 10:40:34,CHK_SESSION_001283,CUST_372,2125.63,INR,2125.63,2,2019-04-26 18:50:34,2019-04-26 18:52:34,948,False,False,False,True,0.89
CHK_01284,checkout_abandonment,2019-12-16 00:38:57,CHK_SESSION_001284,CUST_26,4435.52,INR,4435.52,4,2019-12-15 08:10:57,2019-12-15 08:13:57,985,False,False,False,True,0.888
CHK_01285,checkout_abandonment,2019-05-23 08:53:34,CHK_SESSION_001285,CUST_490,554.44,INR,554.44,1,2019-05-22 15:47:34,2019-05-22 15:51:34,1022,False,False,False,True,0.699
CHK_01286,checkout_abandonment,2019-06-27 03:07:05,CHK_SESSION_001286,CUST_536,9717.64,INR,9717.64,10,2019-06-26 09:23:05,2019-06-26 09:28:05,1059,False,False,False,True,0.995
CHK_01287,checkout_abandonment,2019-03-10 20:54:22,CHK_SESSION_001287,CUST_244,5575.94,INR,5575.94,6,2019-03-10 02:32:22,2019-03-10 02:38:22,1096,False,False,False,True,0.901
CHK_01288,checkout_abandonment,2020-06-21 18:03:45,CHK_SESSION_001288,CUST_267,1445.86,INR,1445.86,1,2020-06-20 23:03:45,2020-06-20 23:10:45,1133,False,False,False,True,0.793
CHK_01289,checkout_abandonment,2019-12-18 09:09:33,CHK_SESSION_001289,CUST_907,2841.09,INR,2841.09,3,2019-12-17 13:31:33,2019-12-17 13:39:33,1170,False,False,False,True,0.493
CHK_01290,checkout_abandonment,2019-09-09 17:50:52,CHK_SESSION_001290,CUST_134,4659.62,INR,4659.62,5,2019-09-08 21:34:52,2019-09-08 21:43:52,1207,False,False,False,True,0.998
CHK_01291,checkout_abandonment,2019-05-13 01:21:27,CHK_SESSION_001291,CUST_533,10902.88,INR,10902.88,10,2019-05-12 04:37:27,2019-05-12 04:37:27,1244,False,False,False,True,0.596
CHK_01292,checkout_abandonment,2020-05-22 16:55:24,CHK_SESSION_001292,CUST_264,2533.16,INR,2533.16,3,2020-05-21 19:33:24,2020-05-21 19:34:24,1281,False,False,False,True,0.695
CHK_01293,checkout_abandonment,2019-03-03 05:29:15,CHK_SESSION_001293,CUST_79,829.17,INR,829.17,1,2019-03-02 07:29:15,2019-03-02 07:31:15,1318,False,False,False,True,0.693
CHK_01294,checkout_abandonment,2019-09-08 10:00:32,CHK_SESSION_001294,CUST_283,85.49,INR,85.49,1,2019-09-07 11:22:32,2019-09-07 11:25:32,1355,False,False,False,True,0.695
CHK_01295,checkout_abandonment,2019-09-27 05:25:16,CHK_SESSION_001295,CUST_664,655.7,INR,655.7,1,2019-09-26 06:09:16,2019-09-26 06:13:16,1392,False,False,False,True,0.595
CHK_01296,checkout_abandonment,2019-09-27 05:15:29,CHK_SESSION_001296,CUST_341,6110.46,INR,6110.46,6,2019-09-26 05:21:29,2019-09-26 05:26:29,1429,False,False,False,True,0.793
CHK_01297,checkout_abandonment,2019-10-07 08:18:16,CHK_SESSION_001297,CUST_273,15989.95,INR,15989.95,10,2019-10-07 07:17:16,2019-10-07 07:23:16,55,False,False,False,True,0.995
CHK_01298,checkout_abandonment,2020-04-02 19:09:22,CHK_SESSION_001298,CUST_1,232.4,INR,232.4,1,2020-04-02 17:30:22,2020-04-02 17:37:22,92,False,False,False,True,0.982
CHK_01299,checkout_abandonment,2019-12-14 00:34:35,CHK_SESSION_001299,CUST_644,4116.8,INR,4116.8,4,2019-12-13 22:17:35,2019-12-13 22:25:35,129,False,False,False,True,0.795
CHK_01300,checkout_abandonment,2019-07-08 23:19:46,CHK_SESSION_001300,CUST_424,3749.94,INR,3749.94,4,2019-07-08 20:24:46,2019-07-08 20:33:46,166,False,False,False,True,0.697
CHK_01301,checkout_abandonment,2020-02-17 04:52:43,CHK_SESSION_001301,CUST_602,9386.47,INR,9386.47,9,2020-02-17 01:29:43,2020-02-17 01:29:43,203,False,False,False,True,0.689
CHK_01302,checkout_abandonment,2019-04-13 02:44:34,CHK_SESSION_001302,CUST_785,13085.78,INR,13085.78,10,2019-04-12 22:43:34,2019-04-12 22:44:34,240,False,False,False,True,0.791
CHK_01303,checkout_abandonment,2019-12-01 05:52:48,CHK_SESSION_001303,CUST_184,7792.04,INR,7792.04,8,2019-12-01 01:13:48,2019-12-01 01:15:48,277,False,False,False,True,0.691
CHK_01304,checkout_abandonment,2019-10-01 21:10:25,CHK_SESSION_001304,CUST_279,24875.93,INR,24875.93,10,2019-10-01 15:53:25,2019-10-01 15:56:25,314,False,False,False,True,0.8
CHK_01305,checkout_abandonment,2019-12-21 05:39:40,CHK_SESSION_001305,CUST_874,1478.23,INR,1478.23,1,2019-12-20 23:44:40,2019-12-20 23:48:40,351,False,False,False,True,0.487
CHK_01306,checkout_abandonment,2020-01-03 02:07:48,CHK_SESSION_001306,CUST_850,5913.75,INR,5913.75,6,2020-01-02 19:34:48,2020-01-02 19:39:48,388,False,False,False,True,0.502
CHK_01307,checkout_abandonment,2019-03-12 14:36:54,CHK_SESSION_001307,CUST_69,7847.65,INR,7847.65,8,2019-03-12 07:25:54,2019-03-12 07:31:54,425,False,False,False,True,0.795
CHK_01308,checkout_abandonment,2019-11-06 21:31:11,CHK_SESSION_001308,CUST_713,3961.59,INR,3961.59,4,2019-11-06 13:42:11,2019-11-06 13:49:11,462,False,False,False,True,0.893
CHK_01309,checkout_abandonment,2019-10-23 23:56:39,CHK_SESSION_001309,CUST_36,1221.76,INR,1221.76,1,2019-10-23 15:29:39,2019-10-23 15:37:39,499,False,False,False,True,0.894
CHK_01310,checkout_abandonment,2019-06-03 07:45:36,CHK_SESSION_001310,CUST_782,2487.51,INR,2487.51,2,2019-06-02 22:40:36,2019-06-02 22:49:36,536,False,False,False,True,0.595
CHK_01311,checkout_abandonment,2019-09-07 02:26:01,CHK_SESSION_001311,CUST_1,16174.21,INR,16174.21,10,2019-09-06 16:53:01,2019-09-06 16:53:01,573,False,False,False,True,0.982
CHK_01312,checkout_abandonment,2019-12-07 02:21:46,CHK_SESSION_001312,CUST_392,7125.55,INR,7125.55,7,2019-12-06 16:10:46,2019-12-06 16:11:46,610,False,False,False,True,0.987
CHK_01313,checkout_abandonment,2019-09-06 08:06:14,CHK_SESSION_001313,CUST_190,2714.93,INR,2714.93,3,2019-09-05 21:17:14,2019-09-05 21:19:14,647,False,False,False,True,0.696
CHK_01314,checkout_abandonment,2020-01-09 09:39:36,CHK_SESSION_001314,CUST_504,1543.8,INR,1543.8,2,2020-01-08 22:12:36,2020-01-08 22:15:36,684,False,False,False,True,0.793
CHK_01315,checkout_abandonment,2019-03-25 09:45:34,CHK_SESSION_001315,CUST_661,1411.0,INR,1411.0,1,2019-03-24 21:40:34,2019-03-24 21:44:34,721,False,False,False,True,0.694
CHK_01316,checkout_abandonment,2019-10-28 11:22:06,CHK_SESSION_001316,CUST_756,134.46,INR,134.46,1,2019-10-27 22:39:06,2019-10-27 22:44:06,758,False,False,False,True,0.897
CHK_01317,checkout_abandonment,2019-03-08 12:08:02,CHK_SESSION_001317,CUST_349,1869.16,INR,1869.16,2,2019-03-07 22:47:02,2019-03-07 22:53:02,795,False,False,False,True,0.497
CHK_01318,checkout_abandonment,2020-03-04 03:12:56,CHK_SESSION_001318,CUST_446,11781.85,INR,11781.85,10,2020-03-03 13:13:56,2020-03-03 13:20:56,832,False,False,False,True,0.687
CHK_01319,checkout_abandonment,2019-12-16 02:53:07,CHK_SESSION_001319,CUST_782,797.63,INR,797.63,1,2019-12-15 12:16:07,2019-12-15 12:24:07,869,False,False,False,True,0.595
CHK_01320,checkout_abandonment,2020-02-02 14:43:00,CHK_SESSION_001320,CUST_615,6878.21,INR,6878.21,7,2020-02-01 23:28:00,2020-02-01 23:37:00,906,False,False,False,True,0.589
CHK_01321,checkout_abandonment,2019-02-05 08:39:28,CHK_SESSION_001321,CUST_93,2782.16,INR,2782.16,3,2019-02-04 16:56:28,2019-02-04 16:56:28,943,False,False,False,True,0.898
CHK_01322,checkout_abandonment,2020-03-13 04:06:21,CHK_SESSION_001322,CUST_755,5396.66,INR,5396.66,5,2020-03-12 11:45:21,2020-03-12 11:46:21,980,False,False,False,True,0.97
CHK_01323,checkout_abandonment,2019-01-04 03:37:21,CHK_SESSION_001323,CUST_27,11117.02,INR,11117.02,10,2019-01-03 10:38:21,2019-01-03 10:40:21,1017,False,False,False,True,0.792
CHK_01324,checkout_abandonment,2019-12-31 05:20:37,CHK_SESSION_001324,CUST_25,2301.59,INR,2301.59,2,2019-12-30 11:43:37,2019-12-30 11:46:37,1054,False,False,False,True,0.688
CHK_01325,checkout_abandonment,2020-05-20 12:04:04,CHK_SESSION_001325,CUST_11,1684.07,INR,1684.07,2,2020-05-19 17:49:04,2020-05-19 17:53:04,1091,False,False,False,True,0.786
CHK_01326,checkout_abandonment,2019-10-08 05:23:26,CHK_SESSION_001326,CUST_311,6146.15,INR,6146.15,6,2019-10-07 10:30:26,2019-10-07 10:35:26,1128,False,False,False,True,0.981
CHK_01327,checkout_abandonment,2019-12-15 19:36:19,CHK_SESSION_001327,CUST_662,4130.91,INR,4130.91,4,2019-12-15 00:05:19,2019-12-15 00:11:19,1165,False,False,False,True,0.883
CHK_01328,checkout_abandonment,2019-12-14 22:48:01,CHK_SESSION_001328,CUST_91,2388.74,INR,2388.74,2,2019-12-14 02:39:01,2019-12-14 02:46:01,1202,False,False,False,True,0.787
CHK_01329,checkout_abandonment,2020-06-03 05:29:11,CHK_SESSION_001329,CUST_111,5422.39,INR,5422.39,5,2020-06-02 08:42:11,2020-06-02 08:50:11,1239,False,False,False,True,0.692
CHK_01330,checkout_abandonment,2019-10-28 13:15:22,CHK_SESSION_001330,CUST_392,8538.21,INR,8538.21,9,2019-10-27 15:50:22,2019-10-27 15:59:22,1276,False,False,False,True,0.987
CHK_01331,checkout_abandonment,2019-06-11 19:22:46,CHK_SESSION_001331,CUST_20,28146.96,INR,28146.96,10,2019-06-10 21:29:46,2019-06-10 21:29:46,1313,False,False,False,True,0.794
CHK_01332,checkout_abandonment,2019-04-12 02:40:40,CHK_SESSION_001332,CUST_27,9855.42,INR,9855.42,10,2019-04-11 04:09:40,2019-04-11 04:10:40,1350,False,False,False,True,0.792
CHK_01333,checkout_abandonment,2020-05-13 02:17:10,CHK_SESSION_001333,CUST_307,6351.99,INR,6351.99,6,2020-05-12 03:08:10,2020-05-12 03:10:10,1387,False,False,False,True,0.893
CHK_01334,checkout_abandonment,2020-06-04 23:14:49,CHK_SESSION_001334,CUST_137,382.63,INR,382.63,1,2020-06-03 23:27:49,2020-06-03 23:30:49,1424,False,False,False,True,0.893
CHK_01335,checkout_abandonment,2020-02-24 14:58:10,CHK_SESSION_001335,CUST_37,1584.47,INR,1584.47,2,2020-02-24 14:04:10,2020-02-24 14:08:10,50,False,False,False,True,0.985
CHK_01336,checkout_abandonment,2019-07-22 04:37:19,CHK_SESSION_001336,CUST_279,10708.66,INR,10708.66,10,2019-07-22 03:05:19,2019-07-22 03:10:19,87,False,False,False,True,0.8
CHK_01337,checkout_abandonment,2019-07-15 09:02:03,CHK_SESSION_001337,CUST_208,5805.85,INR,5805.85,6,2019-07-15 06:52:03,2019-07-15 06:58:03,124,False,False,False,True,0.79
CHK_01338,checkout_abandonment,2019-07-22 11:24:42,CHK_SESSION_001338,CUST_293,2791.29,INR,2791.29,3,2019-07-22 08:36:42,2019-07-22 08:43:42,161,False,False,False,True,0.982
CHK_01339,checkout_abandonment,2020-03-15 20:10:28,CHK_SESSION_001339,CUST_45,987.7,INR,987.7,1,2020-03-15 16:44:28,2020-03-15 16:52:28,198,False,False,False,True,0.792
CHK_01340,checkout_abandonment,2019-11-07 02:23:34,CHK_SESSION_001340,CUST_328,4796.57,INR,4796.57,5,2019-11-06 22:19:34,2019-11-06 22:28:34,235,False,False,False,True,0.791
CHK_01341,checkout_abandonment,2019-06-08 23:40:08,CHK_SESSION_001341,CUST_608,4228.85,INR,4228.85,4,2019-06-08 19:08:08,2019-06-08 19:08:08,272,False,False,False,True,0.598
CHK_01342,checkout_abandonment,2020-01-07 01:09:17,CHK_SESSION_001342,CUST_82,5937.82,INR,5937.82,6,2020-01-06 19:59:17,2020-01-06 20:00:17,309,False,False,False,True,0.792
CHK_01343,checkout_abandonment,2019-08-06 15:27:14,CHK_SESSION_001343,CUST_768,2727.38,INR,2727.38,3,2019-08-06 09:39:14,2019-08-06 09:41:14,346,False,False,False,True,0.492
CHK_01344,checkout_abandonment,2019-11-09 23:54:12,CHK_SESSION_001344,CUST_513,3987.32,INR,3987.32,4,2019-11-09 17:28:12,2019-11-09 17:31:12,383,False,False,False,True,0.785
CHK_01345,checkout_abandonment,2019-09-02 01:35:18,CHK_SESSION_001345,CUST_269,964.46,INR,964.46,1,2019-09-01 18:31:18,2019-09-01 18:35:18,420,False,False,False,True,0.965
CHK_01346,checkout_abandonment,2019-12-02 00:48:44,CHK_SESSION_001346,CUST_456,636.61,INR,636.61,1,2019-12-01 17:06:44,2019-12-01 17:11:44,457,False,False,False,True,0.789
CHK_01347,checkout_abandonment,2020-04-19 23:33:09,CHK_SESSION_001347,CUST_10,723.76,INR,723.76,1,2020-04-19 15:13:09,2020-04-19 15:19:09,494,False,False,False,True,0.786
CHK_01348,checkout_abandonment,2019-09-21 22:55:02,CHK_SESSION_001348,CUST_281,559.42,INR,559.42,1,2019-09-21 13:57:02,2019-09-21 14:04:02,531,False,False,False,True,0.959
CHK_01349,checkout_abandonment,2019-01-07 10:21:13,CHK_SESSION_001349,CUST_237,8485.92,INR,8485.92,8,2019-01-07 00:45:13,2019-01-07 00:53:13,568,False,False,False,True,0.795
CHK_01350,checkout_abandonment,2019-02-18 08:03:39,CHK_SESSION_001350,CUST_658,8095.82,INR,8095.82,8,2019-02-17 21:49:39,2019-02-17 21:58:39,605,False,False,False,True,0.892
CHK_01351,checkout_abandonment,2019-12-20 08:47:45,CHK_SESSION_001351,CUST_203,2573.0,INR,2573.0,3,2019-12-19 22:05:45,2019-12-19 22:05:45,642,False,False,False,True,0.697
CHK_01352,checkout_abandonment,2019-03-06 19:22:20,CHK_SESSION_001352,CUST_151,438.24,INR,438.24,1,2019-03-06 08:02:20,2019-03-06 08:03:20,679,False,False,False,True,0.687
CHK_01353,checkout_abandonment,2019-11-18 06:34:34,CHK_SESSION_001353,CUST_239,13370.47,INR,13370.47,10,2019-11-17 18:36:34,2019-11-17 18:38:34,716,False,False,False,True,0.686
CHK_01354,checkout_abandonment,2020-05-18 07:28:49,CHK_SESSION_001354,CUST_526,4606.5,INR,4606.5,5,2020-05-17 18:52:49,2020-05-17 18:55:49,753,False,False,False,True,0.792
CHK_01355,checkout_abandonment,2020-02-03 23:15:06,CHK_SESSION_001355,CUST_65,677.28,INR,677.28,1,2020-02-03 10:01:06,2020-02-03 10:05:06,790,False,False,False,True,0.69
CHK_01356,checkout_abandonment,2020-05-13 14:05:00,CHK_SESSION_001356,CUST_291,16077.93,INR,16077.93,10,2020-05-13 00:13:00,2020-05-13 00:18:00,827,False,False,False,True,0.591
CHK_01357,checkout_abandonment,2019-05-26 00:20:07,CHK_SESSION_001357,CUST_330,5913.75,INR,5913.75,6,2019-05-25 09:50:07,2019-05-25 09:56:07,864,False,False,False,True,0.596
CHK_01358,checkout_abandonment,2019-09-22 16:27:53,CHK_SESSION_001358,CUST_88,3666.94,INR,3666.94,4,2019-09-22 01:19:53,2019-09-22 01:26:53,901,False,False,False,True,0.693
CHK_01359,checkout_abandonment,2019-04-28 15:38:10,CHK_SESSION_001359,CUST_255,6193.46,INR,6193.46,6,2019-04-27 23:52:10,2019-04-28 00:00:10,938,False,False,False,True,0.496
CHK_01360,checkout_abandonment,2020-03-26 13:59:38,CHK_SESSION_001360,CUST_68,164.34,INR,164.34,1,2020-03-25 21:35:38,2020-03-25 21:44:38,975,False,False,False,True,1.0
CHK_01361,checkout_abandonment,2019-02-13 22:55:30,CHK_SESSION_001361,CUST_7,220.78,INR,220.78,1,2019-02-13 06:03:30,2019-02-13 06:03:30,1012,False,False,False,True,0.598
CHK_01362,checkout_abandonment,2019-06-22 15:38:15,CHK_SESSION_001362,CUST_482,27423.2,INR,27423.2,10,2019-06-21 22:08:15,2019-06-21 22:09:15,1049,False,False,False,True,0.986
CHK_01363,checkout_abandonment,2019-03-15 20:39:09,CHK_SESSION_001363,CUST_205,9216.32,INR,9216.32,9,2019-03-15 02:31:09,2019-03-15 02:33:09,1086,False,False,False,True,0.688
CHK_01364,checkout_abandonment,2020-04-22 06:28:31,CHK_SESSION_001364,CUST_376,4805.7,INR,4805.7,5,2020-04-21 11:42:31,2020-04-21 11:45:31,1123,False,False,False,True,0.991
CHK_01365,checkout_abandonment,2019-06-02 09:38:36,CHK_SESSION_001365,CUST_567,10597.44,INR,10597.44,10,2019-06-01 14:14:36,2019-06-01 14:18:36,1160,False,False,False,True,0.884
CHK_01366,checkout_abandonment,2019-12-02 02:02:19,CHK_SESSION_001366,CUST_855,302.95,INR,302.95,1,2019-12-01 06:00:19,2019-12-01 06:05:19,1197,False,False,False,True,0.591
CHK_01367,checkout_abandonment,2019-07-08 10:31:33,CHK_SESSION_001367,CUST_781,670.64,INR,670.64,1,2019-07-07 13:51:33,2019-07-07 13:57:33,1234,False,False,False,True,0.697
CHK_01368,checkout_abandonment,2019-06-12 14:22:15,CHK_SESSION_001368,CUST_179,12776.19,INR,12776.19,10,2019-06-11 17:04:15,2019-06-11 17:11:15,1271,False,False,False,True,0.96
CHK_01369,checkout_abandonment,2019-06-03 13:17:43,CHK_SESSION_001369,CUST_481,3884.4,INR,3884.4,4,2019-06-02 15:21:43,2019-06-02 15:29:43,1308,False,False,False,True,0.693
CHK_01370,checkout_abandonment,2019-02-02 15:48:02,CHK_SESSION_001370,CUST_0,7667.54,INR,7667.54,8,2019-02-01 17:14:02,2019-02-01 17:23:02,1345,False,False,False,True,0.79
CHK_01371,checkout_abandonment,2019-06-11 04:08:34,CHK_SESSION_001371,CUST_89,5994.26,INR,5994.26,6,2019-06-10 05:06:34,2019-06-10 05:06:34,1382,False,False,False,True,0.891
CHK_01372,checkout_abandonment,2019-07-15 22:55:13,CHK_SESSION_001372,CUST_201,15901.14,INR,15901.14,10,2019-07-14 23:15:13,2019-07-14 23:16:13,1419,False,False,False,True,0.889
CHK_01373,checkout_abandonment,2019-12-31 13:06:20,CHK_SESSION_001373,CUST_14,1750.47,INR,1750.47,2,2019-12-31 12:19:20,2019-12-31 12:21:20,45,False,False,False,True,0.796
CHK_01374,checkout_abandonment,2020-06-01 04:23:44,CHK_SESSION_001374,CUST_583,37629.71,INR,37629.71,10,2020-06-01 02:58:44,2020-06-01 03:01:44,82,False,False,False,True,0.691
CHK_01375,checkout_abandonment,2019-01-25 18:22:23,CHK_SESSION_001375,CUST_131,478.91,INR,478.91,1,2019-01-25 16:19:23,2019-01-25 16:23:23,119,False,False,False,True,0.695
CHK_01376,checkout_abandonment,2019-03-10 03:19:32,CHK_SESSION_001376,CUST_412,7786.23,INR,7786.23,8,2019-03-10 00:38:32,2019-03-10 00:43:32,156,False,False,False,True,0.594
CHK_01377,checkout_abandonment,2019-02-19 10:33:54,CHK_SESSION_001377,CUST_38,3683.54,INR,3683.54,4,2019-02-19 07:14:54,2019-02-19 07:20:54,193,False,False,False,True,0.803
CHK_01378,checkout_abandonment,2019-04-21 04:36:03,CHK_SESSION_001378,CUST_391,3103.37,INR,3103.37,3,2019-04-21 00:39:03,2019-04-21 00:46:03,230,False,False,False,True,0.695
CHK_01379,checkout_abandonment,2019-05-18 20:44:39,CHK_SESSION_001379,CUST_145,2976.38,INR,2976.38,3,2019-05-18 16:09:39,2019-05-18 16:17:39,267,False,False,False,True,0.701
CHK_01380,checkout_abandonment,2019-01-18 10:49:37,CHK_SESSION_001380,CUST_89,7426.84,INR,7426.84,7,2019-01-18 05:36:37,2019-01-18 05:45:37,304,False,False,False,True,0.891
CHK_01381,checkout_abandonment,2019-09-16 12:28:59,CHK_SESSION_001381,CUST_410,747.83,INR,747.83,1,2019-09-16 06:47:59,2019-09-16 06:47:59,341,False,False,False,True,0.594
CHK_01382,checkout_abandonment,2019-12-28 14:15:23,CHK_SESSION_001382,CUST_431,7273.29,INR,7273.29,7,2019-12-28 07:56:23,2019-12-28 07:57:23,378,False,False,False,True,0.698
CHK_01383,checkout_abandonment,2019-09-02 04:46:08,CHK_SESSION_001383,CUST_480,6939.63,INR,6939.63,7,2019-09-01 21:49:08,2019-09-01 21:51:08,415,False,False,False,True,0.59
CHK_01384,checkout_abandonment,2019-09-16 05:25:07,CHK_SESSION_001384,CUST_165,8964.0,INR,8964.0,9,2019-09-15 21:50:07,2019-09-15 21:53:07,452,False,False,False,True,0.697
CHK_01385,checkout_abandonment,2019-06-13 00:09:20,CHK_SESSION_001385,CUST_810,397.57,INR,397.57,1,2019-06-12 15:56:20,2019-06-12 16:00:20,489,False,False,False,True,0.595
CHK_01386,checkout_abandonment,2019-08-10 23:25:24,CHK_SESSION_001386,CUST_97,6504.71,INR,6504.71,7,2019-08-10 14:34:24,2019-08-10 14:39:24,526,False,False,False,True,0.593
CHK_01387,checkout_abandonment,2019-07-29 11:13:40,CHK_SESSION_001387,CUST_404,9373.19,INR,9373.19,9,2019-07-29 01:44:40,2019-07-29 01:50:40,563,False,False,False,True,0.696
CHK_01388,checkout_abandonment,2020-04-27 18:28:11,CHK_SESSION_001388,CUST_847,820.87,INR,820.87,1,2020-04-27 08:21:11,2020-04-27 08:28:11,600,False,False,False,True,0.49
CHK_01389,checkout_abandonment,2019-06-22 18:27:16,CHK_SESSION_001389,CUST_417,8985.58,INR,8985.58,9,2019-06-22 07:42:16,2019-06-22 07:50:16,637,False,False,False,True,0.598
CHK_01390,checkout_abandonment,2019-07-06 07:41:08,CHK_SESSION_001390,CUST_27,179.28,INR,179.28,1,2019-07-05 20:18:08,2019-07-05 20:27:08,674,False,False,False,True,0.792
CHK_01391,checkout_abandonment,2019-07-23 04:14:14,CHK_SESSION_001391,CUST_383,200.86,INR,200.86,1,2019-07-22 16:23:14,2019-07-22 16:23:14,711,False,False,False,True,0.883
CHK_01392,checkout_abandonment,2019-05-06 11:19:13,CHK_SESSION_001392,CUST_679,3236.17,INR,3236.17,3,2019-05-05 22:50:13,2019-05-05 22:51:13,748,False,False,False,True,0.689
CHK_01393,checkout_abandonment,2019-12-02 15:24:08,CHK_SESSION_001393,CUST_585,5620.76,INR,5620.76,6,2019-12-02 02:17:08,2019-12-02 02:19:08,785,False,False,False,True,0.898
CHK_01394,checkout_abandonment,2019-09-20 09:32:56,CHK_SESSION_001394,CUST_740,366.03,INR,366.03,1,2019-09-19 19:47:56,2019-09-19 19:50:56,822,False,False,False,True,0.982
CHK_01395,checkout_abandonment,2019-07-09 08:49:32,CHK_SESSION_001395,CUST_503,1042.48,INR,1042.48,1,2019-07-08 18:26:32,2019-07-08 18:30:32,859,False,False,False,True,0.595
CHK_01396,checkout_abandonment,2020-02-24 06:27:38,CHK_SESSION_001396,CUST_749,41470.12,INR,41470.12,10,2020-02-23 15:26:38,2020-02-23 15:31:38,896,False,False,False,True,0.888
CHK_01397,checkout_abandonment,2019-04-27 01:24:13,CHK_SESSION_001397,CUST_341,8031.08,INR,8031.08,8,2019-04-26 09:45:13,2019-04-26 09:51:13,933,False,False,False,True,0.793
CHK_01398,checkout_abandonment,2019-03-11 10:25:35,CHK_SESSION_001398,CUST_40,5914.58,INR,5914.58,6,2019-03-10 18:08:35,2019-03-10 18:15:35,970,False,False,False,True,0.893
CHK_01399,checkout_abandonment,2019-02-11 04:56:32,CHK_SESSION_001399,CUST_884,85.49,INR,85.49,1,2019-02-10 12:01:32,2019-02-10 12:09:32,1007,False,False,False,True,0.688
CHK_01400,checkout_abandonment,2019-07-24 16:04:07,CHK_SESSION_001400,CUST_440,652.38,INR,652.38,1,2019-07-23 22:31:07,2019-07-23 22:40:07,1044,False,False,False,True,0.691
CHK_01401,checkout_abandonment,2020-04-25 04:35:53,CHK_SESSION_001401,CUST_603,14041.11,INR,14041.11,10,2020-04-24 10:34:53,2020-04-24 10:34:53,1081,False,False,False,True,0.687
CHK_01402,checkout_abandonment,2019-08-22 16:45:06,CHK_SESSION_001402,CUST_371,2911.64,INR,2911.64,3,2019-08-21 22:06:06,2019-08-21 22:07:06,1118,False,False,False,True,0.485
CHK_01403,checkout_abandonment,2019-04-07 16:12:21,CHK_SESSION_001403,CUST_75,294.65,INR,294.65,1,2019-04-06 20:55:21,2019-04-06 20:57:21,1155,False,False,False,True,0.601
CHK_01404,checkout_abandonment,2019-08-18 12:00:09,CHK_SESSION_001404,CUST_406,5666.41,INR,5666.41,6,2019-08-17 16:05:09,2019-08-17 16:08:09,1192,False,False,False,True,0.796
CHK_01405,checkout_abandonment,2019-11-05 16:44:05,CHK_SESSION_001405,CUST_115,1814.38,INR,1814.38,2,2019-11-04 20:11:05,2019-11-04 20:15:05,1229,False,False,False,True,0.978
CHK_01406,checkout_abandonment,2019-11-01 10:25:18,CHK_SESSION_001406,CUST_208,7389.49,INR,7389.49,7,2019-10-31 13:14:18,2019-10-31 13:19:18,1266,False,False,False,True,0.79
CHK_01407,checkout_abandonment,2019-04-30 18:58:22,CHK_SESSION_001407,CUST_84,190.07,INR,190.07,1,2019-04-29 21:09:22,2019-04-29 21:15:22,1303,False,False,False,True,0.685
CHK_01408,checkout_abandonment,2019-02-16 14:12:52,CHK_SESSION_001408,CUST_278,278.88,INR,278.88,1,2019-02-15 15:45:52,2019-02-15 15:52:52,1340,False,False,False,True,0.891
CHK_01409,checkout_abandonment,2019-08-11 23:09:40,CHK_SESSION_001409,CUST_423,333.66,INR,333.66,1,2019-08-11 00:04:40,2019-08-11 00:12:40,1377,False,False,False,True,0.592
CHK_01410,checkout_abandonment,2019-12-22 06:15:22,CHK_SESSION_001410,CUST_547,7187.8,INR,7187.8,7,2019-12-21 06:32:22,2019-12-21 06:41:22,1414,False,False,False,True,0.789
CHK_01411,checkout_abandonment,2019-07-26 08:20:51,CHK_SESSION_001411,CUST_70,611.71,INR,611.71,1,2019-07-26 07:40:51,2019-07-26 07:40:51,40,False,False,False,True,0.965
CHK_01412,checkout_abandonment,2020-02-14 21:56:05,CHK_SESSION_001412,CUST_625,426.62,INR,426.62,1,2020-02-14 20:38:05,2020-02-14 20:39:05,77,False,False,False,True,0.899
CHK_01413,checkout_abandonment,2020-06-19 17:16:48,CHK_SESSION_001413,CUST_325,3908.47,INR,3908.47,4,2020-06-19 15:20:48,2020-06-19 15:22:48,114,False,False,False,True,0.89
CHK_01414,checkout_abandonment,2019-06-14 02:39:48,CHK_SESSION_001414,CUST_322,7540.55,INR,7540.55,8,2019-06-14 00:05:48,2019-06-14 00:08:48,151,False,False,False,True,0.591
CHK_01415,checkout_abandonment,2019-08-14 21:17:39,CHK_SESSION_001415,CUST_752,894.74,INR,894.74,1,2019-08-14 18:05:39,2019-08-14 18:09:39,188,False,False,False,True,0.689
CHK_01416,checkout_abandonment,2019-12-09 10:18:44,CHK_SESSION_001416,CUST_291,304.61,INR,304.61,1,2019-12-09 06:28:44,2019-12-09 06:33:44,225,False,False,False,True,0.591
CHK_01417,checkout_abandonment,2019-08-10 06:11:37,CHK_SESSION_001417,CUST_242,4643.85,INR,4643.85,5,2019-08-10 01:43:37,2019-08-10 01:49:37,262,False,False,False,True,0.599
CHK_01418,checkout_abandonment,2019-02-10 20:39:41,CHK_SESSION_001418,CUST_332,415.0,INR,415.0,1,2019-02-10 15:33:41,2019-02-10 15:40:41,299,False,False,False,True,0.683
CHK_01419,checkout_abandonment,2019-12-22 08:27:09,CHK_SESSION_001419,CUST_419,18239.25,INR,18239.25,10,2019-12-22 02:43:09,2019-12-22 02:51:09,336,False,False,False,True,0.798
CHK_01420,checkout_abandonment,2019-09-16 08:35:59,CHK_SESSION_001420,CUST_589,7508.18,INR,7508.18,8,2019-09-16 02:13:59,2019-09-16 02:22:59,373,False,False,False,True,0.69
CHK_01421,checkout_abandonment,2019-03-20 03:35:10,CHK_SESSION_001421,CUST_766,612.54,INR,612.54,1,2019-03-19 20:45:10,2019-03-19 20:45:10,410,False,False,False,True,0.791
CHK_01422,checkout_abandonment,2020-01-05 05:54:46,CHK_SESSION_001422,CUST_105,2046.78,INR,2046.78,2,2020-01-04 22:26:46,2020-01-04 22:27:46,447,False,False,False,True,0.798
CHK_01423,checkout_abandonment,2020-05-22 15:26:37,CHK_SESSION_001423,CUST_232,302.95,INR,302.95,1,2020-05-22 07:20:37,2020-05-22 07:22:37,484,False,False,False,True,0.792
CHK_01424,checkout_abandonment,2019-12-16 22:08:03,CHK_SESSION_001424,CUST_378,369.35,INR,369.35,1,2019-12-16 13:24:03,2019-12-16 13:27:03,521,False,False,False,True,0.493
CHK_01425,checkout_abandonment,2020-04-23 04:58:49,CHK_SESSION_001425,CUST_566,4396.51,INR,4396.51,4,2020-04-22 19:36:49,2020-04-22 19:40:49,558,False,False,False,True,0.798
CHK_01426,checkout_abandonment,2019-07-01 03:24:52,CHK_SESSION_001426,CUST_9,134.46,INR,134.46,1,2019-06-30 17:24:52,2019-06-30 17:29:52,595,False,False,False,True,0.596
CHK_01427,checkout_abandonment,2019-10-08 01:55:45,CHK_SESSION_001427,CUST_790,12122.98,INR,12122.98,10,2019-10-07 15:17:45,2019-10-07 15:23:45,632,False,False,False,True,0.695
CHK_01428,checkout_abandonment,2019-01-13 06:36:21,CHK_SESSION_001428,CUST_445,195.05,INR,195.05,1,2019-01-12 19:20:21,2019-01-12 19:27:21,669,False,False,False,True,0.9
CHK_01429,checkout_abandonment,2019-12-23 20:22:29,CHK_SESSION_001429,CUST_622,3007.92,INR,3007.92,3,2019-12-23 08:28:29,2019-12-23 08:36:29,706,False,False,False,True,0.9
CHK_01430,checkout_abandonment,2019-12-06 04:49:49,CHK_SESSION_001430,CUST_653,7547.19,INR,7547.19,8,2019-12-05 16:17:49,2019-12-05 16:26:49,743,False,False,False,True,0.893
CHK_01431,checkout_abandonment,2019-10-22 10:31:51,CHK_SESSION_001431,CUST_168,9250.35,INR,9250.35,9,2019-10-21 21:31:51,2019-10-21 21:31:51,780,False,False,False,True,0.895
CHK_01432,checkout_abandonment,2019-02-02 16:35:23,CHK_SESSION_001432,CUST_215,3301.74,INR,3301.74,3,2019-02-02 02:57:23,2019-02-02 02:58:23,817,False,False,False,True,0.959
CHK_01433,checkout_abandonment,2019-04-22 03:05:52,CHK_SESSION_001433,CUST_232,843.28,INR,843.28,1,2019-04-21 12:49:52,2019-04-21 12:51:52,854,False,False,False,True,0.792
CHK_01434,checkout_abandonment,2020-06-09 09:46:43,CHK_SESSION_001434,CUST_686,2436.05,INR,2436.05,2,2020-06-08 18:52:43,2020-06-08 18:55:43,891,False,False,False,True,0.692
CHK_01435,checkout_abandonment,2019-10-09 19:34:50,CHK_SESSION_001435,CUST_528,7031.76,INR,7031.76,7,2019-10-09 04:02:50,2019-10-09 04:06:50,928,False,False,False,True,0.497
CHK_01436,checkout_abandonment,2019-02-23 08:05:03,CHK_SESSION_001436,CUST_851,10240.54,INR,10240.54,10,2019-02-22 15:55:03,2019-02-22 16:00:03,965,False,False,False,True,0.596
CHK_01437,checkout_abandonment,2020-05-19 07:20:05,CHK_SESSION_001437,CUST_792,5070.47,INR,5070.47,5,2020-05-18 14:32:05,2020-05-18 14:38:05,1002,False,False,False,True,0.695
CHK_01438,checkout_abandonment,2020-03-09 05:17:37,CHK_SESSION_001438,CUST_456,167.66,INR,167.66,1,2020-03-08 11:51:37,2020-03-08 11:58:37,1039,False,False,False,True,0.789
CHK_01439,checkout_abandonment,2019-04-25 06:38:59,CHK_SESSION_001439,CUST_503,7640.98,INR,7640.98,8,2019-04-24 12:34:59,2019-04-24 12:42:59,1076,False,False,False,True,0.595
CHK_01440,checkout_abandonment,2019-04-07 00:10:35,CHK_SESSION_001440,CUST_169,1529.69,INR,1529.69,2,2019-04-06 05:28:35,2019-04-06 05:37:35,1113,False,False,False,True,0.594
CHK_01441,checkout_abandonment,2019-01-23 09:10:17,CHK_SESSION_001441,CUST_269,11292.98,INR,11292.98,10,2019-01-22 14:00:17,2019-01-22 14:00:17,1150,False,False,False,True,0.965
CHK_01442,checkout_abandonment,2020-04-23 14:58:19,CHK_SESSION_001442,CUST_506,2861.01,INR,2861.01,3,2020-04-22 19:10:19,2020-04-22 19:11:19,1187,False,False,False,True,0.789
CHK_01443,checkout_abandonment,2019-03-05 14:42:59,CHK_SESSION_001443,CUST_705,6500.56,INR,6500.56,7,2019-03-04 18:16:59,2019-03-04 18:18:59,1224,False,False,False,True,0.888
CHK_01444,checkout_abandonment,2019-09-12 03:11:30,CHK_SESSION_001444,CUST_571,5410.77,INR,5410.77,5,2019-09-11 06:07:30,2019-09-11 06:10:30,1261,False,False,False,True,0.893
CHK_01445,checkout_abandonment,2020-05-04 14:30:14,CHK_SESSION_001445,CUST_82,6131.21,INR,6131.21,6,2020-05-03 16:48:14,2020-05-03 16:52:14,1298,False,False,False,True,0.792
CHK_01446,checkout_abandonment,2020-02-15 22:04:38,CHK_SESSION_001446,CUST_908,3124.12,INR,3124.12,3,2020-02-14 23:44:38,2020-02-14 23:49:38,1335,False,False,False,True,0.494
CHK_01447,checkout_abandonment,2019-12-11 19:27:59,CHK_SESSION_001447,CUST_62,586.81,INR,586.81,1,2019-12-10 20:29:59,2019-12-10 20:35:59,1372,False,False,False,True,0.991
CHK_01448,checkout_abandonment,2020-03-07 20:19:48,CHK_SESSION_001448,CUST_617,109.56,INR,109.56,1,2020-03-06 20:43:48,2020-03-06 20:50:48,1409,False,False,False,True,0.693
CHK_01449,checkout_abandonment,2019-06-02 12:25:16,CHK_SESSION_001449,CUST_250,4183.2,INR,4183.2,4,2019-06-02 11:42:16,2019-06-02 11:50:16,35,False,False,False,True,0.8
CHK_01450,checkout_abandonment,2019-06-19 02:14:48,CHK_SESSION_001450,CUST_780,7196.93,INR,7196.93,7,2019-06-19 00:53:48,2019-06-19 01:02:48,72,False,False,False,True,0.494
CHK_01451,checkout_abandonment,2019-11-23 06:28:50,CHK_SESSION_001451,CUST_266,5801.7,INR,5801.7,6,2019-11-23 04:39:50,2019-11-23 04:39:50,109,False,False,False,True,0.792
CHK_01452,checkout_abandonment,2019-09-29 23:43:12,CHK_SESSION_001452,CUST_376,12716.43,INR,12716.43,10,2019-09-29 21:16:12,2019-09-29 21:17:12,146,False,False,False,True,0.991
CHK_01453,checkout_abandonment,2019-05-20 02:15:32,CHK_SESSION_001453,CUST_115,5616.61,INR,5616.61,6,2019-05-19 23:10:32,2019-05-19 23:12:32,183,False,False,False,True,0.978
CHK_01454,checkout_abandonment,2019-09-23 18:38:57,CHK_SESSION_001454,CUST_886,3184.71,INR,3184.71,3,2019-09-23 14:55:57,2019-09-23 14:58:57,220,False,False,False,True,0.595
CHK_01455,checkout_abandonment,2019-05-16 03:21:44,CHK_SESSION_001455,CUST_713,263.11,INR,263.11,1,2019-05-15 23:00:44,2019-05-15 23:04:44,257,False,False,False,True,0.893
CHK_01456,checkout_abandonment,2019-03-05 23:42:25,CHK_SESSION_001456,CUST_547,5503.73,INR,5503.73,6,2019-03-05 18:43:25,2019-03-05 18:48:25,294,False,False,False,True,0.789
CHK_01457,checkout_abandonment,2019-01-15 06:55:51,CHK_SESSION_001457,CUST_625,16645.65,INR,16645.65,10,2019-01-15 01:18:51,2019-01-15 01:24:51,331,False,False,False,True,0.899
CHK_01458,checkout_abandonment,2020-04-27 20:26:48,CHK_SESSION_001458,CUST_589,4894.51,INR,4894.51,5,2020-04-27 14:11:48,2020-04-27 14:18:48,368,False,False,False,True,0.69
CHK_01459,checkout_abandonment,2019-09-30 11:11:50,CHK_SESSION_001459,CUST_315,7452.57,INR,7452.57,7,2019-09-30 04:18:50,2019-09-30 04:26:50,405,False,False,False,True,0.787
CHK_01460,checkout_abandonment,2019-05-26 01:19:03,CHK_SESSION_001460,CUST_137,1110.54,INR,1110.54,1,2019-05-25 17:48:03,2019-05-25 17:57:03,442,False,False,False,True,0.893
CHK_01461,checkout_abandonment,2019-12-29 07:40:19,CHK_SESSION_001461,CUST_525,761.94,INR,761.94,1,2019-12-28 23:41:19,2019-12-28 23:41:19,479,False,False,False,True,0.79
CHK_01462,checkout_abandonment,2019-12-15 10:44:40,CHK_SESSION_001462,CUST_377,3463.59,INR,3463.59,3,2019-12-15 02:07:40,2019-12-15 02:08:40,516,False,False,False,True,0.799
CHK_01463,checkout_abandonment,2020-04-18 21:36:16,CHK_SESSION_001463,CUST_536,716.29,INR,716.29,1,2020-04-18 12:21:16,2020-04-18 12:23:16,553,False,False,False,True,0.995
CHK_01464,checkout_abandonment,2020-02-12 19:02:43,CHK_SESSION_001464,CUST_582,688.9,INR,688.9,1,2020-02-12 09:09:43,2020-02-12 09:12:43,590,False,False,False,True,0.69
CHK_01465,checkout_abandonment,2019-10-25 05:42:45,CHK_SESSION_001465,CUST_604,777.71,INR,777.71,1,2019-10-24 19:11:45,2019-10-24 19:15:45,627,False,False,False,True,0.989
CHK_01466,checkout_abandonment,2019-05-21 07:34:40,CHK_SESSION_001466,CUST_329,7748.05,INR,7748.05,8,2019-05-20 20:25:40,2019-05-20 20:30:40,664,False,False,False,True,0.7
CHK_01467,checkout_abandonment,2019-02-12 15:15:22,CHK_SESSION_001467,CUST_837,102.09,INR,102.09,1,2019-02-12 03:28:22,2019-02-12 03:34:22,701,False,False,False,True,0.595
CHK_01468,checkout_abandonment,2020-04-12 05:47:11,CHK_SESSION_001468,CUST_377,3910.13,INR,3910.13,4,2020-04-11 17:22:11,2020-04-11 17:29:11,738,False,False,False,True,0.799
CHK_01469,checkout_abandonment,2019-12-19 15:54:00,CHK_SESSION_001469,CUST_702,7953.89,INR,7953.89,8,2019-12-19 02:51:00,2019-12-19 02:59:00,775,False,False,False,True,0.696
CHK_01470,checkout_abandonment,2019-03-01 06:38:28,CHK_SESSION_001470,CUST_758,2752.28,INR,2752.28,3,2019-02-28 16:57:28,2019-02-28 17:06:28,812,False,False,False,True,0.495
CHK_01471,checkout_abandonment,2019-08-15 18:29:06,CHK_SESSION_001471,CUST_851,751.98,INR,751.98,1,2019-08-15 04:20:06,2019-08-15 04:20:06,849,False,False,False,True,0.596
CHK_01472,checkout_abandonment,2020-03-25 08:12:55,CHK_SESSION_001472,CUST_694,5026.48,INR,5026.48,5,2020-03-24 17:25:55,2020-03-24 17:26:55,886,False,False,False,True,0.69
CHK_01473,checkout_abandonment,2019-09-16 07:32:25,CHK_SESSION_001473,CUST_503,589.3,INR,589.3,1,2019-09-15 16:07:25,2019-09-15 16:09:25,923,False,False,False,True,0.595
CHK_01474,checkout_abandonment,2019-05-15 05:20:06,CHK_SESSION_001474,CUST_74,6103.82,INR,6103.82,6,2019-05-14 13:17:06,2019-05-14 13:20:06,960,False,False,False,True,0.499
CHK_01475,checkout_abandonment,2019-04-01 03:35:57,CHK_SESSION_001475,CUST_590,9994.86,INR,9994.86,10,2019-03-31 10:54:57,2019-03-31 10:58:57,997,False,False,False,True,0.792
CHK_01476,checkout_abandonment,2020-06-02 23:43:19,CHK_SESSION_001476,CUST_284,19195.41,INR,19195.41,10,2020-06-02 06:24:19,2020-06-02 06:29:19,1034,False,False,False,True,0.884
CHK_01477,checkout_abandonment,2019-09-22 01:45:49,CHK_SESSION_001477,CUST_649,472.27,INR,472.27,1,2019-09-21 07:48:49,2019-09-21 07:54:49,1071,False,False,False,True,0.69
CHK_01478,checkout_abandonment,2019-05-13 11:22:59,CHK_SESSION_001478,CUST_223,964.46,INR,964.46,1,2019-05-12 16:47:59,2019-05-12 16:54:59,1108,False,False,False,True,0.792
CHK_01479,checkout_abandonment,2019-04-05 17:10:55,CHK_SESSION_001479,CUST_99,5499.58,INR,5499.58,5,2019-04-04 21:57:55,2019-04-04 22:05:55,1145,False,False,False,True,0.595
CHK_01480,checkout_abandonment,2020-02-08 01:30:23,CHK_SESSION_001480,CUST_83,5076.28,INR,5076.28,5,2020-02-07 05:39:23,2020-02-07 05:48:23,1182,False,False,False,True,0.999
CHK_01481,checkout_abandonment,2020-06-01 21:26:30,CHK_SESSION_001481,CUST_377,2868.48,INR,2868.48,3,2020-06-01 01:07:30,2020-06-01 01:07:30,1219,False,False,False,True,0.799
CHK_01482,checkout_abandonment,2019-01-11 20:59:57,CHK_SESSION_001482,CUST_31,114.54,INR,114.54,1,2019-01-11 00:02:57,2019-01-11 00:03:57,1256,False,False,False,True,0.59
CHK_01483,checkout_abandonment,2020-04-29 03:48:23,CHK_SESSION_001483,CUST_626,3608.01,INR,3608.01,4,2020-04-28 06:13:23,2020-04-28 06:15:23,1293,False,False,False,True,0.688
CHK_01484,checkout_abandonment,2020-04-12 04:10:17,CHK_SESSION_001484,CUST_254,1737.19,INR,1737.19,2,2020-04-11 05:57:17,2020-04-11 06:00:17,1330,False,False,False,True,0.595
CHK_01485,checkout_abandonment,2019-12-02 15:57:54,CHK_SESSION_001485,CUST_433,1588.62,INR,1588.62,2,2019-12-01 17:06:54,2019-12-01 17:10:54,1367,False,False,False,True,0.702
CHK_01486,checkout_abandonment,2020-03-24 05:03:58,CHK_SESSION_001486,CUST_658,9379.83,INR,9379.83,9,2020-03-23 05:34:58,2020-03-23 05:39:58,1404,False,False,False,True,0.892
CHK_01487,checkout_abandonment,2020-01-06 13:10:56,CHK_SESSION_001487,CUST_591,380.97,INR,380.97,1,2020-01-06 12:34:56,2020-01-06 12:40:56,30,False,False,False,True,0.486
CHK_01488,checkout_abandonment,2020-02-15 20:29:49,CHK_SESSION_001488,CUST_403,4609.82,INR,4609.82,5,2020-02-15 19:15:49,2020-02-15 19:22:49,67,False,False,False,True,0.996
CHK_01489,checkout_abandonment,2019-05-23 21:55:44,CHK_SESSION_001489,CUST_441,1033.35,INR,1033.35,1,2019-05-23 20:03:44,2019-05-23 20:11:44,104,False,False,False,True,0.883
CHK_01490,checkout_abandonment,2019-03-26 04:42:55,CHK_SESSION_001490,CUST_222,15806.52,INR,15806.52,10,2019-03-26 02:12:55,2019-03-26 02:21:55,141,False,False,False,True,0.783
CHK_01491,checkout_abandonment,2019-10-02 20:49:55,CHK_SESSION_001491,CUST_509,470.61,INR,470.61,1,2019-10-02 17:51:55,2019-10-02 17:51:55,178,False,False,False,True,0.594
CHK_01492,checkout_abandonment,2020-04-11 23:48:44,CHK_SESSION_001492,CUST_648,678.94,INR,678.94,1,2020-04-11 20:12:44,2020-04-11 20:13:44,215,False,False,False,True,0.596
CHK_01493,checkout_abandonment,2019-10-21 16:49:26,CHK_SESSION_001493,CUST_428,4599.86,INR,4599.86,5,2019-10-21 12:35:26,2019-10-21 12:37:26,252,False,False,False,True,0.497
CHK_01494,checkout_abandonment,2019-09-21 22:52:06,CHK_SESSION_001494,CUST_103,1757.94,INR,1757.94,2,2019-09-21 18:00:06,2019-09-21 18:03:06,289,False,False,False,True,0.692
CHK_01495,checkout_abandonment,2019-09-07 16:41:37,CHK_SESSION_001495,CUST_740,15068.65,INR,15068.65,10,2019-09-07 11:11:37,2019-09-07 11:15:37,326,False,False,False,True,0.982
CHK_01496,checkout_abandonment,2020-01-15 09:21:49,CHK_SESSION_001496,CUST_774,5143.51,INR,5143.51,5,2020-01-15 03:13:49,2020-01-15 03:18:49,363,False,False,False,True,0.792
CHK_01497,checkout_abandonment,2019-08-02 01:34:41,CHK_SESSION_001497,CUST_306,3546.59,INR,3546.59,4,2019-08-01 18:48:41,2019-08-01 18:54:41,400,False,False,False,True,0.496
CHK_01498,checkout_abandonment,2019-08-25 19:14:57,CHK_SESSION_001498,CUST_847,449.03,INR,449.03,1,2019-08-25 11:50:57,2019-08-25 11:57:57,437,False,False,False,True,0.49
CHK_01499,checkout_abandonment,2020-04-10 03:21:48,CHK_SESSION_001499,CUST_360,10816.56,INR,10816.56,10,2020-04-09 19:19:48,2020-04-09 19:27:48,474,False,False,False,True,0.689
CHK_01500,checkout_abandonment,2019-08-19 19:11:53,CHK_SESSION_001500,CUST_616,509.62,INR,509.62,1,2019-08-19 10:31:53,2019-08-19 10:40:53,511,False,False,False,True,0.787
CHK_01501,checkout_abandonment,2019-12-10 01:33:12,CHK_SESSION_001501,CUST_434,2057.57,INR,2057.57,2,2019-12-09 16:25:12,2019-12-09 16:25:12,548,False,False,False,True,0.893
CHK_01502,checkout_abandonment,2019-02-04 18:54:59,CHK_SESSION_001502,CUST_441,18045.03,INR,18045.03,10,2019-02-04 09:08:59,2019-02-04 09:09:59,585,False,False,False,True,0.883
CHK_01503,checkout_abandonment,2019-06-14 11:14:50,CHK_SESSION_001503,CUST_293,18467.5,INR,18467.5,10,2019-06-14 00:50:50,2019-06-14 00:52:50,622,False,False,False,True,0.982
CHK_01504,checkout_abandonment,2019-06-02 20:44:00,CHK_SESSION_001504,CUST_236,2130.61,INR,2130.61,2,2019-06-02 09:42:00,2019-06-02 09:45:00,659,False,False,False,True,0.787
CHK_01505,checkout_abandonment,2019-08-16 09:51:02,CHK_SESSION_001505,CUST_453,11118.68,INR,11118.68,10,2019-08-15 22:11:02,2019-08-15 22:15:02,696,False,False,False,True,0.783
CHK_01506,checkout_abandonment,2020-04-07 15:46:19,CHK_SESSION_001506,CUST_616,10299.47,INR,10299.47,10,2020-04-07 03:28:19,2020-04-07 03:33:19,733,False,False,False,True,0.787
CHK_01507,checkout_abandonment,2020-03-16 01:44:35,CHK_SESSION_001507,CUST_617,1632.61,INR,1632.61,2,2020-03-15 12:48:35,2020-03-15 12:54:35,770,False,False,False,True,0.693
CHK_01508,checkout_abandonment,2019-08-22 11:12:14,CHK_SESSION_001508,CUST_157,113.71,INR,113.71,1,2019-08-21 21:38:14,2019-08-21 21:45:14,807,False,False,False,True,0.791
CHK_01509,checkout_abandonment,2019-07-18 03:18:06,CHK_SESSION_001509,CUST_226,1657.51,INR,1657.51,2,2019-07-17 13:06:06,2019-07-17 13:14:06,844,False,False,False,True,0.803
CHK_01510,checkout_abandonment,2019-05-05 02:04:23,CHK_SESSION_001510,CUST_549,3911.79,INR,3911.79,4,2019-05-04 11:14:23,2019-05-04 11:23:23,881,False,False,False,True,0.805
CHK_01511,checkout_abandonment,2019-12-29 12:50:15,CHK_SESSION_001511,CUST_46,7400.28,INR,7400.28,7,2019-12-28 21:32:15,2019-12-28 21:32:15,918,False,False,False,True,0.992
CHK_01512,checkout_abandonment,2019-09-28 19:13:01,CHK_SESSION_001512,CUST_499,3810.53,INR,3810.53,4,2019-09-28 03:17:01,2019-09-28 03:18:01,955,False,False,False,True,0.59
CHK_01513,checkout_abandonment,2019-06-21 07:40:18,CHK_SESSION_001513,CUST_305,28376.04,INR,28376.04,10,2019-06-20 15:06:18,2019-06-20 15:08:18,992,False,False,False,True,0.894
CHK_01514,checkout_abandonment,2019-07-14 22:14:20,CHK_SESSION_001514,CUST_267,562.74,INR,562.74,1,2019-07-14 05:02:20,2019-07-14 05:05:20,1029,False,False,False,True,0.793
CHK_01515,checkout_abandonment,2019-12-03 12:12:38,CHK_SESSION_001515,CUST_809,5918.73,INR,5918.73,6,2019-12-02 18:22:38,2019-12-02 18:26:38,1066,False,False,False,True,0.594
CHK_01516,checkout_abandonment,2019-08-26 23:16:38,CHK_SESSION_001516,CUST_329,656.53,INR,656.53,1,2019-08-26 04:48:38,2019-08-26 04:53:38,1103,False,False,False,True,0.7
CHK_01517,checkout_abandonment,2020-05-19 16:57:10,CHK_SESSION_001517,CUST_688,13063.37,INR,13063.37,10,2020-05-18 21:51:10,2020-05-18 21:57:10,1140,False,False,False,True,0.789
CHK_01518,checkout_abandonment,2019-04-01 11:43:20,CHK_SESSION_001518,CUST_451,10715.3,INR,10715.3,10,2019-03-31 15:59:20,2019-03-31 16:06:20,1177,False,False,False,True,0.994
CHK_01519,checkout_abandonment,2019-02-14 00:51:20,CHK_SESSION_001519,CUST_459,449.03,INR,449.03,1,2019-02-13 04:29:20,2019-02-13 04:37:20,1214,False,False,False,True,0.693
CHK_01520,checkout_abandonment,2019-05-20 17:31:50,CHK_SESSION_001520,CUST_27,4913.6,INR,4913.6,5,2019-05-19 20:31:50,2019-05-19 20:40:50,1251,False,False,False,True,0.792
CHK_01521,checkout_abandonment,2020-06-06 19:18:01,CHK_SESSION_001521,CUST_549,5751.07,INR,5751.07,6,2020-06-05 21:50:01,2020-06-05 21:50:01,1288,False,False,False,True,0.805
CHK_01522,checkout_abandonment,2019-10-27 11:59:08,CHK_SESSION_001522,CUST_493,813.4,INR,813.4,1,2019-10-26 13:53:08,2019-10-26 13:54:08,1325,False,False,False,True,0.984
CHK_01523,checkout_abandonment,2019-09-14 01:58:43,CHK_SESSION_001523,CUST_787,4487.81,INR,4487.81,4,2019-09-13 03:14:43,2019-09-13 03:16:43,1362,False,False,False,True,0.688
CHK_01524,checkout_abandonment,2019-08-19 03:53:09,CHK_SESSION_001524,CUST_471,7693.27,INR,7693.27,8,2019-08-18 04:31:09,2019-08-18 04:34:09,1399,False,False,False,True,0.693
CHK_01525,checkout_abandonment,2019-10-15 16:13:32,CHK_SESSION_001525,CUST_219,4902.81,INR,4902.81,5,2019-10-14 16:13:32,2019-10-14 16:17:32,1436,False,False,False,True,0.489
CHK_01526,checkout_abandonment,2019-03-18 10:21:05,CHK_SESSION_001526,CUST_287,7820.26,INR,7820.26,8,2019-03-18 09:14:05,2019-03-18 09:19:05,62,False,False,False,True,0.9
CHK_01527,checkout_abandonment,2019-01-20 00:15:54,CHK_SESSION_001527,CUST_334,65757.58,INR,65757.58,10,2019-01-19 22:30:54,2019-01-19 22:36:54,99,False,False,False,True,0.685
CHK_01528,checkout_abandonment,2019-11-20 08:51:16,CHK_SESSION_001528,CUST_720,7564.62,INR,7564.62,8,2019-11-20 06:28:16,2019-11-20 06:35:16,136,False,False,False,True,0.492
CHK_01529,checkout_abandonment,2019-08-05 02:26:13,CHK_SESSION_001529,CUST_441,1835.96,INR,1835.96,2,2019-08-04 23:25:13,2019-08-04 23:33:13,173,False,False,False,True,0.883
CHK_01530,checkout_abandonment,2019-12-02 12:43:05,CHK_SESSION_001530,CUST_411,10731.07,INR,10731.07,10,2019-12-02 09:04:05,2019-12-02 09:13:05,210,False,False,False,True,0.491
CHK_01531,checkout_abandonment,2019-07-14 20:21:44,CHK_SESSION_001531,CUST_359,7638.49,INR,7638.49,8,2019-07-14 16:14:44,2019-07-14 16:14:44,247,False,False,False,True,0.793
CHK_01532,checkout_abandonment,2019-04-22 15:15:19,CHK_SESSION_001532,CUST_512,3509.24,INR,3509.24,4,2019-04-22 10:30:19,2019-04-22 10:31:19,284,False,False,False,True,0.593
CHK_01533,checkout_abandonment,2020-05-20 05:20:05,CHK_SESSION_001533,CUST_812,3205.46,INR,3205.46,3,2020-05-19 23:57:05,2020-05-19 23:59:05,321,False,False,False,True,0.497
CHK_01534,checkout_abandonment,2020-04-15 05:53:54,CHK_SESSION_001534,CUST_245,518.75,INR,518.75,1,2020-04-14 23:52:54,2020-04-14 23:55:54,358,False,False,False,True,0.89
CHK_01535,checkout_abandonment,2019-10-04 05:23:15,CHK_SESSION_001535,CUST_36,12750.46,INR,12750.46,10,2019-10-03 22:44:15,2019-10-03 22:48:15,395,False,False,False,True,0.894
CHK_01536,checkout_abandonment,2019-05-07 00:08:53,CHK_SESSION_001536,CUST_22,3929.22,INR,3929.22,4,2019-05-06 16:51:53,2019-05-06 16:56:53,432,False,False,False,True,0.99
CHK_01537,checkout_abandonment,2020-05-18 06:19:32,CHK_SESSION_001537,CUST_565,791.82,INR,791.82,1,2020-05-17 22:24:32,2020-05-17 22:30:32,469,False,False,False,True,0.693
CHK_01538,checkout_abandonment,2020-04-19 13:16:20,CHK_SESSION_001538,CUST_127,193.39,INR,193.39,1,2020-04-19 04:43:20,2020-04-19 04:50:20,506,False,False,False,True,0.694
CHK_01539,checkout_abandonment,2019-11-30 03:25:24,CHK_SESSION_001539,CUST_514,4226.36,INR,4226.36,4,2019-11-29 18:14:24,2019-11-29 18:22:24,543,False,False,False,True,0.702
CHK_01540,checkout_abandonment,2019-08-31 13:40:28,CHK_SESSION_001540,CUST_429,8101.63,INR,8101.63,8,2019-08-31 03:51:28,2019-08-31 04:00:28,580,False,False,False,True,0.789
CHK_01541,checkout_abandonment,2019-03-04 17:00:03,CHK_SESSION_001541,CUST_375,3324.15,INR,3324.15,3,2019-03-04 06:43:03,2019-03-04 06:43:03,617,False,False,False,True,0.791
CHK_01542,checkout_abandonment,2019-03-22 07:37:34,CHK_SESSION_001542,CUST_498,3955.78,INR,3955.78,4,2019-03-21 20:42:34,2019-03-21 20:43:34,654,False,False,False,True,0.794
CHK_01543,checkout_abandonment,2019-09-26 04:56:12,CHK_SESSION_001543,CUST_14,807.59,INR,807.59,1,2019-09-25 17:23:12,2019-09-25 17:25:12,691,False,False,False,True,0.796
CHK_01544,checkout_abandonment,2019-02-09 01:19:40,CHK_SESSION_001544,CUST_264,604.24,INR,604.24,1,2019-02-08 13:08:40,2019-02-08 13:11:40,728,False,False,False,True,0.695
CHK_01545,checkout_abandonment,2019-10-10 04:50:28,CHK_SESSION_001545,CUST_593,1632.61,INR,1632.61,2,2019-10-09 16:01:28,2019-10-09 16:05:28,765,False,False,False,True,0.983
CHK_01546,checkout_abandonment,2019-12-20 13:26:59,CHK_SESSION_001546,CUST_519,8895.94,INR,8895.94,9,2019-12-19 23:59:59,2019-12-20 00:04:59,802,False,False,False,True,0.697
CHK_01547,checkout_abandonment,2019-08-26 11:16:50,CHK_SESSION_001547,CUST_641,727.08,INR,727.08,1,2019-08-25 21:11:50,2019-08-25 21:17:50,839,False,False,False,True,0.896
CHK_01548,checkout_abandonment,2019-01-11 07:55:56,CHK_SESSION_001548,CUST_854,1767.9,INR,1767.9,2,2019-01-10 17:12:56,2019-01-10 17:19:56,876,False,False,False,True,0.496
CHK_01549,checkout_abandonment,2019-12-26 19:07:55,CHK_SESSION_001549,CUST_456,121258.85,INR,121258.85,10,2019-12-26 03:46:55,2019-12-26 03:54:55,913,False,False,False,True,0.789
CHK_01550,checkout_abandonment,2019-03-26 22:03:35,CHK_SESSION_001550,CUST_234,3807.21,INR,3807.21,4,2019-03-26 06:04:35,2019-03-26 06:13:35,950,False,False,False,True,0.788
CHK_01551,checkout_abandonment,2020-03-30 08:29:11,CHK_SESSION_001551,CUST_312,421.64,INR,421.64,1,2020-03-29 16:02:11,2020-03-29 16:02:11,987,False,False,False,True,0.788
CHK_01552,checkout_abandonment,2019-08-09 14:58:52,CHK_SESSION_001552,CUST_382,7526.44,INR,7526.44,8,2019-08-08 21:53:52,2019-08-08 21:54:52,1024,False,False,False,True,0.788
CHK_01553,checkout_abandonment,2019-02-13 11:52:12,CHK_SESSION_001553,CUST_200,784.35,INR,784.35,1,2019-02-12 18:09:12,2019-02-12 18:11:12,1061,False,False,False,True,0.894
CHK_01554,checkout_abandonment,2019-08-20 05:56:59,CHK_SESSION_001554,CUST_306,5480.49,INR,5480.49,5,2019-08-19 11:35:59,2019-08-19 11:38:59,1098,False,False,False,True,0.496
CHK_01555,checkout_abandonment,2019-06-16 04:28:36,CHK_SESSION_001555,CUST_257,415.83,INR,415.83,1,2019-06-15 09:29:36,2019-06-15 09:33:36,1135,False,False,False,True,0.596
CHK_01556,checkout_abandonment,2019-05-11 22:57:05,CHK_SESSION_001556,CUST_359,5867.27,INR,5867.27,6,2019-05-11 03:20:05,2019-05-11 03:25:05,1172,False,False,False,True,0.793
CHK_01557,checkout_abandonment,2020-06-18 03:09:44,CHK_SESSION_001557,CUST_110,9955.02,INR,9955.02,10,2020-06-17 06:54:44,2020-06-17 07:00:44,1209,False,False,False,True,0.796
CHK_01558,checkout_abandonment,2019-03-31 04:06:39,CHK_SESSION_001558,CUST_307,6506.37,INR,6506.37,7,2019-03-30 07:13:39,2019-03-30 07:20:39,1246,False,False,False,True,0.893
CHK_01559,checkout_abandonment,2020-03-25 07:02:02,CHK_SESSION_001559,CUST_888,134210.17,INR,134210.17,10,2020-03-24 09:31:02,2020-03-24 09:39:02,1283,False,False,False,True,0.594
CHK_01560,checkout_abandonment,2019-12-17 06:08:26,CHK_SESSION_001560,CUST_310,4594.88,INR,4594.88,5,2019-12-16 07:59:26,2019-12-16 08:08:26,1320,False,False,False,True,0.696
CHK_01561,checkout_abandonment,2019-02-19 03:48:44,CHK_SESSION_001561,CUST_59,10659.69,INR,10659.69,10,2019-02-18 05:11:44,2019-02-18 05:11:44,1357,False,False,False,True,0.695
CHK_01562,checkout_abandonment,2019-09-20 22:29:59,CHK_SESSION_001562,CUST_529,177.62,INR,177.62,1,2019-09-19 23:14:59,2019-09-19 23:15:59,1394,False,False,False,True,0.986
CHK_01563,checkout_abandonment,2019-05-13 03:05:08,CHK_SESSION_001563,CUST_315,7853.46,INR,7853.46,8,2019-05-12 03:12:08,2019-05-12 03:14:08,1431,False,False,False,True,0.787
CHK_01564,checkout_abandonment,2019-08-24 14:31:04,CHK_SESSION_001564,CUST_167,246.51,INR,246.51,1,2019-08-24 13:31:04,2019-08-24 13:34:04,57,False,False,False,True,0.89
CHK_01565,checkout_abandonment,2019-03-23 08:42:33,CHK_SESSION_001565,CUST_526,9369.87,INR,9369.87,9,2019-03-23 07:04:33,2019-03-23 07:08:33,94,False,False,False,True,0.792
CHK_01566,checkout_abandonment,2020-03-23 21:22:59,CHK_SESSION_001566,CUST_318,2770.54,INR,2770.54,3,2020-03-23 19:06:59,2020-03-23 19:11:59,131,False,False,False,True,0.69
CHK_01567,checkout_abandonment,2020-05-20 01:42:19,CHK_SESSION_001567,CUST_44,3741.64,INR,3741.64,4,2020-05-19 22:48:19,2020-05-19 22:54:19,168,False,False,False,True,0.692
CHK_01568,checkout_abandonment,2019-04-13 11:27:39,CHK_SESSION_001568,CUST_711,1268.24,INR,1268.24,1,2019-04-13 07:55:39,2019-04-13 08:02:39,205,False,False,False,True,0.497
CHK_01569,checkout_abandonment,2020-01-28 01:50:39,CHK_SESSION_001569,CUST_407,7572.09,INR,7572.09,8,2020-01-27 21:40:39,2020-01-27 21:48:39,242,False,False,False,True,0.8
CHK_01570,checkout_abandonment,2019-03-10 22:08:05,CHK_SESSION_001570,CUST_348,806.76,INR,806.76,1,2019-03-10 17:20:05,2019-03-10 17:29:05,279,False,False,False,True,0.994
CHK_01571,checkout_abandonment,2019-05-28 20:43:47,CHK_SESSION_001571,CUST_526,5807.51,INR,5807.51,6,2019-05-28 15:27:47,2019-05-28 15:27:47,316,False,False,False,True,0.792
CHK_01572,checkout_abandonment,2019-10-04 22:41:59,CHK_SESSION_001572,CUST_521,1962.95,INR,1962.95,2,2019-10-04 16:47:59,2019-10-04 16:48:59,353,False,False,False,True,0.698
CHK_01573,checkout_abandonment,2019-11-03 00:03:42,CHK_SESSION_001573,CUST_804,149.4,INR,149.4,1,2019-11-02 17:31:42,2019-11-02 17:33:42,390,False,False,False,True,0.593
CHK_01574,checkout_abandonment,2020-06-20 19:22:01,CHK_SESSION_001574,CUST_286,7438.46,INR,7438.46,7,2020-06-20 12:12:01,2020-06-20 12:15:01,427,False,False,False,True,0.88
CHK_01575,checkout_abandonment,2019-06-08 21:16:47,CHK_SESSION_001575,CUST_61,1224.25,INR,1224.25,1,2019-06-08 13:28:47,2019-06-08 13:32:47,464,False,False,False,True,0.995
CHK_01576,checkout_abandonment,2019-05-01 09:42:38,CHK_SESSION_001576,CUST_20,4896.17,INR,4896.17,5,2019-05-01 01:16:38,2019-05-01 01:21:38,501,False,False,False,True,0.794
CHK_01577,checkout_abandonment,2019-04-21 00:03:13,CHK_SESSION_001577,CUST_148,7629.36,INR,7629.36,8,2019-04-20 14:59:13,2019-04-20 15:05:13,538,False,False,False,True,0.794
CHK_01578,checkout_abandonment,2020-03-25 04:24:41,CHK_SESSION_001578,CUST_21,1996.15,INR,1996.15,2,2020-03-24 18:42:41,2020-03-24 18:49:41,575,False,False,False,True,0.698
CHK_01579,checkout_abandonment,2019-06-10 21:40:33,CHK_SESSION_001579,CUST_145,2797.1,INR,2797.1,3,2019-06-10 11:20:33,2019-06-10 11:28:33,612,False,False,False,True,0.701
CHK_01580,checkout_abandonment,2020-04-01 14:43:19,CHK_SESSION_001580,CUST_240,3685.2,INR,3685.2,4,2020-04-01 03:45:19,2020-04-01 03:54:19,649,False,False,False,True,0.986
CHK_01581,checkout_abandonment,2019-11-12 06:15:47,CHK_SESSION_001581,CUST_602,1749.64,INR,1749.64,2,2019-11-11 18:49:47,2019-11-11 18:49:47,686,False,False,False,True,0.689
CHK_01582,checkout_abandonment,2019-10-09 14:11:39,CHK_SESSION_001582,CUST_888,991.85,INR,991.85,1,2019-10-09 02:07:39,2019-10-09 02:08:39,723,False,False,False,True,0.594
CHK_01583,checkout_abandonment,2019-09-02 12:28:21,CHK_SESSION_001583,CUST_382,514.6,INR,514.6,1,2019-09-01 23:46:21,2019-09-01 23:48:21,760,False,False,False,True,0.788
CHK_01584,checkout_abandonment,2019-09-13 20:06:15,CHK_SESSION_001584,CUST_601,4652.15,INR,4652.15,5,2019-09-13 06:46:15,2019-09-13 06:49:15,797,False,False,False,True,0.493
CHK_01585,checkout_abandonment,2019-09-15 00:45:43,CHK_SESSION_001585,CUST_383,5297.89,INR,5297.89,5,2019-09-14 10:47:43,2019-09-14 10:51:43,834,False,False,False,True,0.883
CHK_01586,checkout_abandonment,2019-02-06 20:29:01,CHK_SESSION_001586,CUST_802,882.29,INR,882.29,1,2019-02-06 05:53:01,2019-02-06 05:58:01,871,False,False,False,True,0.694
CHK_01587,checkout_abandonment,2019-12-15 14:54:36,CHK_SESSION_001587,CUST_543,6216.7,INR,6216.7,6,2019-12-14 23:40:36,2019-12-14 23:46:36,908,False,False,False,True,0.487
CHK_01588,checkout_abandonment,2019-06-08 01:37:36,CHK_SESSION_001588,CUST_289,8285.06,INR,8285.06,8,2019-06-07 09:45:36,2019-06-07 09:52:36,945,False,False,False,True,0.695
CHK_01589,checkout_abandonment,2019-07-22 19:55:00,CHK_SESSION_001589,CUST_338,9491.88,INR,9491.88,9,2019-07-22 03:25:00,2019-07-22 03:33:00,982,False,False,False,True,0.791
CHK_01590,checkout_abandonment,2020-04-10 10:47:31,CHK_SESSION_001590,CUST_836,7172.03,INR,7172.03,7,2020-04-09 17:39:31,2020-04-09 17:48:31,1019,False,False,False,True,0.591
CHK_01591,checkout_abandonment,2020-04-05 16:49:16,CHK_SESSION_001591,CUST_602,3716.74,INR,3716.74,4,2020-04-04 23:13:16,2020-04-04 23:13:16,1056,False,False,False,True,0.689
CHK_01592,checkout_abandonment,2019-12-06 20:06:59,CHK_SESSION_001592,CUST_105,411.68,INR,411.68,1,2019-12-06 01:52:59,2019-12-06 01:53:59,1093,False,False,False,True,0.798
CHK_01593,checkout_abandonment,2019-12-16 10:41:10,CHK_SESSION_001593,CUST_629,3918.43,INR,3918.43,4,2019-12-15 15:49:10,2019-12-15 15:51:10,1130,False,False,False,True,0.499
CHK_01594,checkout_abandonment,2019-12-21 18:46:01,CHK_SESSION_001594,CUST_148,7964.68,INR,7964.68,8,2019-12-20 23:16:01,2019-12-20 23:19:01,1167,False,False,False,True,0.794
CHK_01595,checkout_abandonment,2020-03-10 23:42:22,CHK_SESSION_001595,CUST_762,6326.26,INR,6326.26,6,2020-03-10 03:34:22,2020-03-10 03:38:22,1204,False,False,False,True,0.594
CHK_01596,checkout_abandonment,2020-05-10 19:33:38,CHK_SESSION_001596,CUST_792,5893.83,INR,5893.83,6,2020-05-09 22:47:38,2020-05-09 22:52:38,1241,False,False,False,True,0.695
CHK_01597,checkout_abandonment,2019-08-26 09:12:27,CHK_SESSION_001597,CUST_827,589.3,INR,589.3,1,2019-08-25 11:48:27,2019-08-25 11:54:27,1278,False,False,False,True,0.786
CHK_01598,checkout_abandonment,2020-03-02 05:54:08,CHK_SESSION_001598,CUST_70,3543.27,INR,3543.27,4,2020-03-01 07:52:08,2020-03-01 07:59:08,1315,False,False,False,True,0.965
CHK_01599,checkout_abandonment,2019-09-04 21:38:04,CHK_SESSION_001599,CUST_567,1168.64,INR,1168.64,1,2019-09-03 22:58:04,2019-09-03 23:06:04,1352,False,False,False,True,0.884
CHK_01600,checkout_abandonment,2019-03-27 01:01:52,CHK_SESSION_001600,CUST_96,10292.0,INR,10292.0,10,2019-03-26 01:43:52,2019-03-26 01:52:52,1389,False,False,False,True,0.797
CHK_01601,checkout_abandonment,2019-10-02 17:43:55,CHK_SESSION_001601,CUST_160,6507.2,INR,6507.2,7,2019-10-01 17:57:55,2019-10-01 17:57:55,1426,False,False,False,True,0.597
CHK_01602,checkout_abandonment,2020-03-19 06:52:19,CHK_SESSION_001602,CUST_650,9310.11,INR,9310.11,9,2020-03-19 05:59:19,2020-03-19 06:00:19,52,False,False,False,True,0.792
CHK_01603,checkout_abandonment,2020-05-21 09:29:02,CHK_SESSION_001603,CUST_311,122.01,INR,122.01,1,2020-05-21 07:58:02,2020-05-21 08:00:02,89,False,False,False,True,0.981
CHK_01604,checkout_abandonment,2019-07-04 08:47:56,CHK_SESSION_001604,CUST_380,4037.12,INR,4037.12,4,2019-07-04 06:38:56,2019-07-04 06:41:56,126,False,False,False,True,0.695
CHK_01605,checkout_abandonment,2019-05-09 23:14:44,CHK_SESSION_001605,CUST_704,431.6,INR,431.6,1,2019-05-09 20:27:44,2019-05-09 20:31:44,163,False,False,False,True,0.501
CHK_01606,checkout_abandonment,2019-07-26 15:05:48,CHK_SESSION_001606,CUST_425,14061.86,INR,14061.86,10,2019-07-26 11:40:48,2019-07-26 11:45:48,200,False,False,False,True,0.696
CHK_01607,checkout_abandonment,2019-01-08 16:59:11,CHK_SESSION_001607,CUST_837,4974.19,INR,4974.19,5,2019-01-08 12:56:11,2019-01-08 13:02:11,237,False,False,False,True,0.595
CHK_01608,checkout_abandonment,2019-08-10 18:29:41,CHK_SESSION_001608,CUST_50,7800.34,INR,7800.34,8,2019-08-10 13:48:41,2019-08-10 13:55:41,274,False,False,False,True,0.789
CHK_01609,checkout_abandonment,2019-10-06 01:43:03,CHK_SESSION_001609,CUST_755,204.18,INR,204.18,1,2019-10-05 20:24:03,2019-10-05 20:32:03,311,False,False,False,True,0.97
CHK_01610,checkout_abandonment,2019-02-28 19:03:21,CHK_SESSION_001610,CUST_25,18334.7,INR,18334.7,10,2019-02-28 13:06:21,2019-02-28 13:15:21,348,False,False,False,True,0.688
CHK_01611,checkout_abandonment,2019-08-04 07:08:41,CHK_SESSION_001611,CUST_879,1456.65,INR,1456.65,1,2019-08-04 00:43:41,2019-08-04 00:43:41,385,False,False,False,True,0.498
CHK_01612,checkout_abandonment,2019-01-30 19:13:47,CHK_SESSION_001612,CUST_205,5351.01,INR,5351.01,5,2019-01-30 12:10:47,2019-01-30 12:11:47,422,False,False,False,True,0.688
CHK_01613,checkout_abandonment,2019-01-16 06:55:24,CHK_SESSION_001613,CUST_467,2138.08,INR,2138.08,2,2019-01-15 23:14:24,2019-01-15 23:16:24,459,False,False,False,True,0.895
CHK_01614,checkout_abandonment,2019-12-26 16:27:08,CHK_SESSION_001614,CUST_765,5977.66,INR,5977.66,6,2019-12-26 08:08:08,2019-12-26 08:11:08,496,False,False,False,True,0.593
CHK_01615,checkout_abandonment,2019-10-24 18:52:40,CHK_SESSION_001615,CUST_285,1786.16,INR,1786.16,2,2019-10-24 09:55:40,2019-10-24 09:59:40,533,False,False,False,True,0.794
CHK_01616,checkout_abandonment,2020-03-07 09:17:02,CHK_SESSION_001616,CUST_567,789.33,INR,789.33,1,2020-03-06 23:42:02,2020-03-06 23:47:02,570,False,False,False,True,0.884
CHK_01617,checkout_abandonment,2020-02-01 22:43:54,CHK_SESSION_001617,CUST_691,9000.52,INR,9000.52,9,2020-02-01 12:30:54,2020-02-01 12:36:54,607,False,False,False,True,0.895
CHK_01618,checkout_abandonment,2020-06-09 08:13:46,CHK_SESSION_001618,CUST_49,7020.14,INR,7020.14,7,2020-06-08 21:22:46,2020-06-08 21:29:46,644,False,False,False,True,0.788
CHK_01619,checkout_abandonment,2019-04-30 09:04:33,CHK_SESSION_001619,CUST_226,703.01,INR,703.01,1,2019-04-29 21:35:33,2019-04-29 21:43:33,681,False,False,False,True,0.803
CHK_01620,checkout_abandonment,2019-02-23 22:06:53,CHK_SESSION_001620,CUST_574,2982.19,INR,2982.19,3,2019-02-23 09:59:53,2019-02-23 10:08:53,718,False,False,False,True,0.89
CHK_01621,checkout_abandonment,2019-08-19 10:06:09,CHK_SESSION_001621,CUST_605,194.22,INR,194.22,1,2019-08-18 21:31:09,2019-08-18 21:31:09,755,False,False,False,True,0.691
CHK_01622,checkout_abandonment,2019-06-16 17:28:01,CHK_SESSION_001622,CUST_19,3532.48,INR,3532.48,4,2019-06-16 04:15:01,2019-06-16 04:16:01,792,False,False,False,True,0.891
CHK_01623,checkout_abandonment,2019-07-12 03:32:18,CHK_SESSION_001623,CUST_443,9566.58,INR,9566.58,10,2019-07-11 13:41:18,2019-07-11 13:43:18,829,False,False,False,True,0.793
CHK_01624,checkout_abandonment,2019-03-22 01:37:03,CHK_SESSION_001624,CUST_131,3921.75,INR,3921.75,4,2019-03-21 11:08:03,2019-03-21 11:11:03,866,False,False,False,True,0.695
CHK_01625,checkout_abandonment,2019-07-07 01:24:00,CHK_SESSION_001625,CUST_113,10588.31,INR,10588.31,10,2019-07-06 10:17:00,2019-07-06 10:21:00,903,False,False,False,True,0.782
CHK_01626,checkout_abandonment,2020-06-16 04:49:16,CHK_SESSION_001626,CUST_260,4525.16,INR,4525.16,5,2020-06-15 13:04:16,2020-06-15 13:09:16,940,False,False,False,True,0.696
CHK_01627,checkout_abandonment,2019-01-02 06:06:35,CHK_SESSION_001627,CUST_592,604.24,INR,604.24,1,2019-01-01 13:43:35,2019-01-01 13:49:35,977,False,False,False,True,0.988
CHK_01628,checkout_abandonment,2020-03-02 02:42:08,CHK_SESSION_001628,CUST_57,9431.29,INR,9431.29,9,2020-03-01 09:41:08,2020-03-01 09:48:08,1014,False,False,False,True,0.686
CHK_01629,checkout_abandonment,2019-04-30 00:20:58,CHK_SESSION_001629,CUST_853,6188.48,INR,6188.48,6,2019-04-29 06:41:58,2019-04-29 06:49:58,1051,False,False,False,True,0.486
CHK_01630,checkout_abandonment,2019-06-08 07:36:22,CHK_SESSION_001630,CUST_658,613.37,INR,613.37,1,2019-06-07 13:19:22,2019-06-07 13:28:22,1088,False,False,False,True,0.892
CHK_01631,checkout_abandonment,2019-10-18 18:54:29,CHK_SESSION_001631,CUST_740,4463.74,INR,4463.74,4,2019-10-18 00:09:29,2019-10-18 00:09:29,1125,False,False,False,True,0.982
CHK_01632,checkout_abandonment,2019-04-29 12:54:46,CHK_SESSION_001632,CUST_516,2067.53,INR,2067.53,2,2019-04-28 17:31:46,2019-04-28 17:32:46,1162,False,False,False,True,0.593
CHK_01633,checkout_abandonment,2019-12-24 12:09:06,CHK_SESSION_001633,CUST_703,14599.7,INR,14599.7,10,2019-12-23 16:08:06,2019-12-23 16:10:06,1199,False,False,False,True,0.693
CHK_01634,checkout_abandonment,2019-07-30 07:04:33,CHK_SESSION_001634,CUST_485,8601.29,INR,8601.29,9,2019-07-29 10:25:33,2019-07-29 10:28:33,1236,False,False,False,True,0.593
CHK_01635,checkout_abandonment,2020-03-24 11:43:56,CHK_SESSION_001635,CUST_183,644.08,INR,644.08,1,2020-03-23 14:26:56,2020-03-23 14:30:56,1273,False,False,False,True,0.794
CHK_01636,checkout_abandonment,2019-01-02 11:18:56,CHK_SESSION_001636,CUST_247,786.01,INR,786.01,1,2019-01-01 13:23:56,2019-01-01 13:28:56,1310,False,False,False,True,0.696
CHK_01637,checkout_abandonment,2020-05-30 17:28:19,CHK_SESSION_001637,CUST_311,4694.48,INR,4694.48,5,2020-05-29 18:55:19,2020-05-29 19:01:19,1347,False,False,False,True,0.981
CHK_01638,checkout_abandonment,2020-02-11 20:47:15,CHK_SESSION_001638,CUST_827,402.55,INR,402.55,1,2020-02-10 21:36:15,2020-02-10 21:43:15,1384,False,False,False,True,0.786
CHK_01639,checkout_abandonment,2019-03-20 12:26:46,CHK_SESSION_001639,CUST_124,598.43,INR,598.43,1,2019-03-19 12:37:46,2019-03-19 12:45:46,1421,False,False,False,True,0.991
CHK_01640,checkout_abandonment,2020-04-04 14:00:26,CHK_SESSION_001640,CUST_450,241.53,INR,241.53,1,2020-04-04 13:04:26,2020-04-04 13:13:26,47,False,False,False,True,0.884
CHK_01641,checkout_abandonment,2020-04-07 12:45:59,CHK_SESSION_001641,CUST_27,5944.46,INR,5944.46,6,2020-04-07 11:21:59,2020-04-07 11:21:59,84,False,False,False,True,0.792
CHK_01642,checkout_abandonment,2019-06-22 21:30:34,CHK_SESSION_001642,CUST_742,175.13,INR,175.13,1,2019-06-22 19:28:34,2019-06-22 19:29:34,121,False,False,False,True,0.492
CHK_01643,checkout_abandonment,2020-01-22 19:11:23,CHK_SESSION_001643,CUST_227,11248.99,INR,11248.99,10,2020-01-22 16:31:23,2020-01-22 16:33:23,158,False,False,False,True,0.791
CHK_01644,checkout_abandonment,2019-11-06 23:36:22,CHK_SESSION_001644,CUST_778,7531.42,INR,7531.42,8,2019-11-06 20:18:22,2019-11-06 20:21:22,195,False,False,False,True,0.793
CHK_01645,checkout_abandonment,2020-02-28 11:18:18,CHK_SESSION_001645,CUST_146,3887.72,INR,3887.72,4,2020-02-28 07:22:18,2020-02-28 07:26:18,232,False,False,False,True,0.798
CHK_01646,checkout_abandonment,2019-09-07 09:45:34,CHK_SESSION_001646,CUST_370,3973.21,INR,3973.21,4,2019-09-07 05:11:34,2019-09-07 05:16:34,269,False,False,False,True,0.692
CHK_01647,checkout_abandonment,2019-05-19 18:01:02,CHK_SESSION_001647,CUST_328,329.51,INR,329.51,1,2019-05-19 12:49:02,2019-05-19 12:55:02,306,False,False,False,True,0.791
CHK_01648,checkout_abandonment,2020-05-09 17:22:22,CHK_SESSION_001648,CUST_663,5183.35,INR,5183.35,5,2020-05-09 11:32:22,2020-05-09 11:39:22,343,False,False,False,True,0.493
CHK_01649,checkout_abandonment,2019-08-19 20:42:38,CHK_SESSION_001649,CUST_661,14272.68,INR,14272.68,10,2019-08-19 14:14:38,2019-08-19 14:22:38,380,False,False,False,True,0.694
CHK_01650,checkout_abandonment,2019-12-29 18:52:35,CHK_SESSION_001650,CUST_486,7322.26,INR,7322.26,7,2019-12-29 11:46:35,2019-12-29 11:55:35,417,False,False,False,True,0.889
CHK_01651,checkout_abandonment,2019-11-16 21:17:36,CHK_SESSION_001651,CUST_138,3222.89,INR,3222.89,3,2019-11-16 13:43:36,2019-11-16 13:43:36,454,False,False,False,True,0.981
CHK_01652,checkout_abandonment,2020-05-16 02:16:35,CHK_SESSION_001652,CUST_445,4388.21,INR,4388.21,4,2020-05-15 18:04:35,2020-05-15 18:05:35,491,False,False,False,True,0.9
CHK_01653,checkout_abandonment,2019-10-17 00:10:51,CHK_SESSION_001653,CUST_799,15317.65,INR,15317.65,10,2019-10-16 15:20:51,2019-10-16 15:22:51,528,False,False,False,True,0.493
CHK_01654,checkout_abandonment,2019-02-04 01:22:28,CHK_SESSION_001654,CUST_46,336.15,INR,336.15,1,2019-02-03 15:54:28,2019-02-03 15:57:28,565,False,False,False,True,0.992
CHK_01655,checkout_abandonment,2019-10-31 23:05:38,CHK_SESSION_001655,CUST_791,5023.16,INR,5023.16,5,2019-10-31 12:59:38,2019-10-31 13:03:38,602,False,False,False,True,0.593
CHK_01656,checkout_abandonment,2020-05-25 01:05:07,CHK_SESSION_001656,CUST_383,1834.3,INR,1834.3,2,2020-05-24 14:21:07,2020-05-24 14:26:07,639,False,False,False,True,0.883
CHK_01657,checkout_abandonment,2020-01-11 01:26:23,CHK_SESSION_001657,CUST_551,9784.87,INR,9784.87,10,2020-01-10 14:04:23,2020-01-10 14:10:23,676,False,False,False,True,0.688
CHK_01658,checkout_abandonment,2020-05-08 06:32:21,CHK_SESSION_001658,CUST_790,767.75,INR,767.75,1,2020-05-07 18:32:21,2020-05-07 18:39:21,713,False,False,False,True,0.695
CHK_01659,checkout_abandonment,2019-09-03 03:34:19,CHK_SESSION_001659,CUST_303,9330.86,INR,9330.86,9,2019-09-02 14:56:19,2019-09-02 15:04:19,750,False,False,False,True,0.602
CHK_01660,checkout_abandonment,2019-10-29 11:33:19,CHK_SESSION_001660,CUST_200,1624.31,INR,1624.31,2,2019-10-28 22:17:19,2019-10-28 22:26:19,787,False,False,False,True,0.894
CHK_01661,checkout_abandonment,2019-12-12 15:56:24,CHK_SESSION_001661,CUST_119,4510.22,INR,4510.22,5,2019-12-12 02:12:24,2019-12-12 02:12:24,824,False,False,False,True,0.697
CHK_01662,checkout_abandonment,2020-06-02 09:33:31,CHK_SESSION_001662,CUST_474,6181.01,INR,6181.01,6,2020-06-01 19:11:31,2020-06-01 19:12:31,861,False,False,False,True,0.893
CHK_01663,checkout_abandonment,2020-04-03 07:33:56,CHK_SESSION_001663,CUST_591,727.08,INR,727.08,1,2020-04-02 16:33:56,2020-04-02 16:35:56,898,False,False,False,True,0.486
CHK_01664,checkout_abandonment,2019-02-05 13:24:29,CHK_SESSION_001664,CUST_781,12371.98,INR,12371.98,10,2019-02-04 21:46:29,2019-02-04 21:49:29,935,False,False,False,True,0.697
CHK_01665,checkout_abandonment,2020-03-16 18:40:24,CHK_SESSION_001665,CUST_558,6613.44,INR,6613.44,7,2020-03-16 02:24:24,2020-03-16 02:28:24,972,False,False,False,True,0.998
CHK_01666,checkout_abandonment,2019-07-28 00:29:48,CHK_SESSION_001666,CUST_683,33404.18,INR,33404.18,10,2019-07-27 07:35:48,2019-07-27 07:40:48,1009,False,False,False,True,0.69
CHK_01667,checkout_abandonment,2020-05-08 17:05:37,CHK_SESSION_001667,CUST_144,4575.79,INR,4575.79,5,2020-05-07 23:33:37,2020-05-07 23:39:37,1046,False,False,False,True,0.896
CHK_01668,checkout_abandonment,2019-12-12 08:41:42,CHK_SESSION_001668,CUST_877,363.54,INR,363.54,1,2019-12-11 14:31:42,2019-12-11 14:38:42,1083,False,False,False,True,0.593
CHK_01669,checkout_abandonment,2019-10-13 12:26:43,CHK_SESSION_001669,CUST_805,5096.2,INR,5096.2,5,2019-10-12 17:38:43,2019-10-12 17:46:43,1120,False,False,False,True,0.677
CHK_01670,checkout_abandonment,2019-10-23 06:25:06,CHK_SESSION_001670,CUST_828,8237.75,INR,8237.75,8,2019-10-22 10:59:06,2019-10-22 11:08:06,1157,False,False,False,True,0.793
CHK_01671,checkout_abandonment,2019-07-10 11:35:49,CHK_SESSION_001671,CUST_494,180.94,INR,180.94,1,2019-07-09 15:41:49,2019-07-09 15:41:49,1194,False,False,False,True,0.891
CHK_01672,checkout_abandonment,2019-12-28 18:38:43,CHK_SESSION_001672,CUST_531,778.54,INR,778.54,1,2019-12-27 22:06:43,2019-12-27 22:07:43,1231,False,False,False,True,0.99
CHK_01673,checkout_abandonment,2019-03-14 14:14:22,CHK_SESSION_001673,CUST_607,1534.67,INR,1534.67,2,2019-03-13 17:04:22,2019-03-13 17:06:22,1268,False,False,False,True,0.792
CHK_01674,checkout_abandonment,2019-08-15 01:11:54,CHK_SESSION_001674,CUST_455,16444.79,INR,16444.79,10,2019-08-14 03:23:54,2019-08-14 03:26:54,1305,False,False,False,True,0.892
CHK_01675,checkout_abandonment,2020-06-19 00:38:08,CHK_SESSION_001675,CUST_685,7876.7,INR,7876.7,8,2020-06-18 02:12:08,2020-06-18 02:16:08,1342,False,False,False,True,0.602
CHK_01676,checkout_abandonment,2020-04-27 15:08:36,CHK_SESSION_001676,CUST_177,8645.28,INR,8645.28,9,2020-04-26 16:04:36,2020-04-26 16:09:36,1379,False,False,False,True,0.8
CHK_01677,checkout_abandonment,2019-04-13 01:57:46,CHK_SESSION_001677,CUST_375,2840.26,INR,2840.26,3,2019-04-12 02:15:46,2019-04-12 02:21:46,1416,False,False,False,True,0.791
CHK_01678,checkout_abandonment,2019-10-02 13:35:52,CHK_SESSION_001678,CUST_684,595.11,INR,595.11,1,2019-10-02 12:46:52,2019-10-02 12:53:52,42,False,False,False,True,0.59
CHK_01679,checkout_abandonment,2019-12-16 18:47:25,CHK_SESSION_001679,CUST_325,10814.9,INR,10814.9,10,2019-12-16 17:20:25,2019-12-16 17:28:25,79,False,False,False,True,0.89
CHK_01680,checkout_abandonment,2020-01-15 20:27:22,CHK_SESSION_001680,CUST_736,146.08,INR,146.08,1,2020-01-15 18:22:22,2020-01-15 18:31:22,116,False,False,False,True,0.793
CHK_01681,checkout_abandonment,2020-01-12 00:15:18,CHK_SESSION_001681,CUST_640,6237.45,INR,6237.45,6,2020-01-11 21:42:18,2020-01-11 21:42:18,153,False,False,False,True,0.595
CHK_01682,checkout_abandonment,2020-06-02 09:19:10,CHK_SESSION_001682,CUST_883,605.07,INR,605.07,1,2020-06-02 06:08:10,2020-06-02 06:09:10,190,False,False,False,True,0.491
CHK_01683,checkout_abandonment,2019-01-15 06:08:39,CHK_SESSION_001683,CUST_373,8635.32,INR,8635.32,9,2019-01-15 02:19:39,2019-01-15 02:21:39,227,False,False,False,True,0.697
CHK_01684,checkout_abandonment,2019-06-16 16:26:28,CHK_SESSION_001684,CUST_533,10120.19,INR,10120.19,10,2019-06-16 11:59:28,2019-06-16 12:02:28,264,False,False,False,True,0.596
CHK_01685,checkout_abandonment,2019-03-04 22:23:11,CHK_SESSION_001685,CUST_215,7723.98,INR,7723.98,8,2019-03-04 17:18:11,2019-03-04 17:22:11,301,False,False,False,True,0.959
CHK_01686,checkout_abandonment,2019-04-22 17:12:40,CHK_SESSION_001686,CUST_626,537.84,INR,537.84,1,2019-04-22 11:29:40,2019-04-22 11:34:40,338,False,False,False,True,0.688
CHK_01687,checkout_abandonment,2019-12-15 02:26:27,CHK_SESSION_001687,CUST_798,4069.49,INR,4069.49,4,2019-12-14 20:05:27,2019-12-14 20:11:27,375,False,False,False,True,0.692
CHK_01688,checkout_abandonment,2019-12-08 08:38:16,CHK_SESSION_001688,CUST_248,721.27,INR,721.27,1,2019-12-08 01:39:16,2019-12-08 01:46:16,412,False,False,False,True,0.59
CHK_01689,checkout_abandonment,2019-04-23 17:25:40,CHK_SESSION_001689,CUST_260,819.21,INR,819.21,1,2019-04-23 09:48:40,2019-04-23 09:56:40,449,False,False,False,True,0.696
CHK_01690,checkout_abandonment,2020-04-09 22:49:20,CHK_SESSION_001690,CUST_273,3032.82,INR,3032.82,3,2020-04-09 14:34:20,2020-04-09 14:43:20,486,False,False,False,True,0.995
CHK_01691,checkout_abandonment,2019-09-02 06:33:06,CHK_SESSION_001691,CUST_715,234.06,INR,234.06,1,2019-09-01 21:50:06,2019-09-01 21:50:06,523,False,False,False,True,0.888
CHK_01692,checkout_abandonment,2019-07-08 12:50:13,CHK_SESSION_001692,CUST_507,139.44,INR,139.44,1,2019-07-08 03:29:13,2019-07-08 03:30:13,560,False,False,False,True,0.793
CHK_01693,checkout_abandonment,2019-02-04 17:36:21,CHK_SESSION_001693,CUST_332,6824.26,INR,6824.26,7,2019-02-04 07:37:21,2019-02-04 07:39:21,597,False,False,False,True,0.683
CHK_01694,checkout_abandonment,2019-12-07 21:05:02,CHK_SESSION_001694,CUST_235,128.65,INR,128.65,1,2019-12-07 10:28:02,2019-12-07 10:31:02,634,False,False,False,True,0.595
CHK_01695,checkout_abandonment,2019-03-19 06:08:02,CHK_SESSION_001695,CUST_113,4080.28,INR,4080.28,4,2019-03-18 18:53:02,2019-03-18 18:57:02,671,False,False,False,True,0.782
CHK_01696,checkout_abandonment,2020-03-18 10:32:29,CHK_SESSION_001696,CUST_698,268.92,INR,268.92,1,2020-03-17 22:39:29,2020-03-17 22:44:29,708,False,False,False,True,0.691
CHK_01697,checkout_abandonment,2019-04-13 17:59:46,CHK_SESSION_001697,CUST_641,5351.01,INR,5351.01,5,2019-04-13 05:28:46,2019-04-13 05:34:46,745,False,False,False,True,0.896
CHK_01698,checkout_abandonment,2019-08-04 12:29:56,CHK_SESSION_001698,CUST_73,6198.44,INR,6198.44,6,2019-08-03 23:20:56,2019-08-03 23:27:56,782,False,False,False,True,0.784
CHK_01699,checkout_abandonment,2019-03-09 19:31:33,CHK_SESSION_001699,CUST_692,6101.33,INR,6101.33,6,2019-03-09 05:44:33,2019-03-09 05:52:33,819,False,False,False,True,0.892
CHK_01700,checkout_abandonment,2020-03-19 23:46:52,CHK_SESSION_001700,CUST_335,97.11,INR,97.11,1,2020-03-19 09:21:52,2020-03-19 09:30:52,856,False,False,False,True,0.696
CHK_01701,checkout_abandonment,2020-05-10 22:24:26,CHK_SESSION_001701,CUST_698,4271.18,INR,4271.18,4,2020-05-10 07:31:26,2020-05-10 07:31:26,893,False,False,False,True,0.691
CHK_01702,checkout_abandonment,2019-10-03 03:53:46,CHK_SESSION_001702,CUST_461,727.91,INR,727.91,1,2019-10-02 12:22:46,2019-10-02 12:23:46,930,False,False,False,True,0.8
CHK_01703,checkout_abandonment,2019-12-02 23:08:43,CHK_SESSION_001703,CUST_95,7456.72,INR,7456.72,7,2019-12-02 06:59:43,2019-12-02 07:01:43,967,False,False,False,True,0.698
CHK_01704,checkout_abandonment,2019-02-06 04:22:23,CHK_SESSION_001704,CUST_368,703.84,INR,703.84,1,2019-02-05 11:35:23,2019-02-05 11:38:23,1004,False,False,False,True,0.99
CHK_01705,checkout_abandonment,2019-04-21 11:55:53,CHK_SESSION_001705,CUST_524,530.37,INR,530.37,1,2019-04-20 18:30:53,2019-04-20 18:34:53,1041,False,False,False,True,0.489
CHK_01706,checkout_abandonment,2019-09-11 04:31:41,CHK_SESSION_001706,CUST_641,2566.36,INR,2566.36,3,2019-09-10 10:28:41,2019-09-10 10:33:41,1078,False,False,False,True,0.896
CHK_01707,checkout_abandonment,2019-05-25 07:47:30,CHK_SESSION_001707,CUST_704,849.92,INR,849.92,1,2019-05-24 13:06:30,2019-05-24 13:12:30,1115,False,False,False,True,0.501
CHK_01708,checkout_abandonment,2019-11-13 08:50:44,CHK_SESSION_001708,CUST_727,6582.73,INR,6582.73,7,2019-11-12 13:31:44,2019-11-12 13:38:44,1152,False,False,False,True,0.87
CHK_01709,checkout_abandonment,2020-05-20 17:58:03,CHK_SESSION_001709,CUST_540,5535.27,INR,5535.27,6,2020-05-19 22:01:03,2020-05-19 22:09:03,1189,False,False,False,True,0.897
CHK_01710,checkout_abandonment,2019-06-02 15:11:18,CHK_SESSION_001710,CUST_888,4978.34,INR,4978.34,5,2019-06-01 18:36:18,2019-06-01 18:45:18,1226,False,False,False,True,0.594
CHK_01711,checkout_abandonment,2019-09-14 03:48:52,CHK_SESSION_001711,CUST_325,672.3,INR,672.3,1,2019-09-13 06:45:52,2019-09-13 06:45:52,1263,False,False,False,True,0.89
CHK_01712,checkout_abandonment,2019-12-18 11:47:30,CHK_SESSION_001712,CUST_138,317.89,INR,317.89,1,2019-12-17 14:06:30,2019-12-17 14:07:30,1300,False,False,False,True,0.981
CHK_01713,checkout_abandonment,2020-03-03 15:36:57,CHK_SESSION_001713,CUST_800,3922.58,INR,3922.58,4,2020-03-02 17:17:57,2020-03-02 17:19:57,1337,False,False,False,True,0.5
CHK_01714,checkout_abandonment,2019-04-21 17:43:47,CHK_SESSION_001714,CUST_16,670.64,INR,670.64,1,2019-04-20 18:46:47,2019-04-20 18:49:47,1374,False,False,False,True,0.8
CHK_01715,checkout_abandonment,2019-10-30 15:09:52,CHK_SESSION_001715,CUST_481,6192.63,INR,6192.63,6,2019-10-29 15:34:52,2019-10-29 15:38:52,1411,False,False,False,True,0.693
CHK_01716,checkout_abandonment,2019-06-10 13:55:32,CHK_SESSION_001716,CUST_864,279.71,INR,279.71,1,2019-06-10 13:13:32,2019-06-10 13:18:32,37,False,False,False,True,0.597
CHK_01717,checkout_abandonment,2019-06-07 13:23:50,CHK_SESSION_001717,CUST_619,385.12,INR,385.12,1,2019-06-07 12:03:50,2019-06-07 12:09:50,74,False,False,False,True,0.784
CHK_01718,checkout_abandonment,2019-12-26 22:17:25,CHK_SESSION_001718,CUST_33,1819.36,INR,1819.36,2,2019-12-26 20:19:25,2019-12-26 20:26:25,111,False,False,False,True,0.989
CHK_01719,checkout_abandonment,2019-10-26 20:33:44,CHK_SESSION_001719,CUST_734,521.24,INR,521.24,1,2019-10-26 17:57:44,2019-10-26 18:05:44,148,False,False,False,True,0.696
CHK_01720,checkout_abandonment,2020-04-18 00:49:31,CHK_SESSION_001720,CUST_280,1966.27,INR,1966.27,2,2020-04-17 21:35:31,2020-04-17 21:44:31,185,False,False,False,True,0.886
CHK_01721,checkout_abandonment,2019-06-28 13:12:51,CHK_SESSION_001721,CUST_449,2182.07,INR,2182.07,2,2019-06-28 09:30:51,2019-06-28 09:30:51,222,False,False,False,True,0.789
CHK_01722,checkout_abandonment,2019-04-21 10:18:39,CHK_SESSION_001722,CUST_756,4960.08,INR,4960.08,5,2019-04-21 05:58:39,2019-04-21 05:59:39,259,False,False,False,True,0.897
CHK_01723,checkout_abandonment,2019-07-07 21:35:09,CHK_SESSION_001723,CUST_764,3119.14,INR,3119.14,3,2019-07-07 16:37:09,2019-07-07 16:39:09,296,False,False,False,True,0.797
CHK_01724,checkout_abandonment,2020-01-29 06:12:03,CHK_SESSION_001724,CUST_30,117.03,INR,117.03,1,2020-01-29 00:36:03,2020-01-29 00:39:03,333,False,False,False,True,0.49
CHK_01725,checkout_abandonment,2019-07-13 04:37:02,CHK_SESSION_001725,CUST_617,956.99,INR,956.99,1,2019-07-12 22:23:02,2019-07-12 22:27:02,370,False,False,False,True,0.693
CHK_01726,checkout_abandonment,2019-05-15 00:04:59,CHK_SESSION_001726,CUST_658,3210.44,INR,3210.44,3,2019-05-14 17:12:59,2019-05-14 17:17:59,407,False,False,False,True,0.892
CHK_01727,checkout_abandonment,2019-06-10 23:22:31,CHK_SESSION_001727,CUST_328,28755.35,INR,28755.35,10,2019-06-10 15:52:31,2019-06-10 15:58:31,444,False,False,False,True,0.791
CHK_01728,checkout_abandonment,2019-05-09 07:02:52,CHK_SESSION_001728,CUST_479,390.93,INR,390.93,1,2019-05-08 22:54:52,2019-05-08 23:01:52,481,False,False,False,True,0.688
CHK_01729,checkout_abandonment,2019-01-22 23:17:35,CHK_SESSION_001729,CUST_483,3273.52,INR,3273.52,3,2019-01-22 14:31:35,2019-01-22 14:39:35,518,False,False,False,True,0.69
CHK_01730,checkout_abandonment,2019-02-25 05:32:15,CHK_SESSION_001730,CUST_159,2387.91,INR,2387.91,2,2019-02-24 20:08:15,2019-02-24 20:17:15,555,False,False,False,True,0.602
CHK_01731,checkout_abandonment,2019-12-02 02:56:19,CHK_SESSION_001731,CUST_743,600.09,INR,600.09,1,2019-12-01 17:04:19,2019-12-01 17:04:19,592,False,False,False,True,0.789
CHK_01732,checkout_abandonment,2019-09-14 09:01:49,CHK_SESSION_001732,CUST_788,422.47,INR,422.47,1,2019-09-13 22:31:49,2019-09-13 22:32:49,629,False,False,False,True,0.594
CHK_01733,checkout_abandonment,2020-02-23 12:47:21,CHK_SESSION_001733,CUST_681,3083.45,INR,3083.45,3,2020-02-23 01:39:21,2020-02-23 01:41:21,666,False,False,False,True,0.592
CHK_01734,checkout_abandonment,2019-06-14 01:27:42,CHK_SESSION_001734,CUST_457,7118.08,INR,7118.08,7,2019-06-13 13:41:42,2019-06-13 13:44:42,703,False,False,False,True,0.696
CHK_01735,checkout_abandonment,2020-01-26 20:03:19,CHK_SESSION_001735,CUST_131,10335.99,INR,10335.99,10,2020-01-26 07:39:19,2020-01-26 07:43:19,740,False,False,False,True,0.695
CHK_01736,checkout_abandonment,2019-06-08 16:05:39,CHK_SESSION_001736,CUST_276,24030.99,INR,24030.99,10,2019-06-08 03:03:39,2019-06-08 03:08:39,777,False,False,False,True,0.694
CHK_01737,checkout_abandonment,2019-11-19 11:20:40,CHK_SESSION_001737,CUST_187,6693.12,INR,6693.12,7,2019-11-18 21:40:40,2019-11-18 21:46:40,814,False,False,False,True,0.8
CHK_01738,checkout_abandonment,2019-11-03 04:16:36,CHK_SESSION_001738,CUST_124,1877.46,INR,1877.46,2,2019-11-02 13:58:36,2019-11-02 14:05:36,851,False,False,False,True,0.991
CHK_01739,checkout_abandonment,2019-01-09 17:28:10,CHK_SESSION_001739,CUST_453,10740.2,INR,10740.2,10,2019-01-09 02:32:10,2019-01-09 02:40:10,888,False,False,False,True,0.783
CHK_01740,checkout_abandonment,2019-01-13 17:36:20,CHK_SESSION_001740,CUST_803,2402.02,INR,2402.02,2,2019-01-13 02:02:20,2019-01-13 02:11:20,925,False,False,False,True,0.598
CHK_01741,checkout_abandonment,2020-03-15 04:04:33,CHK_SESSION_001741,CUST_743,4397.34,INR,4397.34,4,2020-03-14 12:02:33,2020-03-14 12:02:33,962,False,False,False,True,0.789
CHK_01742,checkout_abandonment,2019-01-03 11:23:12,CHK_SESSION_001742,CUST_187,4106.01,INR,4106.01,4,2019-01-02 18:43:12,2019-01-02 18:44:12,999,False,False,False,True,0.8
CHK_01743,checkout_abandonment,2020-06-15 21:02:32,CHK_SESSION_001743,CUST_451,64625.46,INR,64625.46,10,2020-06-15 03:44:32,2020-06-15 03:46:32,1036,False,False,False,True,0.994
CHK_01744,checkout_abandonment,2019-11-09 03:43:26,CHK_SESSION_001744,CUST_284,6382.7,INR,6382.7,6,2019-11-08 09:47:26,2019-11-08 09:50:26,1073,False,False,False,True,0.884
CHK_01745,checkout_abandonment,2019-05-07 18:23:42,CHK_SESSION_001745,CUST_167,16508.7,INR,16508.7,10,2019-05-06 23:49:42,2019-05-06 23:53:42,1110,False,False,False,True,0.89
CHK_01746,checkout_abandonment,2019-06-13 22:35:57,CHK_SESSION_001746,CUST_595,3507.58,INR,3507.58,4,2019-06-13 03:23:57,2019-06-13 03:28:57,1147,False,False,False,True,0.496
CHK_01747,checkout_abandonment,2019-12-23 12:13:59,CHK_SESSION_001747,CUST_467,11259.78,INR,11259.78,10,2019-12-22 16:23:59,2019-12-22 16:29:59,1184,False,False,False,True,0.895
CHK_01748,checkout_abandonment,2020-04-13 08:43:36,CHK_SESSION_001748,CUST_379,4325.13,INR,4325.13,4,2020-04-12 12:15:36,2020-04-12 12:22:36,1221,False,False,False,True,0.696
CHK_01749,checkout_abandonment,2019-04-09 04:43:12,CHK_SESSION_001749,CUST_372,4413.94,INR,4413.94,4,2019-04-08 07:37:12,2019-04-08 07:45:12,1258,False,False,False,True,0.89
CHK_01750,checkout_abandonment,2019-10-10 01:10:50,CHK_SESSION_001750,CUST_551,13344.74,INR,13344.74,10,2019-10-09 03:26:50,2019-10-09 03:35:50,1295,False,False,False,True,0.688
CHK_01751,checkout_abandonment,2020-05-11 03:08:36,CHK_SESSION_001751,CUST_348,5774.31,INR,5774.31,6,2020-05-10 04:56:36,2020-05-10 04:56:36,1332,False,False,False,True,0.994
CHK_01752,checkout_abandonment,2019-06-14 14:45:28,CHK_SESSION_001752,CUST_440,581.83,INR,581.83,1,2019-06-13 15:55:28,2019-06-13 15:56:28,1369,False,False,False,True,0.691
CHK_01753,checkout_abandonment,2019-03-15 09:03:53,CHK_SESSION_001753,CUST_552,5926.2,INR,5926.2,6,2019-03-14 09:35:53,2019-03-14 09:37:53,1406,False,False,False,True,0.889
CHK_01754,checkout_abandonment,2019-12-25 21:50:18,CHK_SESSION_001754,CUST_373,6815.13,INR,6815.13,7,2019-12-25 21:15:18,2019-12-25 21:18:18,32,False,False,False,True,0.697
CHK_01755,checkout_abandonment,2020-02-04 08:44:22,CHK_SESSION_001755,CUST_297,4106.84,INR,4106.84,4,2020-02-04 07:31:22,2020-02-04 07:35:22,69,False,False,False,True,0.696
CHK_01756,checkout_abandonment,2020-03-14 05:22:15,CHK_SESSION_001756,CUST_726,9257.82,INR,9257.82,9,2020-03-14 03:31:15,2020-03-14 03:36:15,106,False,False,False,True,0.489
CHK_01757,checkout_abandonment,2019-01-29 09:31:07,CHK_SESSION_001757,CUST_674,6051.53,INR,6051.53,6,2019-01-29 07:02:07,2019-01-29 07:08:07,143,False,False,False,True,0.596
CHK_01758,checkout_abandonment,2019-01-27 09:42:03,CHK_SESSION_001758,CUST_889,48564.96,INR,48564.96,10,2019-01-27 06:35:03,2019-01-27 06:42:03,180,False,False,False,True,0.494
CHK_01759,checkout_abandonment,2020-01-17 10:51:13,CHK_SESSION_001759,CUST_237,77646.5,INR,77646.5,10,2020-01-17 07:06:13,2020-01-17 07:14:13,217,False,False,False,True,0.795
CHK_01760,checkout_abandonment,2019-01-10 09:42:26,CHK_SESSION_001760,CUST_441,6284.76,INR,6284.76,6,2019-01-10 05:19:26,2019-01-10 05:28:26,254,False,False,False,True,0.883
CHK_01761,checkout_abandonment,2019-06-30 09:30:59,CHK_SESSION_001761,CUST_196,92.13,INR,92.13,1,2019-06-30 04:39:59,2019-06-30 04:39:59,291,False,False,False,True,0.493
CHK_01762,checkout_abandonment,2019-08-30 10:45:06,CHK_SESSION_001762,CUST_127,1457.48,INR,1457.48,1,2019-08-30 05:16:06,2019-08-30 05:17:06,328,False,False,False,True,0.694
CHK_01763,checkout_abandonment,2020-06-15 15:27:43,CHK_SESSION_001763,CUST_150,161.85,INR,161.85,1,2020-06-15 09:20:43,2020-06-15 09:22:43,365,False,False,False,True,0.698
CHK_01764,checkout_abandonment,2020-03-17 21:12:12,CHK_SESSION_001764,CUST_532,8386.32,INR,8386.32,8,2020-03-17 14:27:12,2020-03-17 14:30:12,402,False,False,False,True,0.685
CHK_01765,checkout_abandonment,2019-09-18 13:45:39,CHK_SESSION_001765,CUST_419,16555.18,INR,16555.18,10,2019-09-18 06:22:39,2019-09-18 06:26:39,439,False,False,False,True,0.798
CHK_01766,checkout_abandonment,2019-03-19 15:16:11,CHK_SESSION_001766,CUST_117,14488.48,INR,14488.48,10,2019-03-19 07:15:11,2019-03-19 07:20:11,476,False,False,False,True,0.794
CHK_01767,checkout_abandonment,2020-04-20 04:58:07,CHK_SESSION_001767,CUST_525,751.15,INR,751.15,1,2020-04-19 20:19:07,2020-04-19 20:25:07,513,False,False,False,True,0.79
CHK_01768,checkout_abandonment,2019-08-05 10:20:24,CHK_SESSION_001768,CUST_563,273.9,INR,273.9,1,2019-08-05 01:03:24,2019-08-05 01:10:24,550,False,False,False,True,0.793
CHK_01769,checkout_abandonment,2019-11-13 12:42:55,CHK_SESSION_001769,CUST_622,15722.69,INR,15722.69,10,2019-11-13 02:47:55,2019-11-13 02:55:55,587,False,False,False,True,0.9
CHK_01770,checkout_abandonment,2019-09-25 13:48:28,CHK_SESSION_001770,CUST_616,3241.98,INR,3241.98,3,2019-09-25 03:15:28,2019-09-25 03:24:28,624,False,False,False,True,0.787
CHK_01771,checkout_abandonment,2019-06-07 02:30:57,CHK_SESSION_001771,CUST_678,259.79,INR,259.79,1,2019-06-06 15:29:57,2019-06-06 15:29:57,661,False,False,False,True,0.801
CHK_01772,checkout_abandonment,2019-05-26 23:39:48,CHK_SESSION_001772,CUST_376,606.73,INR,606.73,1,2019-05-26 12:00:48,2019-05-26 12:01:48,698,False,False,False,True,0.991
CHK_01773,checkout_abandonment,2019-09-29 04:40:28,CHK_SESSION_001773,CUST_375,8109.93,INR,8109.93,8,2019-09-28 16:23:28,2019-09-28 16:25:28,735,False,False,False,True,0.791
CHK_01774,checkout_abandonment,2019-01-01 16:44:40,CHK_SESSION_001774,CUST_244,5148.49,INR,5148.49,5,2019-01-01 03:49:40,2019-01-01 03:52:40,772,False,False,False,True,0.901
CHK_01775,checkout_abandonment,2019-10-30 14:56:27,CHK_SESSION_001775,CUST_153,1096.43,INR,1096.43,1,2019-10-30 01:23:27,2019-10-30 01:27:27,809,False,False,False,True,0.595
CHK_01776,checkout_abandonment,2019-08-12 22:02:26,CHK_SESSION_001776,CUST_391,2680.07,INR,2680.07,3,2019-08-12 07:51:26,2019-08-12 07:56:26,846,False,False,False,True,0.695
CHK_01777,checkout_abandonment,2019-05-19 06:16:00,CHK_SESSION_001777,CUST_312,226.59,INR,226.59,1,2019-05-18 15:27:00,2019-05-18 15:33:00,883,False,False,False,True,0.788
CHK_01778,checkout_abandonment,2020-03-06 07:38:57,CHK_SESSION_001778,CUST_325,5759.37,INR,5759.37,6,2020-03-05 16:11:57,2020-03-05 16:18:57,920,False,False,False,True,0.89
CHK_01779,checkout_abandonment,2019-06-16 18:32:58,CHK_SESSION_001779,CUST_401,705.5,INR,705.5,1,2019-06-16 02:27:58,2019-06-16 02:35:58,957,False,False,False,True,0.492
CHK_01780,checkout_abandonment,2019-07-02 07:48:12,CHK_SESSION_001780,CUST_137,10241.37,INR,10241.37,10,2019-07-01 15:05:12,2019-07-01 15:14:12,994,False,False,False,True,0.893
CHK_01781,checkout_abandonment,2020-03-20 06:20:22,CHK_SESSION_001781,CUST_0,6941.29,INR,6941.29,7,2020-03-19 13:09:22,2020-03-19 13:09:22,1031,False,False,False,True,0.79
CHK_01782,checkout_abandonment,2020-01-07 20:46:08,CHK_SESSION_001782,CUST_418,16025.64,INR,16025.64,10,2020-01-07 02:57:08,2020-01-07 02:58:08,1068,False,False,False,True,0.697
CHK_01783,checkout_abandonment,2020-03-17 04:04:46,CHK_SESSION_001783,CUST_671,4030.48,INR,4030.48,4,2020-03-16 09:37:46,2020-03-16 09:39:46,1105,False,False,False,True,0.694
CHK_01784,checkout_abandonment,2020-03-29 18:33:07,CHK_SESSION_001784,CUST_703,2891.72,INR,2891.72,3,2020-03-28 23:28:07,2020-03-28 23:31:07,1142,False,False,False,True,0.693
CHK_01785,checkout_abandonment,2020-01-29 07:39:30,CHK_SESSION_001785,CUST_698,15077.78,INR,15077.78,10,2020-01-28 11:56:30,2020-01-28 12:00:30,1179,False,False,False,True,0.691
CHK_01786,checkout_abandonment,2019-05-21 18:21:50,CHK_SESSION_001786,CUST_641,9740.88,INR,9740.88,10,2019-05-20 22:00:50,2019-05-20 22:05:50,1216,False,False,False,True,0.896
CHK_01787,checkout_abandonment,2019-01-22 17:12:24,CHK_SESSION_001787,CUST_108,1838.45,INR,1838.45,2,2019-01-21 20:13:24,2019-01-21 20:19:24,1253,False,False,False,True,0.792
CHK_01788,checkout_abandonment,2019-01-30 23:18:10,CHK_SESSION_001788,CUST_567,2123.14,INR,2123.14,2,2019-01-30 01:41:10,2019-01-30 01:48:10,1290,False,False,False,True,0.884
CHK_01789,checkout_abandonment,2019-12-17 18:57:38,CHK_SESSION_001789,CUST_708,6485.62,INR,6485.62,6,2019-12-16 20:42:38,2019-12-16 20:50:38,1327,False,False,False,True,0.595
CHK_01790,checkout_abandonment,2019-02-25 18:42:17,CHK_SESSION_001790,CUST_180,65020.54,INR,65020.54,10,2019-02-24 19:49:17,2019-02-24 19:58:17,1364,False,False,False,True,0.981
CHK_01791,checkout_abandonment,2019-12-15 11:53:12,CHK_SESSION_001791,CUST_205,5581.75,INR,5581.75,6,2019-12-14 12:32:12,2019-12-14 12:32:12,1401,False,False,False,True,0.688
CHK_01792,checkout_abandonment,2020-03-06 10:19:52,CHK_SESSION_001792,CUST_328,4722.7,INR,4722.7,5,2020-03-05 10:20:52,2020-03-05 10:21:52,1438,False,False,False,True,0.791
CHK_01793,checkout_abandonment,2019-12-09 12:42:12,CHK_SESSION_001793,CUST_699,1635.1,INR,1635.1,2,2019-12-09 11:36:12,2019-12-09 11:38:12,64,False,False,False,True,0.594
CHK_01794,checkout_abandonment,2019-12-19 16:05:20,CHK_SESSION_001794,CUST_344,6388.51,INR,6388.51,6,2019-12-19 14:21:20,2019-12-19 14:24:20,101,False,False,False,True,0.696
CHK_01795,checkout_abandonment,2019-10-02 07:47:47,CHK_SESSION_001795,CUST_131,4330.11,INR,4330.11,4,2019-10-02 05:25:47,2019-10-02 05:29:47,138,False,False,False,True,0.695
CHK_01796,checkout_abandonment,2020-01-24 07:22:56,CHK_SESSION_001796,CUST_711,8827.05,INR,8827.05,9,2020-01-24 04:22:56,2020-01-24 04:27:56,175,False,False,False,True,0.497
CHK_01797,checkout_abandonment,2019-04-13 18:13:16,CHK_SESSION_001797,CUST_4,6236.62,INR,6236.62,6,2019-04-13 14:35:16,2019-04-13 14:41:16,212,False,False,False,True,0.788
CHK_01798,checkout_abandonment,2020-03-13 02:54:10,CHK_SESSION_001798,CUST_467,480.57,INR,480.57,1,2020-03-12 22:38:10,2020-03-12 22:45:10,249,False,False,False,True,0.895
CHK_01799,checkout_abandonment,2019-12-17 01:17:08,CHK_SESSION_001799,CUST_588,8408.73,INR,8408.73,8,2019-12-16 20:23:08,2019-12-16 20:31:08,286,False,False,False,True,0.991
CHK_01800,checkout_abandonment,2019-09-22 19:46:27,CHK_SESSION_001800,CUST_488,458.99,INR,458.99,1,2019-09-22 14:14:27,2019-09-22 14:23:27,323,False,False,False,True,0.988
CHK_01801,checkout_abandonment,2019-12-07 16:23:09,CHK_SESSION_001801,CUST_51,2531.5,INR,2531.5,3,2019-12-07 10:23:09,2019-12-07 10:23:09,360,False,False,False,True,0.797
CHK_01802,checkout_abandonment,2019-06-23 05:54:58,CHK_SESSION_001802,CUST_397,7961.36,INR,7961.36,8,2019-06-22 23:16:58,2019-06-22 23:17:58,397,False,False,False,True,0.593
CHK_01803,checkout_abandonment,2019-07-18 16:51:13,CHK_SESSION_001803,CUST_466,8289.21,INR,8289.21,8,2019-07-18 09:35:13,2019-07-18 09:37:13,434,False,False,False,True,0.781
CHK_01804,checkout_abandonment,2019-03-04 12:44:18,CHK_SESSION_001804,CUST_533,4019.69,INR,4019.69,4,2019-03-04 04:50:18,2019-03-04 04:53:18,471,False,False,False,True,0.596
CHK_01805,checkout_abandonment,2019-12-03 08:08:55,CHK_SESSION_001805,CUST_301,568.55,INR,568.55,1,2019-12-02 23:36:55,2019-12-02 23:40:55,508,False,False,False,True,0.594
CHK_01806,checkout_abandonment,2019-11-12 00:53:22,CHK_SESSION_001806,CUST_316,1514.75,INR,1514.75,2,2019-11-11 15:43:22,2019-11-11 15:48:22,545,False,False,False,True,0.895
CHK_01807,checkout_abandonment,2019-06-18 02:53:34,CHK_SESSION_001807,CUST_817,163.51,INR,163.51,1,2019-06-17 17:05:34,2019-06-17 17:11:34,582,False,False,False,True,0.592
CHK_01808,checkout_abandonment,2019-08-04 15:11:12,CHK_SESSION_001808,CUST_266,8396.28,INR,8396.28,8,2019-08-04 04:45:12,2019-08-04 04:52:12,619,False,False,False,True,0.792
CHK_01809,checkout_abandonment,2019-05-13 12:53:03,CHK_SESSION_001809,CUST_530,3248.62,INR,3248.62,3,2019-05-13 01:49:03,2019-05-13 01:57:03,656,False,False,False,True,0.783
CHK_01810,checkout_abandonment,2020-01-08 05:09:25,CHK_SESSION_001810,CUST_101,362.71,INR,362.71,1,2020-01-07 17:27:25,2020-01-07 17:36:25,693,False,False,False,True,0.598
CHK_01811,checkout_abandonment,2019-07-22 21:45:57,CHK_SESSION_001811,CUST_407,5858.14,INR,5858.14,6,2019-07-22 09:35:57,2019-07-22 09:35:57,730,False,False,False,True,0.8
CHK_01812,checkout_abandonment,2020-05-29 09:27:18,CHK_SESSION_001812,CUST_145,761.94,INR,761.94,1,2020-05-28 20:39:18,2020-05-28 20:40:18,767,False,False,False,True,0.701
CHK_01813,checkout_abandonment,2020-03-27 02:25:45,CHK_SESSION_001813,CUST_36,2055.91,INR,2055.91,2,2020-03-26 12:59:45,2020-03-26 13:01:45,804,False,False,False,True,0.894
CHK_01814,checkout_abandonment,2019-09-09 15:13:22,CHK_SESSION_001814,CUST_294,7099.82,INR,7099.82,7,2019-09-09 01:09:22,2019-09-09 01:12:22,841,False,False,False,True,0.787
CHK_01815,checkout_abandonment,2020-01-08 05:52:00,CHK_SESSION_001815,CUST_702,117.86,INR,117.86,1,2020-01-07 15:10:00,2020-01-07 15:14:00,878,False,False,False,True,0.696
CHK_01816,checkout_abandonment,2019-02-25 12:35:35,CHK_SESSION_001816,CUST_432,148.57,INR,148.57,1,2019-02-24 21:15:35,2019-02-24 21:20:35,915,False,False,False,True,0.599
CHK_01817,checkout_abandonment,2019-10-12 10:46:55,CHK_SESSION_001817,CUST_423,8394.62,INR,8394.62,8,2019-10-11 18:48:55,2019-10-11 18:54:55,952,False,False,False,True,0.592
CHK_01818,checkout_abandonment,2019-12-24 14:33:37,CHK_SESSION_001818,CUST_750,420.81,INR,420.81,1,2019-12-23 21:57:37,2019-12-23 22:04:37,989,False,False,False,True,0.886
CHK_01819,checkout_abandonment,2019-02-28 17:26:43,CHK_SESSION_001819,CUST_376,17913.06,INR,17913.06,10,2019-02-28 00:12:43,2019-02-28 00:20:43,1026,False,False,False,True,0.991
CHK_01820,checkout_abandonment,2019-12-11 10:16:33,CHK_SESSION_001820,CUST_132,12166.97,INR,12166.97,10,2019-12-10 16:24:33,2019-12-10 16:33:33,1063,False,False,False,True,0.691
CHK_01821,checkout_abandonment,2020-02-28 22:19:25,CHK_SESSION_001821,CUST_229,4819.81,INR,4819.81,5,2020-02-28 03:59:25,2020-02-28 03:59:25,1100,False,False,False,True,0.601
CHK_01822,checkout_abandonment,2020-03-13 13:05:26,CHK_SESSION_001822,CUST_752,3095.9,INR,3095.9,3,2020-03-12 18:07:26,2020-03-12 18:08:26,1137,False,False,False,True,0.689
CHK_01823,checkout_abandonment,2020-05-14 10:35:09,CHK_SESSION_001823,CUST_525,19920.0,INR,19920.0,10,2020-05-13 14:59:09,2020-05-13 15:01:09,1174,False,False,False,True,0.79
CHK_01824,checkout_abandonment,2019-08-20 01:47:34,CHK_SESSION_001824,CUST_5,15147.5,INR,15147.5,10,2019-08-19 05:33:34,2019-08-19 05:36:34,1211,False,False,False,True,0.501
CHK_01825,checkout_abandonment,2020-01-03 02:52:38,CHK_SESSION_001825,CUST_818,3664.45,INR,3664.45,4,2020-01-02 06:00:38,2020-01-02 06:04:38,1248,False,False,False,True,0.692
CHK_01826,checkout_abandonment,2020-04-01 14:12:29,CHK_SESSION_001826,CUST_279,8335.69,INR,8335.69,8,2020-03-31 16:42:29,2020-03-31 16:47:29,1285,False,False,False,True,0.8
CHK_01827,checkout_abandonment,2020-02-07 22:09:49,CHK_SESSION_001827,CUST_745,2437.71,INR,2437.71,2,2020-02-07 00:01:49,2020-02-07 00:07:49,1322,False,False,False,True,0.785
CHK_01828,checkout_abandonment,2019-03-06 05:28:35,CHK_SESSION_001828,CUST_368,11877.3,INR,11877.3,10,2019-03-05 06:42:35,2019-03-05 06:49:35,1359,False,False,False,True,0.99
CHK_01829,checkout_abandonment,2020-02-06 23:41:36,CHK_SESSION_001829,CUST_703,6325.43,INR,6325.43,6,2020-02-06 00:17:36,2020-02-06 00:25:36,1396,False,False,False,True,0.693
CHK_01830,checkout_abandonment,2019-04-13 10:54:02,CHK_SESSION_001830,CUST_533,11090.46,INR,11090.46,10,2019-04-12 10:52:02,2019-04-12 11:01:02,1433,False,False,False,True,0.596
CHK_01831,checkout_abandonment,2019-05-21 01:05:59,CHK_SESSION_001831,CUST_711,13898.35,INR,13898.35,10,2019-05-21 00:06:59,2019-05-21 00:06:59,59,False,False,False,True,0.497
CHK_01832,checkout_abandonment,2019-03-24 20:24:11,CHK_SESSION_001832,CUST_62,1286.5,INR,1286.5,1,2019-03-24 18:47:11,2019-03-24 18:48:11,96,False,False,False,True,0.991
CHK_01833,checkout_abandonment,2020-05-12 17:50:07,CHK_SESSION_001833,CUST_475,161.02,INR,161.02,1,2020-05-12 15:35:07,2020-05-12 15:37:07,133,False,False,False,True,0.798
CHK_01834,checkout_abandonment,2019-12-24 14:33:16,CHK_SESSION_001834,CUST_285,3081.79,INR,3081.79,3,2019-12-24 11:40:16,2019-12-24 11:43:16,170,False,False,False,True,0.794
CHK_01835,checkout_abandonment,2020-06-18 19:52:53,CHK_SESSION_001835,CUST_200,147.74,INR,147.74,1,2020-06-18 16:21:53,2020-06-18 16:25:53,207,False,False,False,True,0.894
CHK_01836,checkout_abandonment,2019-04-06 20:34:57,CHK_SESSION_001836,CUST_561,17888.99,INR,17888.99,10,2019-04-06 16:25:57,2019-04-06 16:30:57,244,False,False,False,True,0.998
CHK_01837,checkout_abandonment,2019-07-13 14:51:03,CHK_SESSION_001837,CUST_536,558.59,INR,558.59,1,2019-07-13 10:04:03,2019-07-13 10:10:03,281,False,False,False,True,0.995
CHK_01838,checkout_abandonment,2020-06-19 18:36:45,CHK_SESSION_001838,CUST_14,2405.34,INR,2405.34,2,2020-06-19 13:11:45,2020-06-19 13:18:45,318,False,False,False,True,0.796
CHK_01839,checkout_abandonment,2019-02-18 02:15:52,CHK_SESSION_001839,CUST_280,247.34,INR,247.34,1,2019-02-17 20:12:52,2019-02-17 20:20:52,355,False,False,False,True,0.886
CHK_01840,checkout_abandonment,2019-07-07 19:39:54,CHK_SESSION_001840,CUST_548,7732.28,INR,7732.28,8,2019-07-07 12:58:54,2019-07-07 13:07:54,392,False,False,False,True,0.778
CHK_01841,checkout_abandonment,2020-02-16 19:56:06,CHK_SESSION_001841,CUST_418,21113.54,INR,21113.54,10,2020-02-16 12:47:06,2020-02-16 12:47:06,429,False,False,False,True,0.697
CHK_01842,checkout_abandonment,2019-04-30 02:34:04,CHK_SESSION_001842,CUST_642,4826.45,INR,4826.45,5,2019-04-29 18:47:04,2019-04-29 18:48:04,466,False,False,False,True,0.8
CHK_01843,checkout_abandonment,2019-10-08 19:09:25,CHK_SESSION_001843,CUST_649,3946.65,INR,3946.65,4,2019-10-08 10:44:25,2019-10-08 10:46:25,503,False,False,False,True,0.69
CHK_01844,checkout_abandonment,2019-01-13 03:19:02,CHK_SESSION_001844,CUST_639,684.75,INR,684.75,1,2019-01-12 18:16:02,2019-01-12 18:19:02,540,False,False,False,True,0.695
CHK_01845,checkout_abandonment,2020-06-18 10:42:53,CHK_SESSION_001845,CUST_547,10631.47,INR,10631.47,10,2020-06-18 01:01:53,2020-06-18 01:05:53,577,False,False,False,True,0.789
CHK_01846,checkout_abandonment,2019-03-23 18:48:32,CHK_SESSION_001846,CUST_611,6949.59,INR,6949.59,7,2019-03-23 08:29:32,2019-03-23 08:34:32,614,False,False,False,True,0.961
CHK_01847,checkout_abandonment,2019-03-05 11:20:33,CHK_SESSION_001847,CUST_419,25572.3,INR,25572.3,10,2019-03-05 00:23:33,2019-03-05 00:29:33,651,False,False,False,True,0.798
CHK_01848,checkout_abandonment,2020-01-28 12:00:36,CHK_SESSION_001848,CUST_699,6195.95,INR,6195.95,6,2020-01-28 00:25:36,2020-01-28 00:32:36,688,False,False,False,True,0.594
CHK_01849,checkout_abandonment,2019-08-03 01:05:18,CHK_SESSION_001849,CUST_733,961.14,INR,961.14,1,2019-08-02 12:52:18,2019-08-02 13:00:18,725,False,False,False,True,0.593
CHK_01850,checkout_abandonment,2019-01-03 07:02:49,CHK_SESSION_001850,CUST_138,13900.01,INR,13900.01,10,2019-01-02 18:11:49,2019-01-02 18:20:49,762,False,False,False,True,0.981
CHK_01851,checkout_abandonment,2020-01-23 22:44:26,CHK_SESSION_001851,CUST_277,591.79,INR,591.79,1,2020-01-23 09:25:26,2020-01-23 09:25:26,799,False,False,False,True,0.689
CHK_01852,checkout_abandonment,2019-08-11 12:15:20,CHK_SESSION_001852,CUST_55,6425.86,INR,6425.86,6,2019-08-10 22:18:20,2019-08-10 22:19:20,836,False,False,False,True,0.696
CHK_01853,checkout_abandonment,2019-01-04 18:13:06,CHK_SESSION_001853,CUST_114,21661.34,INR,21661.34,10,2019-01-04 03:38:06,2019-01-04 03:40:06,873,False,False,False,True,0.497
CHK_01854,checkout_abandonment,2019-05-05 10:11:49,CHK_SESSION_001854,CUST_203,4574.96,INR,4574.96,5,2019-05-04 18:58:49,2019-05-04 19:01:49,910,False,False,False,True,0.697
CHK_01855,checkout_abandonment,2019-10-17 02:39:35,CHK_SESSION_001855,CUST_19,3989.81,INR,3989.81,4,2019-10-16 10:48:35,2019-10-16 10:52:35,947,False,False,False,True,0.891
CHK_01856,checkout_abandonment,2019-07-10 11:34:18,CHK_SESSION_001856,CUST_527,106.24,INR,106.24,1,2019-07-09 19:05:18,2019-07-09 19:10:18,984,False,False,False,True,0.594
CHK_01857,checkout_abandonment,2020-02-28 06:09:28,CHK_SESSION_001857,CUST_573,3656.98,INR,3656.98,4,2020-02-27 13:02:28,2020-02-27 13:08:28,1021,False,False,False,True,0.791
CHK_01858,checkout_abandonment,2020-03-21 10:55:15,CHK_SESSION_001858,CUST_585,354.41,INR,354.41,1,2020-03-20 17:10:15,2020-03-20 17:17:15,1058,False,False,False,True,0.898
CHK_01859,checkout_abandonment,2019-03-19 14:38:22,CHK_SESSION_001859,CUST_692,179.28,INR,179.28,1,2019-03-18 20:15:22,2019-03-18 20:23:22,1095,False,False,False,True,0.892
CHK_01860,checkout_abandonment,2019-06-15 03:53:43,CHK_SESSION_001860,CUST_266,10979.24,INR,10979.24,10,2019-06-14 08:52:43,2019-06-14 09:01:43,1132,False,False,False,True,0.792
CHK_01861,checkout_abandonment,2020-05-17 04:06:21,CHK_SESSION_001861,CUST_691,440.73,INR,440.73,1,2020-05-16 08:37:21,2020-05-16 08:37:21,1169,False,False,False,True,0.895
CHK_01862,checkout_abandonment,2019-05-06 14:08:56,CHK_SESSION_001862,CUST_187,7206.89,INR,7206.89,7,2019-05-05 18:01:56,2019-05-05 18:02:56,1206,False,False,False,True,0.8
CHK_01863,checkout_abandonment,2019-08-06 12:04:11,CHK_SESSION_001863,CUST_435,4092.73,INR,4092.73,4,2019-08-05 15:19:11,2019-08-05 15:21:11,1243,False,False,False,True,0.789
CHK_01864,checkout_abandonment,2019-08-19 02:20:48,CHK_SESSION_001864,CUST_520,10358.4,INR,10358.4,10,2019-08-18 04:57:48,2019-08-18 05:00:48,1280,False,False,False,True,0.692
CHK_01865,checkout_abandonment,2019-03-13 11:34:34,CHK_SESSION_001865,CUST_500,356.9,INR,356.9,1,2019-03-12 13:33:34,2019-03-12 13:37:34,1317,False,False,False,True,0.595
CHK_01866,checkout_abandonment,2019-03-14 01:08:20,CHK_SESSION_001866,CUST_725,4757.56,INR,4757.56,5,2019-03-13 02:29:20,2019-03-13 02:34:20,1354,False,False,False,True,0.687
CHK_01867,checkout_abandonment,2019-06-09 04:50:39,CHK_SESSION_001867,CUST_765,12713.11,INR,12713.11,10,2019-06-08 05:33:39,2019-06-08 05:39:39,1391,False,False,False,True,0.593
CHK_01868,checkout_abandonment,2019-08-05 09:38:57,CHK_SESSION_001868,CUST_471,28478.96,INR,28478.96,10,2019-08-04 09:43:57,2019-08-04 09:50:57,1428,False,False,False,True,0.693
CHK_01869,checkout_abandonment,2019-05-03 08:54:54,CHK_SESSION_001869,CUST_236,12581.97,INR,12581.97,10,2019-05-03 07:52:54,2019-05-03 08:00:54,54,False,False,False,True,0.787
CHK_01870,checkout_abandonment,2019-02-19 18:56:27,CHK_SESSION_001870,CUST_340,2805.4,INR,2805.4,3,2019-02-19 17:16:27,2019-02-19 17:25:27,91,False,False,False,True,0.588
CHK_01871,checkout_abandonment,2019-09-02 23:08:32,CHK_SESSION_001871,CUST_683,3936.69,INR,3936.69,4,2019-09-02 21:00:32,2019-09-02 21:00:32,128,False,False,False,True,0.69
CHK_01872,checkout_abandonment,2020-05-25 09:07:54,CHK_SESSION_001872,CUST_232,4704.44,INR,4704.44,5,2020-05-25 06:21:54,2020-05-25 06:22:54,165,False,False,False,True,0.792
CHK_01873,checkout_abandonment,2019-07-02 11:18:08,CHK_SESSION_001873,CUST_581,3467.74,INR,3467.74,3,2019-07-02 07:54:08,2019-07-02 07:56:08,202,False,False,False,True,0.796
CHK_01874,checkout_abandonment,2019-10-07 17:49:13,CHK_SESSION_001874,CUST_337,4671.24,INR,4671.24,5,2019-10-07 13:47:13,2019-10-07 13:50:13,239,False,False,False,True,0.691
CHK_01875,checkout_abandonment,2019-02-15 02:42:06,CHK_SESSION_001875,CUST_644,5788.42,INR,5788.42,6,2019-02-14 22:02:06,2019-02-14 22:06:06,276,False,False,False,True,0.795
CHK_01876,checkout_abandonment,2020-06-02 04:58:15,CHK_SESSION_001876,CUST_451,533.69,INR,533.69,1,2020-06-01 23:40:15,2020-06-01 23:45:15,313,False,False,False,True,0.994
CHK_01877,checkout_abandonment,2019-08-24 18:08:17,CHK_SESSION_001877,CUST_89,369.35,INR,369.35,1,2019-08-24 12:12:17,2019-08-24 12:18:17,350,False,False,False,True,0.891
CHK_01878,checkout_abandonment,2019-10-05 21:37:38,CHK_SESSION_001878,CUST_488,1321.36,INR,1321.36,1,2019-10-05 15:03:38,2019-10-05 15:10:38,387,False,False,False,True,0.988
CHK_01879,checkout_abandonment,2019-02-11 16:31:26,CHK_SESSION_001879,CUST_833,6442.46,INR,6442.46,6,2019-02-11 09:19:26,2019-02-11 09:27:26,424,False,False,False,True,0.5
CHK_01880,checkout_abandonment,2019-12-01 17:48:55,CHK_SESSION_001880,CUST_114,4570.81,INR,4570.81,5,2019-12-01 09:58:55,2019-12-01 10:07:55,461,False,False,False,True,0.497
CHK_01881,checkout_abandonment,2019-04-14 11:00:53,CHK_SESSION_001881,CUST_16,9668.67,INR,9668.67,10,2019-04-14 02:42:53,2019-04-14 02:42:53,498,False,False,False,True,0.8
CHK_01882,checkout_abandonment,2019-07-12 12:45:53,CHK_SESSION_001882,CUST_308,99.6,INR,99.6,1,2019-07-12 03:49:53,2019-07-12 03:50:53,535,False,False,False,True,0.696
CHK_01883,checkout_abandonment,2020-05-24 02:01:44,CHK_SESSION_001883,CUST_253,277.22,INR,277.22,1,2020-05-23 16:27:44,2020-05-23 16:29:44,572,False,False,False,True,0.695
CHK_01884,checkout_abandonment,2020-04-11 15:10:30,CHK_SESSION_001884,CUST_901,6517.99,INR,6517.99,7,2020-04-11 04:58:30,2020-04-11 05:01:30,609,False,False,False,True,0.494
CHK_01885,checkout_abandonment,2019-01-30 05:54:07,CHK_SESSION_001885,CUST_626,5635.7,INR,5635.7,6,2019-01-29 19:04:07,2019-01-29 19:08:07,646,False,False,False,True,0.688
CHK_01886,checkout_abandonment,2020-01-19 13:53:04,CHK_SESSION_001886,CUST_488,65780.82,INR,65780.82,10,2020-01-19 02:25:04,2020-01-19 02:30:04,683,False,False,False,True,0.988
CHK_01887,checkout_abandonment,2020-04-22 11:27:36,CHK_SESSION_001887,CUST_42,805.1,INR,805.1,1,2020-04-21 23:21:36,2020-04-21 23:27:36,720,False,False,False,True,0.982
CHK_01888,checkout_abandonment,2020-05-15 22:10:05,CHK_SESSION_001888,CUST_13,680.6,INR,680.6,1,2020-05-15 09:26:05,2020-05-15 09:33:05,757,False,False,False,True,0.697
CHK_01889,checkout_abandonment,2020-05-03 05:54:21,CHK_SESSION_001889,CUST_156,8507.5,INR,8507.5,9,2020-05-02 16:32:21,2020-05-02 16:40:21,794,False,False,False,True,0.489
CHK_01890,checkout_abandonment,2019-05-11 16:24:20,CHK_SESSION_001890,CUST_871,2307.4,INR,2307.4,2,2019-05-11 02:24:20,2019-05-11 02:33:20,831,False,False,False,True,0.498
CHK_01891,checkout_abandonment,2019-05-19 07:19:43,CHK_SESSION_001891,CUST_71,1111.37,INR,1111.37,1,2019-05-18 16:51:43,2019-05-18 16:51:43,868,False,False,False,True,0.599
CHK_01892,checkout_abandonment,2020-02-25 07:52:41,CHK_SESSION_001892,CUST_442,6327.92,INR,6327.92,6,2020-02-24 16:46:41,2020-02-24 16:47:41,905,False,False,False,True,0.7
CHK_01893,checkout_abandonment,2019-08-12 10:32:16,CHK_SESSION_001893,CUST_179,9638.79,INR,9638.79,10,2019-08-11 18:48:16,2019-08-11 18:50:16,942,False,False,False,True,0.96
CHK_01894,checkout_abandonment,2019-06-10 12:02:06,CHK_SESSION_001894,CUST_19,7328.07,INR,7328.07,7,2019-06-09 19:40:06,2019-06-09 19:43:06,979,False,False,False,True,0.891
CHK_01895,checkout_abandonment,2020-03-31 00:20:46,CHK_SESSION_001895,CUST_787,4707.76,INR,4707.76,5,2020-03-30 07:20:46,2020-03-30 07:24:46,1016,False,False,False,True,0.688
CHK_01896,checkout_abandonment,2020-04-23 22:19:58,CHK_SESSION_001896,CUST_359,2904.17,INR,2904.17,3,2020-04-23 04:41:58,2020-04-23 04:46:58,1053,False,False,False,True,0.793
CHK_01897,checkout_abandonment,2019-07-17 20:46:48,CHK_SESSION_001897,CUST_566,9195.57,INR,9195.57,9,2019-07-17 02:30:48,2019-07-17 02:36:48,1090,False,False,False,True,0.798
CHK_01898,checkout_abandonment,2019-01-14 00:40:10,CHK_SESSION_001898,CUST_189,10321.05,INR,10321.05,10,2019-01-13 05:46:10,2019-01-13 05:53:10,1127,False,False,False,True,0.786
CHK_01899,checkout_abandonment,2019-05-11 13:16:33,CHK_SESSION_001899,CUST_539,1710.63,INR,1710.63,2,2019-05-10 17:44:33,2019-05-10 17:52:33,1164,False,False,False,True,0.981
CHK_01900,checkout_abandonment,2019-06-24 00:35:49,CHK_SESSION_001900,CUST_269,2841.09,INR,2841.09,3,2019-06-23 04:25:49,2019-06-23 04:34:49,1201,False,False,False,True,0.965
CHK_01901,checkout_abandonment,2019-07-19 15:09:29,CHK_SESSION_001901,CUST_450,302.12,INR,302.12,1,2019-07-18 18:31:29,2019-07-18 18:31:29,1238,False,False,False,True,0.884
CHK_01902,checkout_abandonment,2019-05-14 09:00:43,CHK_SESSION_001902,CUST_661,180.11,INR,180.11,1,2019-05-13 11:44:43,2019-05-13 11:45:43,1275,False,False,False,True,0.694
CHK_01903,checkout_abandonment,2020-02-22 03:01:43,CHK_SESSION_001903,CUST_142,17471.5,INR,17471.5,10,2020-02-21 05:07:43,2020-02-21 05:09:43,1312,False,False,False,True,0.694
CHK_01904,checkout_abandonment,2020-03-31 07:18:11,CHK_SESSION_001904,CUST_385,6660.75,INR,6660.75,7,2020-03-30 08:46:11,2020-03-30 08:49:11,1349,False,False,False,True,0.588
CHK_01905,checkout_abandonment,2020-06-18 11:52:50,CHK_SESSION_001905,CUST_384,823.36,INR,823.36,1,2020-06-17 12:42:50,2020-06-17 12:46:50,1386,False,False,False,True,0.691
CHK_01906,checkout_abandonment,2019-09-30 05:00:50,CHK_SESSION_001906,CUST_2,481.4,INR,481.4,1,2019-09-29 05:12:50,2019-09-29 05:17:50,1423,False,False,False,True,0.497
CHK_01907,checkout_abandonment,2019-05-27 07:18:42,CHK_SESSION_001907,CUST_71,83.83,INR,83.83,1,2019-05-27 06:23:42,2019-05-27 06:29:42,49,False,False,False,True,0.599
CHK_01908,checkout_abandonment,2019-05-24 23:33:40,CHK_SESSION_001908,CUST_781,626.65,INR,626.65,1,2019-05-24 22:00:40,2019-05-24 22:07:40,86,False,False,False,True,0.697
CHK_01909,checkout_abandonment,2020-06-07 00:12:03,CHK_SESSION_001909,CUST_581,1257.45,INR,1257.45,1,2020-06-06 22:01:03,2020-06-06 22:09:03,123,False,False,False,True,0.796
CHK_01910,checkout_abandonment,2019-11-03 15:29:15,CHK_SESSION_001910,CUST_201,15168.25,INR,15168.25,10,2019-11-03 12:40:15,2019-11-03 12:49:15,160,False,False,False,True,0.889
CHK_01911,checkout_abandonment,2019-10-12 02:13:05,CHK_SESSION_001911,CUST_253,10098.61,INR,10098.61,10,2019-10-11 22:56:05,2019-10-11 22:56:05,197,False,False,False,True,0.695
CHK_01912,checkout_abandonment,2020-03-15 22:03:48,CHK_SESSION_001912,CUST_852,33300.43,INR,33300.43,10,2020-03-15 18:08:48,2020-03-15 18:09:48,234,False,False,False,True,0.591
CHK_01913,checkout_abandonment,2019-06-30 00:28:06,CHK_SESSION_001913,CUST_1,9610.57,INR,9610.57,10,2019-06-29 19:55:06,2019-06-29 19:57:06,271,False,False,False,True,0.982
CHK_01914,checkout_abandonment,2019-08-17 16:22:29,CHK_SESSION_001914,CUST_544,3383.91,INR,3383.91,3,2019-08-17 11:11:29,2019-08-17 11:14:29,308,False,False,False,True,0.788
CHK_01915,checkout_abandonment,2019-03-03 00:40:51,CHK_SESSION_001915,CUST_281,13654.33,INR,13654.33,10,2019-03-02 18:51:51,2019-03-02 18:55:51,345,False,False,False,True,0.959
CHK_01916,checkout_abandonment,2019-10-14 21:22:41,CHK_SESSION_001916,CUST_317,4735.15,INR,4735.15,5,2019-10-14 14:55:41,2019-10-14 15:00:41,382,False,False,False,True,0.593
CHK_01917,checkout_abandonment,2019-09-06 18:42:47,CHK_SESSION_001917,CUST_329,3208.78,INR,3208.78,3,2019-09-06 11:37:47,2019-09-06 11:43:47,419,False,False,False,True,0.7
CHK_01918,checkout_abandonment,2019-01-13 22:44:40,CHK_SESSION_001918,CUST_70,2127.29,INR,2127.29,2,2019-01-13 15:01:40,2019-01-13 15:08:40,456,False,False,False,True,0.965
CHK_01919,checkout_abandonment,2019-12-02 02:40:36,CHK_SESSION_001919,CUST_266,7118.08,INR,7118.08,7,2019-12-01 18:19:36,2019-12-01 18:27:36,493,False,False,False,True,0.792
CHK_01920,checkout_abandonment,2020-03-23 00:58:40,CHK_SESSION_001920,CUST_486,9788.19,INR,9788.19,10,2020-03-22 15:59:40,2020-03-22 16:08:40,530,False,False,False,True,0.889
CHK_01921,checkout_abandonment,2019-12-14 21:15:07,CHK_SESSION_001921,CUST_587,1132.12,INR,1132.12,1,2019-12-14 11:48:07,2019-12-14 11:48:07,567,False,False,False,True,0.497
CHK_01922,checkout_abandonment,2019-12-17 15:43:19,CHK_SESSION_001922,CUST_772,4970.04,INR,4970.04,5,2019-12-17 05:38:19,2019-12-17 05:39:19,604,False,False,False,True,0.694
CHK_01923,checkout_abandonment,2019-11-18 14:58:54,CHK_SESSION_001923,CUST_547,13704.13,INR,13704.13,10,2019-11-18 04:15:54,2019-11-18 04:17:54,641,False,False,False,True,0.789
CHK_01924,checkout_abandonment,2020-05-01 06:54:56,CHK_SESSION_001924,CUST_524,695.54,INR,695.54,1,2020-04-30 19:33:56,2020-04-30 19:36:56,678,False,False,False,True,0.489
CHK_01925,checkout_abandonment,2019-10-08 09:48:05,CHK_SESSION_001925,CUST_669,579.34,INR,579.34,1,2019-10-07 21:49:05,2019-10-07 21:53:05,715,False,False,False,True,0.696
CHK_01926,checkout_abandonment,2019-07-28 21:21:00,CHK_SESSION_001926,CUST_158,4312.68,INR,4312.68,4,2019-07-28 08:44:00,2019-07-28 08:49:00,752,False,False,False,True,0.789
CHK_01927,checkout_abandonment,2020-02-11 21:29:22,CHK_SESSION_001927,CUST_237,156.04,INR,156.04,1,2020-02-11 08:14:22,2020-02-11 08:20:22,789,False,False,False,True,0.795
CHK_01928,checkout_abandonment,2019-12-11 11:41:08,CHK_SESSION_001928,CUST_311,1783.67,INR,1783.67,2,2019-12-10 21:48:08,2019-12-10 21:55:08,826,False,False,False,True,0.981
CHK_01929,checkout_abandonment,2020-05-06 00:00:37,CHK_SESSION_001929,CUST_703,1404.36,INR,1404.36,1,2020-05-05 09:29:37,2020-05-05 09:37:37,863,False,False,False,True,0.693
CHK_01930,checkout_abandonment,2020-01-26 23:50:10,CHK_SESSION_001930,CUST_273,15747.59,INR,15747.59,10,2020-01-26 08:41:10,2020-01-26 08:50:10,900,False,False,False,True,0.995
CHK_01931,checkout_abandonment,2019-07-07 21:58:34,CHK_SESSION_001931,CUST_410,11708.81,INR,11708.81,10,2019-07-07 06:21:34,2019-07-07 06:21:34,937,False,False,False,True,0.594
CHK_01932,checkout_abandonment,2020-02-14 13:10:03,CHK_SESSION_001932,CUST_276,1634.27,INR,1634.27,2,2020-02-13 20:55:03,2020-02-13 20:56:03,974,False,False,False,True,0.694
CHK_01933,checkout_abandonment,2019-07-01 19:11:11,CHK_SESSION_001933,CUST_48,5062.17,INR,5062.17,5,2019-07-01 02:18:11,2019-07-01 02:20:11,1011,False,False,False,True,0.491
CHK_01934,checkout_abandonment,2020-02-28 18:54:42,CHK_SESSION_001934,CUST_192,4186.52,INR,4186.52,4,2020-02-28 01:23:42,2020-02-28 01:26:42,1048,False,False,False,True,0.692
CHK_01935,checkout_abandonment,2020-02-16 16:23:30,CHK_SESSION_001935,CUST_479,4242.96,INR,4242.96,4,2020-02-15 22:14:30,2020-02-15 22:18:30,1085,False,False,False,True,0.688
CHK_01936,checkout_abandonment,2019-09-17 14:31:11,CHK_SESSION_001936,CUST_226,406.7,INR,406.7,1,2019-09-16 19:44:11,2019-09-16 19:49:11,1122,False,False,False,True,0.803
CHK_01937,checkout_abandonment,2020-03-17 17:15:27,CHK_SESSION_001937,CUST_319,929.6,INR,929.6,1,2020-03-16 21:50:27,2020-03-16 21:56:27,1159,False,False,False,True,0.696
CHK_01938,checkout_abandonment,2019-12-26 11:45:00,CHK_SESSION_001938,CUST_651,5478.83,INR,5478.83,5,2019-12-25 15:42:00,2019-12-25 15:49:00,1196,False,False,False,True,0.497
CHK_01939,checkout_abandonment,2019-03-13 04:37:43,CHK_SESSION_001939,CUST_849,5795.89,INR,5795.89,6,2019-03-12 07:56:43,2019-03-12 08:04:43,1233,False,False,False,True,0.596
CHK_01940,checkout_abandonment,2019-05-06 19:06:38,CHK_SESSION_001940,CUST_611,18499.04,INR,18499.04,10,2019-05-05 21:47:38,2019-05-05 21:56:38,1270,False,False,False,True,0.961
CHK_01941,checkout_abandonment,2019-10-08 19:43:53,CHK_SESSION_001941,CUST_286,1198.52,INR,1198.52,1,2019-10-07 21:56:53,2019-10-07 21:56:53,1307,False,False,False,True,0.88
CHK_01942,checkout_abandonment,2019-06-09 21:09:57,CHK_SESSION_001942,CUST_368,5329.43,INR,5329.43,5,2019-06-08 22:44:57,2019-06-08 22:45:57,1344,False,False,False,True,0.99
CHK_01943,checkout_abandonment,2019-12-05 19:00:00,CHK_SESSION_001943,CUST_200,9443.74,INR,9443.74,9,2019-12-04 19:57:00,2019-12-04 19:59:00,1381,False,False,False,True,0.894
CHK_01944,checkout_abandonment,2019-03-23 13:48:58,CHK_SESSION_001944,CUST_750,2297.44,INR,2297.44,2,2019-03-22 14:07:58,2019-03-22 14:10:58,1418,False,False,False,True,0.886
CHK_01945,checkout_abandonment,2019-02-26 03:37:45,CHK_SESSION_001945,CUST_474,1537.16,INR,1537.16,2,2019-02-26 02:49:45,2019-02-26 02:53:45,44,False,False,False,True,0.893
CHK_01946,checkout_abandonment,2019-01-11 12:21:31,CHK_SESSION_001946,CUST_236,8096.65,INR,8096.65,8,2019-01-11 10:55:31,2019-01-11 11:00:31,81,False,False,False,True,0.787
CHK_01947,checkout_abandonment,2019-12-06 12:15:26,CHK_SESSION_001947,CUST_374,1743.0,INR,1743.0,2,2019-12-06 10:11:26,2019-12-06 10:17:26,118,False,False,False,True,0.696
CHK_01948,checkout_abandonment,2019-07-19 17:46:56,CHK_SESSION_001948,CUST_380,438.24,INR,438.24,1,2019-07-19 15:04:56,2019-07-19 15:11:56,155,False,False,False,True,0.695
CHK_01949,checkout_abandonment,2019-08-12 20:18:29,CHK_SESSION_001949,CUST_89,297.14,INR,297.14,1,2019-08-12 16:58:29,2019-08-12 17:06:29,192,False,False,False,True,0.891
CHK_01950,checkout_abandonment,2020-02-23 00:56:57,CHK_SESSION_001950,CUST_626,6552.85,INR,6552.85,7,2020-02-22 20:58:57,2020-02-22 21:07:57,229,False,False,False,True,0.688
CHK_01951,checkout_abandonment,2020-01-03 15:19:45,CHK_SESSION_001951,CUST_515,52462.64,INR,52462.64,10,2020-01-03 10:53:45,2020-01-03 10:53:45,266,False,False,False,True,0.492
CHK_01952,checkout_abandonment,2019-03-28 16:55:28,CHK_SESSION_001952,CUST_103,62216.8,INR,62216.8,10,2019-03-28 11:51:28,2019-03-28 11:52:28,303,False,False,False,True,0.692
CHK_01953,checkout_abandonment,2020-01-05 15:39:52,CHK_SESSION_001953,CUST_625,4120.12,INR,4120.12,4,2020-01-05 09:57:52,2020-01-05 09:59:52,340,False,False,False,True,0.899
CHK_01954,checkout_abandonment,2019-12-09 15:29:02,CHK_SESSION_001954,CUST_328,753.64,INR,753.64,1,2019-12-09 09:09:02,2019-12-09 09:12:02,377,False,False,False,True,0.791
CHK_01955,checkout_abandonment,2019-09-21 07:30:50,CHK_SESSION_001955,CUST_631,122.84,INR,122.84,1,2019-09-21 00:32:50,2019-09-21 00:36:50,414,False,False,False,True,0.589
CHK_01956,checkout_abandonment,2019-12-22 18:05:39,CHK_SESSION_001956,CUST_13,586.81,INR,586.81,1,2019-12-22 10:29:39,2019-12-22 10:34:39,451,False,False,False,True,0.697
CHK_01957,checkout_abandonment,2020-02-15 00:05:59,CHK_SESSION_001957,CUST_11,6737.94,INR,6737.94,7,2020-02-14 15:51:59,2020-02-14 15:57:59,488,False,False,False,True,0.786
CHK_01958,checkout_abandonment,2019-02-12 17:37:49,CHK_SESSION_001958,CUST_363,8468.49,INR,8468.49,8,2019-02-12 08:45:49,2019-02-12 08:52:49,525,False,False,False,True,0.594
CHK_01959,checkout_abandonment,2019-05-11 05:24:13,CHK_SESSION_001959,CUST_756,43941.03,INR,43941.03,10,2019-05-10 19:54:13,2019-05-10 20:02:13,562,False,False,False,True,0.897
CHK_01960,checkout_abandonment,2019-07-13 19:58:40,CHK_SESSION_001960,CUST_247,6288.91,INR,6288.91,6,2019-07-13 09:50:40,2019-07-13 09:59:40,599,False,False,False,True,0.696
CHK_01961,checkout_abandonment,2020-02-20 18:58:52,CHK_SESSION_001961,CUST_397,4687.01,INR,4687.01,5,2020-02-20 08:22:52,2020-02-20 08:22:52,636,False,False,False,True,0.593
CHK_01962,checkout_abandonment,2019-06-26 06:54:28,CHK_SESSION_001962,CUST_656,940.39,INR,940.39,1,2019-06-25 19:40:28,2019-06-25 19:41:28,673,False,False,False,True,0.692
CHK_01963,checkout_abandonment,2020-03-10 13:57:20,CHK_SESSION_001963,CUST_479,9069.41,INR,9069.41,9,2020-03-10 02:05:20,2020-03-10 02:07:20,710,False,False,False,True,0.688
CHK_01964,checkout_abandonment,2019-03-31 18:34:24,CHK_SESSION_001964,CUST_561,17368.58,INR,17368.58,10,2019-03-31 06:04:24,2019-03-31 06:07:24,747,False,False,False,True,0.998
CHK_01965,checkout_abandonment,2019-09-27 17:06:44,CHK_SESSION_001965,CUST_798,6076.43,INR,6076.43,6,2019-09-27 03:58:44,2019-09-27 04:02:44,784,False,False,False,True,0.692
CHK_01966,checkout_abandonment,2020-06-14 06:24:56,CHK_SESSION_001966,CUST_58,1714.78,INR,1714.78,2,2020-06-13 16:38:56,2020-06-13 16:43:56,821,False,False,False,True,0.787
CHK_01967,checkout_abandonment,2020-04-27 02:18:17,CHK_SESSION_001967,CUST_168,3964.91,INR,3964.91,4,2020-04-26 11:54:17,2020-04-26 12:00:17,858,False,False,False,True,0.895
CHK_01968,checkout_abandonment,2019-12-05 05:28:31,CHK_SESSION_001968,CUST_603,1176.94,INR,1176.94,1,2019-12-04 14:26:31,2019-12-04 14:33:31,895,False,False,False,True,0.687
CHK_01969,checkout_abandonment,2019-01-26 13:01:06,CHK_SESSION_001969,CUST_40,8948.23,INR,8948.23,9,2019-01-25 21:21:06,2019-01-25 21:29:06,932,False,False,False,True,0.893
CHK_01970,checkout_abandonment,2019-08-07 20:09:57,CHK_SESSION_001970,CUST_619,5165.09,INR,5165.09,5,2019-08-07 03:51:57,2019-08-07 04:00:57,969,False,False,False,True,0.784
CHK_01971,checkout_abandonment,2019-09-21 20:17:16,CHK_SESSION_001971,CUST_583,10079.52,INR,10079.52,10,2019-09-21 03:31:16,2019-09-21 03:31:16,1006,False,False,False,True,0.691
CHK_01972,checkout_abandonment,2019-12-18 14:33:29,CHK_SESSION_001972,CUST_200,313.74,INR,313.74,1,2019-12-17 21:09:29,2019-12-17 21:10:29,1043,False,False,False,True,0.894
CHK_01973,checkout_abandonment,2019-07-08 17:12:56,CHK_SESSION_001973,CUST_636,112.05,INR,112.05,1,2019-07-07 23:10:56,2019-07-07 23:12:56,1080,False,False,False,True,0.795
CHK_01974,checkout_abandonment,2019-07-29 16:31:27,CHK_SESSION_001974,CUST_86,225.76,INR,225.76,1,2019-07-28 21:51:27,2019-07-28 21:54:27,1117,False,False,False,True,0.999
CHK_01975,checkout_abandonment,2019-09-26 00:10:40,CHK_SESSION_001975,CUST_273,15498.59,INR,15498.59,10,2019-09-25 04:52:40,2019-09-25 04:56:40,1154,False,False,False,True,0.995
CHK_01976,checkout_abandonment,2019-12-09 09:14:19,CHK_SESSION_001976,CUST_473,7667.54,INR,7667.54,8,2019-12-08 13:18:19,2019-12-08 13:23:19,1191,False,False,False,True,0.595
CHK_01977,checkout_abandonment,2019-02-05 18:52:00,CHK_SESSION_001977,CUST_62,389.27,INR,389.27,1,2019-02-04 22:18:00,2019-02-04 22:24:00,1228,False,False,False,True,0.991
CHK_01978,checkout_abandonment,2020-06-03 12:07:41,CHK_SESSION_001978,CUST_521,4456.27,INR,4456.27,4,2020-06-02 14:55:41,2020-06-02 15:02:41,1265,False,False,False,True,0.698
CHK_01979,checkout_abandonment,2019-01-19 20:53:10,CHK_SESSION_001979,CUST_419,7723.15,INR,7723.15,8,2019-01-18 23:03:10,2019-01-18 23:11:10,1302,False,False,False,True,0.798
CHK_01980,checkout_abandonment,2020-01-22 22:10:01,CHK_SESSION_001980,CUST_531,4182.37,INR,4182.37,4,2020-01-21 23:42:01,2020-01-21 23:51:01,1339,False,False,False,True,0.99
CHK_01981,checkout_abandonment,2019-05-14 14:49:28,CHK_SESSION_001981,CUST_637,200.03,INR,200.03,1,2019-05-13 15:53:28,2019-05-13 15:53:28,1376,False,False,False,True,0.588
CHK_01982,checkout_abandonment,2020-05-26 04:48:10,CHK_SESSION_001982,CUST_367,4643.02,INR,4643.02,5,2020-05-25 05:14:10,2020-05-25 05:15:10,1413,False,False,False,True,0.695
CHK_01983,checkout_abandonment,2019-09-11 18:59:26,CHK_SESSION_001983,CUST_603,7313.13,INR,7313.13,7,2019-09-11 18:18:26,2019-09-11 18:20:26,39,False,False,False,True,0.687
CHK_01984,checkout_abandonment,2019-04-22 13:12:47,CHK_SESSION_001984,CUST_332,3371.46,INR,3371.46,3,2019-04-22 11:53:47,2019-04-22 11:56:47,76,False,False,False,True,0.683
CHK_01985,checkout_abandonment,2019-05-12 18:50:32,CHK_SESSION_001985,CUST_287,2128.12,INR,2128.12,2,2019-05-12 16:53:32,2019-05-12 16:57:32,113,False,False,False,True,0.9
CHK_01986,checkout_abandonment,2019-10-14 21:41:04,CHK_SESSION_001986,CUST_579,653.21,INR,653.21,1,2019-10-14 19:06:04,2019-10-14 19:11:04,150,False,False,False,True,0.89
CHK_01987,checkout_abandonment,2020-01-06 14:19:48,CHK_SESSION_001987,CUST_703,6074.77,INR,6074.77,6,2020-01-06 11:06:48,2020-01-06 11:12:48,187,False,False,False,True,0.693
CHK_01988,checkout_abandonment,2019-05-02 12:25:07,CHK_SESSION_001988,CUST_627,4327.62,INR,4327.62,4,2019-05-02 08:34:07,2019-05-02 08:41:07,224,False,False,False,True,0.595
CHK_01989,checkout_abandonment,2020-02-24 04:21:07,CHK_SESSION_001989,CUST_168,760.28,INR,760.28,1,2020-02-23 23:52:07,2020-02-24 00:00:07,261,False,False,False,True,0.895
CHK_01990,checkout_abandonment,2020-04-11 03:29:11,CHK_SESSION_001990,CUST_279,4108.5,INR,4108.5,4,2020-04-10 22:22:11,2020-04-10 22:31:11,298,False,False,False,True,0.8
CHK_01991,checkout_abandonment,2019-10-04 19:43:35,CHK_SESSION_001991,CUST_802,1574.51,INR,1574.51,2,2019-10-04 14:08:35,2019-10-04 14:08:35,335,False,False,False,True,0.694
CHK_01992,checkout_abandonment,2020-02-14 05:26:41,CHK_SESSION_001992,CUST_867,6524.63,INR,6524.63,7,2020-02-13 23:13:41,2020-02-13 23:14:41,372,False,False,False,True,0.49
CHK_01993,checkout_abandonment,2019-10-29 23:18:32,CHK_SESSION_001993,CUST_46,6156.11,INR,6156.11,6,2019-10-29 16:27:32,2019-10-29 16:29:32,409,False,False,False,True,0.992
CHK_01994,checkout_abandonment,2019-04-01 12:07:14,CHK_SESSION_001994,CUST_125,6219.19,INR,6219.19,6,2019-04-01 04:38:14,2019-04-01 04:41:14,446,False,False,False,True,0.684
CHK_01995,checkout_abandonment,2020-02-02 23:38:46,CHK_SESSION_001995,CUST_715,14377.26,INR,14377.26,10,2020-02-02 15:31:46,2020-02-02 15:35:46,483,False,False,False,True,0.888
CHK_01996,checkout_abandonment,2019-06-18 04:11:44,CHK_SESSION_001996,CUST_477,83162.68,INR,83162.68,10,2019-06-17 19:26:44,2019-06-17 19:31:44,520,False,False,False,True,0.595
CHK_01997,checkout_abandonment,2019-12-31 00:42:05,CHK_SESSION_001997,CUST_259,8057.64,INR,8057.64,8,2019-12-30 15:19:05,2019-12-30 15:25:05,557,False,False,False,True,0.705
CHK_01998,checkout_abandonment,2020-03-28 13:18:51,CHK_SESSION_001998,CUST_213,30656.88,INR,30656.88,10,2020-03-28 03:17:51,2020-03-28 03:24:51,594,False,False,False,True,0.791
CHK_01999,checkout_abandonment,2019-07-25 02:19:42,CHK_SESSION_001999,CUST_462,5828.26,INR,5828.26,6,2019-07-24 15:40:42,2019-07-24 15:48:42,631,False,False,False,True,0.791
CHK_02000,checkout_abandonment,2019-05-13 12:44:22,CHK_SESSION_002000,CUST_425,151.89,INR,151.89,1,2019-05-13 01:27:22,2019-05-13 01:36:22,668,False,False,False,True,0.696
