case_id,event_type,amount,customer_profile,problem_summary,root_cause,action_taken,policy_result,outcome,recovered_amount,days_to_recovery
CASE_00001,payment_failure,8209.53,Returning customer with historical transaction activity.,"Payment of ₹8,209.53 failed during the payment flow.",mandate_failure,mandate_retry,approved,recovered,8209.53,1
CASE_00002,payment_failure,12562.05,Returning customer with historical transaction activity.,"Payment of ₹12,562.05 failed during the payment flow.",bank_timeout,delayed_retry,approved,recovered,12562.05,2
CASE_00003,payment_failure,5604.16,Returning customer with historical transaction activity.,"Payment of ₹5,604.16 failed during the payment flow.",expired_card,payment_method_update,approved,failed,0.0,0
CASE_00004,payment_failure,214.97,Returning customer with historical transaction activity.,Payment of ₹214.97 failed during the payment flow.,bank_timeout,delayed_retry,approved,failed,0.0,0
CASE_00005,payment_failure,4073.64,Returning customer with historical transaction activity.,"Payment of ₹4,073.64 failed during the payment flow.",fraud_risk,block_and_escalate,blocked,blocked,0.0,0
CASE_00006,payment_failure,6051.53,Returning customer with historical transaction activity.,"Payment of ₹6,051.53 failed during the payment flow.",expired_card,payment_method_update,approved,failed,0.0,0
CASE_00007,payment_failure,2561.38,Returning customer with historical transaction activity.,"Payment of ₹2,561.38 failed during the payment flow.",insufficient_funds,delayed_retry,approved,recovered,2561.38,1
CASE_00008,payment_failure,6195.12,Returning customer with historical transaction activity.,"Payment of ₹6,195.12 failed during the payment flow.",mandate_failure,mandate_retry,approved,failed,0.0,0
CASE_00009,payment_failure,4900.32,Returning customer with historical transaction activity.,"Payment of ₹4,900.32 failed during the payment flow.",bank_timeout,delayed_retry,approved,recovered,4900.32,2
CASE_00010,payment_failure,656.53,Returning customer with historical transaction activity.,Payment of ₹656.53 failed during the payment flow.,insufficient_funds,delayed_retry,approved,failed,0.0,0
CASE_00011,payment_failure,5443.97,Returning customer with historical transaction activity.,"Payment of ₹5,443.97 failed during the payment flow.",network_error,retry,approved,recovered,5443.97,2
CASE_00012,payment_failure,820.87,Returning customer with historical transaction activity.,Payment of ₹820.87 failed during the payment flow.,bank_timeout,delayed_retry,approved,recovered,820.87,1
CASE_00013,payment_failure,164.34,Returning customer with historical transaction activity.,Payment of ₹164.34 failed during the payment flow.,bank_timeout,delayed_retry,approved,recovered,164.34,1
CASE_00014,payment_failure,4075.3,Returning customer with historical transaction activity.,"Payment of ₹4,075.30 failed during the payment flow.",network_error,retry,approved,recovered,4075.3,3
CASE_00015,payment_failure,11849.08,Returning customer with historical transaction activity.,"Payment of ₹11,849.08 failed during the payment flow.",insufficient_funds,delayed_retry,approved,recovered,11849.08,3
CASE_00016,payment_failure,129.48,Returning customer with historical transaction activity.,Payment of ₹129.48 failed during the payment flow.,bank_timeout,delayed_retry,approved,recovered,129.48,2
CASE_00017,payment_failure,766.09,Returning customer with historical transaction activity.,Payment of ₹766.09 failed during the payment flow.,network_error,retry,approved,recovered,766.09,2
CASE_00018,payment_failure,5233.98,Returning customer with historical transaction activity.,"Payment of ₹5,233.98 failed during the payment flow.",bank_timeout,delayed_retry,approved,recovered,5233.98,3
CASE_00019,payment_failure,2317.36,Returning customer with historical transaction activity.,"Payment of ₹2,317.36 failed during the payment flow.",mandate_failure,mandate_retry,approved,partial,1282.32,3
CASE_00020,payment_failure,6471.51,Returning customer with historical transaction activity.,"Payment of ₹6,471.51 failed during the payment flow.",bank_timeout,delayed_retry,approved,failed,0.0,0
CASE_00021,payment_failure,523.73,Returning customer with historical transaction activity.,Payment of ₹523.73 failed during the payment flow.,expired_card,payment_method_update,approved,recovered,523.73,2
CASE_00022,payment_failure,373.5,Returning customer with historical transaction activity.,Payment of ₹373.50 failed during the payment flow.,network_error,retry,approved,recovered,373.5,3
CASE_00023,payment_failure,12070.69,Returning customer with historical transaction activity.,"Payment of ₹12,070.69 failed during the payment flow.",network_error,retry,approved,recovered,12070.69,3
CASE_00024,payment_failure,212.48,Returning customer with historical transaction activity.,Payment of ₹212.48 failed during the payment flow.,insufficient_funds,delayed_retry,approved,partial,77.33,3
CASE_00025,payment_failure,16160.1,Returning customer with historical transaction activity.,"Payment of ₹16,160.10 failed during the payment flow.",network_error,retry,approved,recovered,16160.1,2
CASE_00026,payment_failure,2450.99,Returning customer with historical transaction activity.,"Payment of ₹2,450.99 failed during the payment flow.",expired_card,payment_method_update,approved,failed,0.0,0
CASE_00027,payment_failure,12155.35,Returning customer with historical transaction activity.,"Payment of ₹12,155.35 failed during the payment flow.",insufficient_funds,delayed_retry,approved,recovered,12155.35,2
CASE_00028,payment_failure,711.31,Returning customer with historical transaction activity.,Payment of ₹711.31 failed during the payment flow.,expired_card,payment_method_update,approved,recovered,711.31,2
CASE_00029,payment_failure,284.69,Returning customer with historical transaction activity.,Payment of ₹284.69 failed during the payment flow.,network_error,retry,approved,recovered,284.69,3
CASE_00030,payment_failure,16833.23,Returning customer with historical transaction activity.,"Payment of ₹16,833.23 failed during the payment flow.",network_error,retry,approved,recovered,16833.23,3
CASE_00031,payment_failure,9030.4,Returning customer with historical transaction activity.,"Payment of ₹9,030.40 failed during the payment flow.",network_error,retry,approved,recovered,9030.4,3
CASE_00032,payment_failure,3056.89,Returning customer with historical transaction activity.,"Payment of ₹3,056.89 failed during the payment flow.",insufficient_funds,delayed_retry,approved,failed,0.0,0
CASE_00033,payment_failure,9523.42,Returning customer with historical transaction activity.,"Payment of ₹9,523.42 failed during the payment flow.",mandate_failure,mandate_retry,approved,recovered,9523.42,2
CASE_00034,payment_failure,7846.82,Returning customer with historical transaction activity.,"Payment of ₹7,846.82 failed during the payment flow.",expired_card,payment_method_update,approved,recovered,7846.82,2
CASE_00035,payment_failure,4570.81,Returning customer with historical transaction activity.,"Payment of ₹4,570.81 failed during the payment flow.",insufficient_funds,delayed_retry,approved,failed,0.0,0
CASE_00036,payment_failure,5780.95,Returning customer with historical transaction activity.,"Payment of ₹5,780.95 failed during the payment flow.",mandate_failure,mandate_retry,approved,recovered,5780.95,1
CASE_00037,payment_failure,5971.85,Returning customer with historical transaction activity.,"Payment of ₹5,971.85 failed during the payment flow.",bank_timeout,delayed_retry,approved,recovered,5971.85,3
CASE_00038,payment_failure,971.93,Returning customer with historical transaction activity.,Payment of ₹971.93 failed during the payment flow.,bank_timeout,delayed_retry,approved,recovered,971.93,2
CASE_00039,payment_failure,1783.67,Returning customer with historical transaction activity.,"Payment of ₹1,783.67 failed during the payment flow.",network_error,retry,approved,recovered,1783.67,2
CASE_00040,payment_failure,186.75,Returning customer with historical transaction activity.,Payment of ₹186.75 failed during the payment flow.,mandate_failure,mandate_retry,approved,failed,0.0,0
CASE_00041,payment_failure,3287.63,Returning customer with historical transaction activity.,"Payment of ₹3,287.63 failed during the payment flow.",mandate_failure,mandate_retry,approved,recovered,3287.63,2
CASE_00042,payment_failure,350.26,Returning customer with historical transaction activity.,Payment of ₹350.26 failed during the payment flow.,insufficient_funds,delayed_retry,approved,recovered,350.26,3
CASE_00043,payment_failure,20525.9,Returning customer with historical transaction activity.,"Payment of ₹20,525.90 failed during the payment flow.",insufficient_funds,delayed_retry,approved,recovered,20525.9,1
CASE_00044,payment_failure,7114.76,Returning customer with historical transaction activity.,"Payment of ₹7,114.76 failed during the payment flow.",insufficient_funds,delayed_retry,approved,recovered,7114.76,3
CASE_00045,payment_failure,10926.12,Returning customer with historical transaction activity.,"Payment of ₹10,926.12 failed during the payment flow.",insufficient_funds,delayed_retry,approved,recovered,10926.12,1
CASE_00046,payment_failure,6219.19,Returning customer with historical transaction activity.,"Payment of ₹6,219.19 failed during the payment flow.",mandate_failure,mandate_retry,approved,recovered,6219.19,2
CASE_00047,payment_failure,12030.02,Returning customer with historical transaction activity.,"Payment of ₹12,030.02 failed during the payment flow.",network_error,retry,approved,recovered,12030.02,2
CASE_00048,payment_failure,322.04,Returning customer with historical transaction activity.,Payment of ₹322.04 failed during the payment flow.,network_error,retry,approved,partial,110.82,6
CASE_00049,payment_failure,1181.92,Returning customer with historical transaction activity.,"Payment of ₹1,181.92 failed during the payment flow.",bank_timeout,delayed_retry,approved,recovered,1181.92,3
CASE_00050,payment_failure,577.68,Returning customer with historical transaction activity.,Payment of ₹577.68 failed during the payment flow.,network_error,retry,approved,recovered,577.68,2
CASE_00051,payment_failure,3538.29,Returning customer with historical transaction activity.,"Payment of ₹3,538.29 failed during the payment flow.",insufficient_funds,delayed_retry,approved,failed,0.0,0
CASE_00052,payment_failure,7783.74,Returning customer with historical transaction activity.,"Payment of ₹7,783.74 failed during the payment flow.",network_error,retry,approved,recovered,7783.74,3
CASE_00053,payment_failure,272.24,Returning customer with historical transaction activity.,Payment of ₹272.24 failed during the payment flow.,network_error,retry,approved,recovered,272.24,2
CASE_00054,payment_failure,2234.36,Returning customer with historical transaction activity.,"Payment of ₹2,234.36 failed during the payment flow.",insufficient_funds,delayed_retry,approved,recovered,2234.36,1
CASE_00055,payment_failure,9054.47,Returning customer with historical transaction activity.,"Payment of ₹9,054.47 failed during the payment flow.",network_error,retry,approved,recovered,9054.47,2
CASE_00056,payment_failure,8312.45,Returning customer with historical transaction activity.,"Payment of ₹8,312.45 failed during the payment flow.",insufficient_funds,delayed_retry,approved,recovered,8312.45,2
CASE_00057,payment_failure,3954.95,Returning customer with historical transaction activity.,"Payment of ₹3,954.95 failed during the payment flow.",mandate_failure,mandate_retry,approved,recovered,3954.95,3
CASE_00058,payment_failure,2596.24,Returning customer with historical transaction activity.,"Payment of ₹2,596.24 failed during the payment flow.",bank_timeout,delayed_retry,approved,recovered,2596.24,2
CASE_00059,payment_failure,16006.55,Returning customer with historical transaction activity.,"Payment of ₹16,006.55 failed during the payment flow.",bank_timeout,delayed_retry,approved,recovered,16006.55,3
CASE_00060,payment_failure,4345.05,Returning customer with historical transaction activity.,"Payment of ₹4,345.05 failed during the payment flow.",insufficient_funds,delayed_retry,approved,recovered,4345.05,2
CASE_00061,payment_failure,1139.59,Returning customer with historical transaction activity.,"Payment of ₹1,139.59 failed during the payment flow.",insufficient_funds,delayed_retry,approved,recovered,1139.59,3
CASE_00062,payment_failure,3818.83,Returning customer with historical transaction activity.,"Payment of ₹3,818.83 failed during the payment flow.",network_error,retry,approved,recovered,3818.83,3
CASE_00063,payment_failure,135.29,Returning customer with historical transaction activity.,Payment of ₹135.29 failed during the payment flow.,network_error,retry,approved,recovered,135.29,3
CASE_00064,payment_failure,3606.35,Returning customer with historical transaction activity.,"Payment of ₹3,606.35 failed during the payment flow.",mandate_failure,mandate_retry,approved,recovered,3606.35,3
CASE_00065,payment_failure,3054.4,Returning customer with historical transaction activity.,"Payment of ₹3,054.40 failed during the payment flow.",bank_timeout,delayed_retry,approved,recovered,3054.4,1
CASE_00066,payment_failure,6062.32,Returning customer with historical transaction activity.,"Payment of ₹6,062.32 failed during the payment flow.",insufficient_funds,delayed_retry,approved,partial,4000.08,3
CASE_00067,payment_failure,2889.23,Returning customer with historical transaction activity.,"Payment of ₹2,889.23 failed during the payment flow.",network_error,retry,approved,recovered,2889.23,1
CASE_00068,payment_failure,22165.15,Returning customer with historical transaction activity.,"Payment of ₹22,165.15 failed during the payment flow.",mandate_failure,mandate_retry,approved,recovered,22165.15,2
CASE_00069,payment_failure,15662.93,Returning customer with historical transaction activity.,"Payment of ₹15,662.93 failed during the payment flow.",expired_card,payment_method_update,approved,failed,0.0,0
CASE_00070,payment_failure,697.2,Returning customer with historical transaction activity.,Payment of ₹697.20 failed during the payment flow.,insufficient_funds,delayed_retry,approved,partial,424.38,3
CASE_00071,payment_failure,7834.37,Returning customer with historical transaction activity.,"Payment of ₹7,834.37 failed during the payment flow.",mandate_failure,mandate_retry,approved,recovered,7834.37,3
CASE_00072,payment_failure,2029.35,Returning customer with historical transaction activity.,"Payment of ₹2,029.35 failed during the payment flow.",expired_card,payment_method_update,approved,partial,922.71,5
CASE_00073,payment_failure,1255.79,Returning customer with historical transaction activity.,"Payment of ₹1,255.79 failed during the payment flow.",insufficient_funds,delayed_retry,approved,recovered,1255.79,1
CASE_00074,payment_failure,4746.77,Returning customer with historical transaction activity.,"Payment of ₹4,746.77 failed during the payment flow.",bank_timeout,delayed_retry,approved,recovered,4746.77,3
CASE_00075,payment_failure,8451.89,Returning customer with historical transaction activity.,"Payment of ₹8,451.89 failed during the payment flow.",insufficient_funds,delayed_retry,approved,recovered,8451.89,1
CASE_00076,payment_failure,5115.29,Returning customer with historical transaction activity.,"Payment of ₹5,115.29 failed during the payment flow.",expired_card,payment_method_update,approved,recovered,5115.29,1
CASE_00077,payment_failure,5884.7,Returning customer with historical transaction activity.,"Payment of ₹5,884.70 failed during the payment flow.",insufficient_funds,delayed_retry,approved,recovered,5884.7,3
CASE_00078,payment_failure,517.92,Returning customer with historical transaction activity.,Payment of ₹517.92 failed during the payment flow.,insufficient_funds,delayed_retry,approved,recovered,517.92,2
CASE_00079,payment_failure,1228.4,Returning customer with historical transaction activity.,"Payment of ₹1,228.40 failed during the payment flow.",expired_card,payment_method_update,approved,recovered,1228.4,3
CASE_00080,payment_failure,6162.75,Returning customer with historical transaction activity.,"Payment of ₹6,162.75 failed during the payment flow.",bank_timeout,delayed_retry,approved,recovered,6162.75,3
CASE_00081,payment_failure,11418.31,Returning customer with historical transaction activity.,"Payment of ₹11,418.31 failed during the payment flow.",insufficient_funds,delayed_retry,approved,failed,0.0,0
CASE_00082,payment_failure,903.87,Returning customer with historical transaction activity.,Payment of ₹903.87 failed during the payment flow.,insufficient_funds,delayed_retry,approved,recovered,903.87,1
CASE_00083,payment_failure,6840.03,Returning customer with historical transaction activity.,"Payment of ₹6,840.03 failed during the payment flow.",network_error,retry,approved,recovered,6840.03,2
CASE_00084,payment_failure,39456.54,Returning customer with historical transaction activity.,"Payment of ₹39,456.54 failed during the payment flow.",expired_card,payment_method_update,approved,recovered,39456.54,1
CASE_00085,payment_failure,505.47,Returning customer with historical transaction activity.,Payment of ₹505.47 failed during the payment flow.,insufficient_funds,delayed_retry,approved,failed,0.0,0
CASE_00086,payment_failure,4631.4,Returning customer with historical transaction activity.,"Payment of ₹4,631.40 failed during the payment flow.",network_error,retry,approved,recovered,4631.4,1
CASE_00087,payment_failure,683.09,Returning customer with historical transaction activity.,Payment of ₹683.09 failed during the payment flow.,expired_card,payment_method_update,approved,recovered,683.09,2
CASE_00088,payment_failure,5777.63,Returning customer with historical transaction activity.,"Payment of ₹5,777.63 failed during the payment flow.",insufficient_funds,delayed_retry,approved,recovered,5777.63,2
CASE_00089,payment_failure,3914.28,Returning customer with historical transaction activity.,"Payment of ₹3,914.28 failed during the payment flow.",expired_card,payment_method_update,approved,failed,0.0,0
CASE_00090,payment_failure,3727.53,Returning customer with historical transaction activity.,"Payment of ₹3,727.53 failed during the payment flow.",mandate_failure,mandate_retry,approved,recovered,3727.53,3
CASE_00091,payment_failure,10033.04,Returning customer with historical transaction activity.,"Payment of ₹10,033.04 failed during the payment flow.",mandate_failure,mandate_retry,approved,recovered,10033.04,1
CASE_00092,payment_failure,171.81,Returning customer with historical transaction activity.,Payment of ₹171.81 failed during the payment flow.,mandate_failure,mandate_retry,approved,recovered,171.81,2
CASE_00093,payment_failure,10348.44,Returning customer with historical transaction activity.,"Payment of ₹10,348.44 failed during the payment flow.",expired_card,payment_method_update,approved,failed,0.0,0
CASE_00094,payment_failure,429.11,Returning customer with historical transaction activity.,Payment of ₹429.11 failed during the payment flow.,bank_timeout,delayed_retry,approved,failed,0.0,0
CASE_00095,payment_failure,7126.38,Returning customer with historical transaction activity.,"Payment of ₹7,126.38 failed during the payment flow.",mandate_failure,mandate_retry,approved,recovered,7126.38,3
CASE_00096,payment_failure,2499.13,Returning customer with historical transaction activity.,"Payment of ₹2,499.13 failed during the payment flow.",expired_card,payment_method_update,approved,failed,0.0,0
CASE_00097,payment_failure,2144.72,Returning customer with historical transaction activity.,"Payment of ₹2,144.72 failed during the payment flow.",expired_card,payment_method_update,approved,failed,0.0,0
CASE_00098,payment_failure,280.54,Returning customer with historical transaction activity.,Payment of ₹280.54 failed during the payment flow.,insufficient_funds,delayed_retry,approved,recovered,280.54,2
CASE_00099,payment_failure,997.66,Returning customer with historical transaction activity.,Payment of ₹997.66 failed during the payment flow.,insufficient_funds,delayed_retry,approved,recovered,997.66,1
CASE_00100,payment_failure,9095.14,Returning customer with historical transaction activity.,"Payment of ₹9,095.14 failed during the payment flow.",network_error,retry,approved,recovered,9095.14,2
CASE_00101,payment_failure,4033.8,Returning customer with historical transaction activity.,"Payment of ₹4,033.80 failed during the payment flow.",expired_card,payment_method_update,approved,recovered,4033.8,2
CASE_00102,payment_failure,3085.11,Returning customer with historical transaction activity.,"Payment of ₹3,085.11 failed during the payment flow.",mandate_failure,mandate_retry,approved,recovered,3085.11,3
CASE_00103,payment_failure,280.54,Returning customer with historical transaction activity.,Payment of ₹280.54 failed during the payment flow.,bank_timeout,delayed_retry,approved,recovered,280.54,3
CASE_00104,payment_failure,1304.76,Returning customer with historical transaction activity.,"Payment of ₹1,304.76 failed during the payment flow.",expired_card,payment_method_update,approved,failed,0.0,0
CASE_00105,payment_failure,6161.92,Returning customer with historical transaction activity.,"Payment of ₹6,161.92 failed during the payment flow.",insufficient_funds,delayed_retry,approved,partial,3917.55,3
CASE_00106,payment_failure,3206.29,Returning customer with historical transaction activity.,"Payment of ₹3,206.29 failed during the payment flow.",expired_card,payment_method_update,approved,recovered,3206.29,3
CASE_00107,payment_failure,5739.45,Returning customer with historical transaction activity.,"Payment of ₹5,739.45 failed during the payment flow.",network_error,retry,approved,partial,3958.59,3
CASE_00108,payment_failure,1164.49,Returning customer with historical transaction activity.,"Payment of ₹1,164.49 failed during the payment flow.",bank_timeout,delayed_retry,approved,recovered,1164.49,1
CASE_00109,payment_failure,809.25,Returning customer with historical transaction activity.,Payment of ₹809.25 failed during the payment flow.,bank_timeout,delayed_retry,approved,recovered,809.25,1
CASE_00110,payment_failure,358.56,Returning customer with historical transaction activity.,Payment of ₹358.56 failed during the payment flow.,expired_card,payment_method_update,approved,recovered,358.56,1
CASE_00111,payment_failure,6959.55,Returning customer with historical transaction activity.,"Payment of ₹6,959.55 failed during the payment flow.",bank_timeout,delayed_retry,approved,failed,0.0,0
CASE_00112,payment_failure,7758.84,Returning customer with historical transaction activity.,"Payment of ₹7,758.84 failed during the payment flow.",bank_timeout,delayed_retry,approved,recovered,7758.84,3
CASE_00113,payment_failure,2478.38,Returning customer with historical transaction activity.,"Payment of ₹2,478.38 failed during the payment flow.",insufficient_funds,delayed_retry,approved,recovered,2478.38,2
CASE_00114,payment_failure,8104.12,Returning customer with historical transaction activity.,"Payment of ₹8,104.12 failed during the payment flow.",network_error,retry,approved,recovered,8104.12,3
CASE_00115,payment_failure,11592.61,Returning customer with historical transaction activity.,"Payment of ₹11,592.61 failed during the payment flow.",network_error,retry,approved,recovered,11592.61,2
CASE_00116,payment_failure,573.53,Returning customer with historical transaction activity.,Payment of ₹573.53 failed during the payment flow.,bank_timeout,delayed_retry,approved,recovered,573.53,1
CASE_00117,payment_failure,3763.22,Returning customer with historical transaction activity.,"Payment of ₹3,763.22 failed during the payment flow.",mandate_failure,mandate_retry,approved,recovered,3763.22,1
CASE_00118,payment_failure,3534.14,Returning customer with historical transaction activity.,"Payment of ₹3,534.14 failed during the payment flow.",mandate_failure,mandate_retry,approved,recovered,3534.14,1
CASE_00119,payment_failure,6096.35,Returning customer with historical transaction activity.,"Payment of ₹6,096.35 failed during the payment flow.",bank_timeout,delayed_retry,approved,partial,3259.94,5
CASE_00120,payment_failure,714.63,Returning customer with historical transaction activity.,Payment of ₹714.63 failed during the payment flow.,network_error,retry,approved,recovered,714.63,2
CASE_00121,payment_failure,3792.27,Returning customer with historical transaction activity.,"Payment of ₹3,792.27 failed during the payment flow.",bank_timeout,delayed_retry,approved,recovered,3792.27,3
CASE_00122,payment_failure,1399.38,Returning customer with historical transaction activity.,"Payment of ₹1,399.38 failed during the payment flow.",bank_timeout,delayed_retry,approved,recovered,1399.38,2
CASE_00123,payment_failure,3662.79,Returning customer with historical transaction activity.,"Payment of ₹3,662.79 failed during the payment flow.",expired_card,payment_method_update,approved,failed,0.0,0
CASE_00124,payment_failure,14056.88,Returning customer with historical transaction activity.,"Payment of ₹14,056.88 failed during the payment flow.",mandate_failure,mandate_retry,approved,recovered,14056.88,3
CASE_00125,payment_failure,309.59,Returning customer with historical transaction activity.,Payment of ₹309.59 failed during the payment flow.,network_error,retry,approved,recovered,309.59,1
CASE_00126,payment_failure,8287.55,Returning customer with historical transaction activity.,"Payment of ₹8,287.55 failed during the payment flow.",insufficient_funds,delayed_retry,approved,recovered,8287.55,2
CASE_00127,payment_failure,490.53,Returning customer with historical transaction activity.,Payment of ₹490.53 failed during the payment flow.,mandate_failure,mandate_retry,approved,recovered,490.53,1
CASE_00128,payment_failure,3201.31,Returning customer with historical transaction activity.,"Payment of ₹3,201.31 failed during the payment flow.",network_error,retry,approved,recovered,3201.31,3
CASE_00129,payment_failure,15669.57,Returning customer with historical transaction activity.,"Payment of ₹15,669.57 failed during the payment flow.",bank_timeout,delayed_retry,approved,failed,0.0,0
CASE_00130,payment_failure,3732.51,Returning customer with historical transaction activity.,"Payment of ₹3,732.51 failed during the payment flow.",insufficient_funds,delayed_retry,approved,recovered,3732.51,3
CASE_00131,payment_failure,2070.85,Returning customer with historical transaction activity.,"Payment of ₹2,070.85 failed during the payment flow.",expired_card,payment_method_update,approved,recovered,2070.85,1
CASE_00132,payment_failure,630.8,Returning customer with historical transaction activity.,Payment of ₹630.80 failed during the payment flow.,mandate_failure,mandate_retry,approved,failed,0.0,0
CASE_00133,payment_failure,4803.21,Returning customer with historical transaction activity.,"Payment of ₹4,803.21 failed during the payment flow.",network_error,retry,approved,failed,0.0,0
CASE_00134,payment_failure,536.18,Returning customer with historical transaction activity.,Payment of ₹536.18 failed during the payment flow.,network_error,retry,approved,recovered,536.18,1
CASE_00135,payment_failure,6412.58,Returning customer with historical transaction activity.,"Payment of ₹6,412.58 failed during the payment flow.",network_error,retry,approved,recovered,6412.58,1
CASE_00136,payment_failure,11102.91,Returning customer with historical transaction activity.,"Payment of ₹11,102.91 failed during the payment flow.",expired_card,payment_method_update,approved,recovered,11102.91,3
CASE_00137,payment_failure,3949.14,Returning customer with historical transaction activity.,"Payment of ₹3,949.14 failed during the payment flow.",network_error,retry,approved,recovered,3949.14,3
CASE_00138,payment_failure,6029.95,Returning customer with historical transaction activity.,"Payment of ₹6,029.95 failed during the payment flow.",mandate_failure,mandate_retry,approved,recovered,6029.95,1
CASE_00139,payment_failure,431.6,Returning customer with historical transaction activity.,Payment of ₹431.60 failed during the payment flow.,insufficient_funds,delayed_retry,approved,failed,0.0,0
CASE_00140,payment_failure,590.13,Returning customer with historical transaction activity.,Payment of ₹590.13 failed during the payment flow.,network_error,retry,approved,recovered,590.13,3
CASE_00141,payment_failure,2427.75,Returning customer with historical transaction activity.,"Payment of ₹2,427.75 failed during the payment flow.",insufficient_funds,delayed_retry,approved,recovered,2427.75,2
CASE_00142,payment_failure,10220.62,Returning customer with historical transaction activity.,"Payment of ₹10,220.62 failed during the payment flow.",insufficient_funds,delayed_retry,approved,recovered,10220.62,1
CASE_00143,payment_failure,261.45,Returning customer with historical transaction activity.,Payment of ₹261.45 failed during the payment flow.,mandate_failure,mandate_retry,approved,recovered,261.45,1
CASE_00144,payment_failure,6225.83,Returning customer with historical transaction activity.,"Payment of ₹6,225.83 failed during the payment flow.",network_error,retry,approved,recovered,6225.83,3
CASE_00145,payment_failure,9204.7,Returning customer with historical transaction activity.,"Payment of ₹9,204.70 failed during the payment flow.",network_error,retry,approved,recovered,9204.7,1
CASE_00146,payment_failure,3919.26,Returning customer with historical transaction activity.,"Payment of ₹3,919.26 failed during the payment flow.",insufficient_funds,delayed_retry,approved,failed,0.0,0
CASE_00147,payment_failure,4394.85,Returning customer with historical transaction activity.,"Payment of ₹4,394.85 failed during the payment flow.",mandate_failure,mandate_retry,approved,partial,3260.03,3
CASE_00148,payment_failure,5084.58,Returning customer with historical transaction activity.,"Payment of ₹5,084.58 failed during the payment flow.",network_error,retry,approved,recovered,5084.58,1
CASE_00149,payment_failure,16018.17,Returning customer with historical transaction activity.,"Payment of ₹16,018.17 failed during the payment flow.",network_error,retry,approved,recovered,16018.17,1
CASE_00150,payment_failure,2561.38,Returning customer with historical transaction activity.,"Payment of ₹2,561.38 failed during the payment flow.",mandate_failure,mandate_retry,approved,recovered,2561.38,1
CASE_00151,payment_failure,10334.33,Returning customer with historical transaction activity.,"Payment of ₹10,334.33 failed during the payment flow.",expired_card,payment_method_update,approved,recovered,10334.33,1
CASE_00152,payment_failure,9852.93,Returning customer with historical transaction activity.,"Payment of ₹9,852.93 failed during the payment flow.",insufficient_funds,delayed_retry,approved,recovered,9852.93,1
CASE_00153,payment_failure,386.78,Returning customer with historical transaction activity.,Payment of ₹386.78 failed during the payment flow.,network_error,retry,approved,recovered,386.78,3
CASE_00154,payment_failure,6493.92,Returning customer with historical transaction activity.,"Payment of ₹6,493.92 failed during the payment flow.",expired_card,payment_method_update,approved,recovered,6493.92,3
CASE_00155,payment_failure,31503.48,Returning customer with historical transaction activity.,"Payment of ₹31,503.48 failed during the payment flow.",insufficient_funds,delayed_retry,approved,recovered,31503.48,2
CASE_00156,payment_failure,253.98,Returning customer with historical transaction activity.,Payment of ₹253.98 failed during the payment flow.,insufficient_funds,delayed_retry,approved,recovered,253.98,1
CASE_00157,payment_failure,3980.68,Returning customer with historical transaction activity.,"Payment of ₹3,980.68 failed during the payment flow.",network_error,retry,approved,recovered,3980.68,3
CASE_00158,payment_failure,3923.41,Returning customer with historical transaction activity.,"Payment of ₹3,923.41 failed during the payment flow.",network_error,retry,approved,recovered,3923.41,2
CASE_00159,payment_failure,7079.07,Returning customer with historical transaction activity.,"Payment of ₹7,079.07 failed during the payment flow.",insufficient_funds,delayed_retry,approved,failed,0.0,0
CASE_00160,payment_failure,7493.24,Returning customer with historical transaction activity.,"Payment of ₹7,493.24 failed during the payment flow.",mandate_failure,mandate_retry,approved,failed,0.0,0
CASE_00161,payment_failure,700.52,Returning customer with historical transaction activity.,Payment of ₹700.52 failed during the payment flow.,network_error,retry,approved,partial,242.79,2
CASE_00162,payment_failure,798.46,Returning customer with historical transaction activity.,Payment of ₹798.46 failed during the payment flow.,bank_timeout,delayed_retry,approved,recovered,798.46,2
CASE_00163,payment_failure,156.04,Returning customer with historical transaction activity.,Payment of ₹156.04 failed during the payment flow.,insufficient_funds,delayed_retry,approved,recovered,156.04,2
CASE_00164,payment_failure,203.35,Returning customer with historical transaction activity.,Payment of ₹203.35 failed during the payment flow.,mandate_failure,mandate_retry,approved,failed,0.0,0
CASE_00165,payment_failure,3769.86,Returning customer with historical transaction activity.,"Payment of ₹3,769.86 failed during the payment flow.",bank_timeout,delayed_retry,approved,recovered,3769.86,2
CASE_00166,payment_failure,7952.23,Returning customer with historical transaction activity.,"Payment of ₹7,952.23 failed during the payment flow.",expired_card,payment_method_update,approved,failed,0.0,0
CASE_00167,payment_failure,6190.97,Returning customer with historical transaction activity.,"Payment of ₹6,190.97 failed during the payment flow.",network_error,retry,approved,recovered,6190.97,3
CASE_00168,payment_failure,6506.37,Returning customer with historical transaction activity.,"Payment of ₹6,506.37 failed during the payment flow.",network_error,retry,approved,partial,4283.29,4
CASE_00169,payment_failure,21723.59,Returning customer with historical transaction activity.,"Payment of ₹21,723.59 failed during the payment flow.",bank_timeout,delayed_retry,approved,partial,9761.7,4
CASE_00170,payment_failure,1329.66,Returning customer with historical transaction activity.,"Payment of ₹1,329.66 failed during the payment flow.",expired_card,payment_method_update,approved,failed,0.0,0
CASE_00171,payment_failure,16880.54,Returning customer with historical transaction activity.,"Payment of ₹16,880.54 failed during the payment flow.",mandate_failure,mandate_retry,approved,failed,0.0,0
CASE_00172,payment_failure,3606.35,Returning customer with historical transaction activity.,"Payment of ₹3,606.35 failed during the payment flow.",network_error,retry,approved,recovered,3606.35,3
CASE_00173,payment_failure,9218.81,Returning customer with historical transaction activity.,"Payment of ₹9,218.81 failed during the payment flow.",mandate_failure,mandate_retry,approved,failed,0.0,0
CASE_00174,payment_failure,6416.73,Returning customer with historical transaction activity.,"Payment of ₹6,416.73 failed during the payment flow.",bank_timeout,delayed_retry,approved,failed,0.0,0
CASE_00175,payment_failure,5399.15,Returning customer with historical transaction activity.,"Payment of ₹5,399.15 failed during the payment flow.",mandate_failure,mandate_retry,approved,recovered,5399.15,1
CASE_00176,payment_failure,4589.07,Returning customer with historical transaction activity.,"Payment of ₹4,589.07 failed during the payment flow.",expired_card,payment_method_update,approved,failed,0.0,0
CASE_00177,payment_failure,8078.39,Returning customer with historical transaction activity.,"Payment of ₹8,078.39 failed during the payment flow.",expired_card,payment_method_update,approved,recovered,8078.39,2
CASE_00178,payment_failure,5284.61,Returning customer with historical transaction activity.,"Payment of ₹5,284.61 failed during the payment flow.",network_error,retry,approved,recovered,5284.61,1
CASE_00179,payment_failure,3368.97,Returning customer with historical transaction activity.,"Payment of ₹3,368.97 failed during the payment flow.",expired_card,payment_method_update,approved,recovered,3368.97,3
CASE_00180,payment_failure,3503.43,Returning customer with historical transaction activity.,"Payment of ₹3,503.43 failed during the payment flow.",expired_card,payment_method_update,approved,recovered,3503.43,3
CASE_00181,payment_failure,331.17,Returning customer with historical transaction activity.,Payment of ₹331.17 failed during the payment flow.,expired_card,payment_method_update,approved,recovered,331.17,2
CASE_00182,payment_failure,5373.42,Returning customer with historical transaction activity.,"Payment of ₹5,373.42 failed during the payment flow.",bank_timeout,delayed_retry,approved,recovered,5373.42,2
CASE_00183,payment_failure,636.61,Returning customer with historical transaction activity.,Payment of ₹636.61 failed during the payment flow.,bank_timeout,delayed_retry,approved,recovered,636.61,2
CASE_00184,payment_failure,753.64,Returning customer with historical transaction activity.,Payment of ₹753.64 failed during the payment flow.,bank_timeout,delayed_retry,approved,recovered,753.64,2
CASE_00185,payment_failure,4756.73,Returning customer with historical transaction activity.,"Payment of ₹4,756.73 failed during the payment flow.",bank_timeout,delayed_retry,approved,recovered,4756.73,1
CASE_00186,payment_failure,5713.72,Returning customer with historical transaction activity.,"Payment of ₹5,713.72 failed during the payment flow.",mandate_failure,mandate_retry,approved,failed,0.0,0
CASE_00187,payment_failure,3844.56,Returning customer with historical transaction activity.,"Payment of ₹3,844.56 failed during the payment flow.",expired_card,payment_method_update,approved,recovered,3844.56,2
CASE_00188,payment_failure,154.38,Returning customer with historical transaction activity.,Payment of ₹154.38 failed during the payment flow.,mandate_failure,mandate_retry,approved,recovered,154.38,1
CASE_00189,payment_failure,7176.18,Returning customer with historical transaction activity.,"Payment of ₹7,176.18 failed during the payment flow.",mandate_failure,mandate_retry,approved,recovered,7176.18,3
CASE_00190,payment_failure,189.24,Returning customer with historical transaction activity.,Payment of ₹189.24 failed during the payment flow.,bank_timeout,delayed_retry,approved,recovered,189.24,3
CASE_00191,payment_failure,12671.61,Returning customer with historical transaction activity.,"Payment of ₹12,671.61 failed during the payment flow.",mandate_failure,mandate_retry,approved,recovered,12671.61,1
CASE_00192,payment_failure,2468.42,Returning customer with historical transaction activity.,"Payment of ₹2,468.42 failed during the payment flow.",mandate_failure,mandate_retry,approved,recovered,2468.42,1
CASE_00193,payment_failure,4154.98,Returning customer with historical transaction activity.,"Payment of ₹4,154.98 failed during the payment flow.",mandate_failure,mandate_retry,approved,recovered,4154.98,3
CASE_00194,payment_failure,17400.12,Returning customer with historical transaction activity.,"Payment of ₹17,400.12 failed during the payment flow.",bank_timeout,delayed_retry,approved,recovered,17400.12,1
CASE_00195,payment_failure,5202.44,Returning customer with historical transaction activity.,"Payment of ₹5,202.44 failed during the payment flow.",insufficient_funds,delayed_retry,approved,recovered,5202.44,3
CASE_00196,payment_failure,17758.68,Returning customer with historical transaction activity.,"Payment of ₹17,758.68 failed during the payment flow.",network_error,retry,approved,recovered,17758.68,1
CASE_00197,payment_failure,772.73,Returning customer with historical transaction activity.,Payment of ₹772.73 failed during the payment flow.,network_error,retry,approved,recovered,772.73,2
CASE_00198,payment_failure,11214.96,Returning customer with historical transaction activity.,"Payment of ₹11,214.96 failed during the payment flow.",bank_timeout,delayed_retry,approved,failed,0.0,0
CASE_00199,payment_failure,6827.58,Returning customer with historical transaction activity.,"Payment of ₹6,827.58 failed during the payment flow.",network_error,retry,approved,recovered,6827.58,2
CASE_00200,payment_failure,102.92,Returning customer with historical transaction activity.,Payment of ₹102.92 failed during the payment flow.,network_error,retry,approved,recovered,102.92,3
CASE_00201,payment_failure,3100.05,Returning customer with historical transaction activity.,"Payment of ₹3,100.05 failed during the payment flow.",bank_timeout,delayed_retry,approved,recovered,3100.05,2
CASE_00202,payment_failure,6273.97,Returning customer with historical transaction activity.,"Payment of ₹6,273.97 failed during the payment flow.",insufficient_funds,delayed_retry,approved,partial,2457.94,5
CASE_00203,payment_failure,11751.14,Returning customer with historical transaction activity.,"Payment of ₹11,751.14 failed during the payment flow.",bank_timeout,delayed_retry,approved,recovered,11751.14,3
CASE_00204,payment_failure,375.99,Returning customer with historical transaction activity.,Payment of ₹375.99 failed during the payment flow.,expired_card,payment_method_update,approved,recovered,375.99,2
CASE_00205,payment_failure,8923.33,Returning customer with historical transaction activity.,"Payment of ₹8,923.33 failed during the payment flow.",expired_card,payment_method_update,approved,recovered,8923.33,1
CASE_00206,payment_failure,3580.62,Returning customer with historical transaction activity.,"Payment of ₹3,580.62 failed during the payment flow.",mandate_failure,mandate_retry,approved,recovered,3580.62,1
CASE_00207,payment_failure,474.76,Returning customer with historical transaction activity.,Payment of ₹474.76 failed during the payment flow.,bank_timeout,delayed_retry,approved,recovered,474.76,2
CASE_00208,payment_failure,257.3,Returning customer with historical transaction activity.,Payment of ₹257.30 failed during the payment flow.,expired_card,payment_method_update,approved,recovered,257.3,3
CASE_00209,payment_failure,8897.6,Returning customer with historical transaction activity.,"Payment of ₹8,897.60 failed during the payment flow.",bank_timeout,delayed_retry,approved,recovered,8897.6,3
CASE_00210,payment_failure,566.89,Returning customer with historical transaction activity.,Payment of ₹566.89 failed during the payment flow.,bank_timeout,delayed_retry,approved,failed,0.0,0
CASE_00211,payment_failure,7279.1,Returning customer with historical transaction activity.,"Payment of ₹7,279.10 failed during the payment flow.",mandate_failure,mandate_retry,approved,recovered,7279.1,2
CASE_00212,payment_failure,12730.54,Returning customer with historical transaction activity.,"Payment of ₹12,730.54 failed during the payment flow.",bank_timeout,delayed_retry,approved,recovered,12730.54,3
CASE_00213,payment_failure,9044.51,Returning customer with historical transaction activity.,"Payment of ₹9,044.51 failed during the payment flow.",expired_card,payment_method_update,approved,partial,2633.27,3
CASE_00214,payment_failure,4836.41,Returning customer with historical transaction activity.,"Payment of ₹4,836.41 failed during the payment flow.",network_error,retry,approved,recovered,4836.41,1
CASE_00215,payment_failure,566.89,Returning customer with historical transaction activity.,Payment of ₹566.89 failed during the payment flow.,network_error,retry,approved,recovered,566.89,1
CASE_00216,payment_failure,444.88,Returning customer with historical transaction activity.,Payment of ₹444.88 failed during the payment flow.,mandate_failure,mandate_retry,approved,recovered,444.88,3
CASE_00217,payment_failure,11910.5,Returning customer with historical transaction activity.,"Payment of ₹11,910.50 failed during the payment flow.",bank_timeout,delayed_retry,approved,recovered,11910.5,3
CASE_00218,payment_failure,451.52,Returning customer with historical transaction activity.,Payment of ₹451.52 failed during the payment flow.,insufficient_funds,delayed_retry,approved,failed,0.0,0
CASE_00219,payment_failure,1253.3,Returning customer with historical transaction activity.,"Payment of ₹1,253.30 failed during the payment flow.",insufficient_funds,delayed_retry,approved,recovered,1253.3,3
CASE_00220,payment_failure,4727.68,Returning customer with historical transaction activity.,"Payment of ₹4,727.68 failed during the payment flow.",expired_card,payment_method_update,approved,recovered,4727.68,1
CASE_00221,payment_failure,4073.64,Returning customer with historical transaction activity.,"Payment of ₹4,073.64 failed during the payment flow.",fraud_risk,block_and_escalate,blocked,blocked,0.0,0
CASE_00222,payment_failure,5351.84,Returning customer with historical transaction activity.,"Payment of ₹5,351.84 failed during the payment flow.",insufficient_funds,delayed_retry,approved,recovered,5351.84,3
CASE_00223,payment_failure,9221.3,Returning customer with historical transaction activity.,"Payment of ₹9,221.30 failed during the payment flow.",bank_timeout,delayed_retry,approved,recovered,9221.3,1
CASE_00224,payment_failure,11214.96,Returning customer with historical transaction activity.,"Payment of ₹11,214.96 failed during the payment flow.",insufficient_funds,delayed_retry,approved,recovered,11214.96,1
CASE_00225,payment_failure,4622.27,Returning customer with historical transaction activity.,"Payment of ₹4,622.27 failed during the payment flow.",bank_timeout,delayed_retry,approved,recovered,4622.27,2
CASE_00226,payment_failure,507.96,Returning customer with historical transaction activity.,Payment of ₹507.96 failed during the payment flow.,network_error,retry,approved,recovered,507.96,2
CASE_00227,payment_failure,737.04,Returning customer with historical transaction activity.,Payment of ₹737.04 failed during the payment flow.,insufficient_funds,delayed_retry,approved,recovered,737.04,2
CASE_00228,payment_failure,720.44,Returning customer with historical transaction activity.,Payment of ₹720.44 failed during the payment flow.,mandate_failure,mandate_retry,approved,partial,259.18,2
CASE_00229,payment_failure,4359.16,Returning customer with historical transaction activity.,"Payment of ₹4,359.16 failed during the payment flow.",mandate_failure,mandate_retry,approved,recovered,4359.16,2
CASE_00230,payment_failure,823.36,Returning customer with historical transaction activity.,Payment of ₹823.36 failed during the payment flow.,bank_timeout,delayed_retry,approved,recovered,823.36,3
CASE_00231,payment_failure,129.48,Returning customer with historical transaction activity.,Payment of ₹129.48 failed during the payment flow.,mandate_failure,mandate_retry,approved,recovered,129.48,1
CASE_00232,payment_failure,5272.99,Returning customer with historical transaction activity.,"Payment of ₹5,272.99 failed during the payment flow.",bank_timeout,delayed_retry,approved,recovered,5272.99,1
CASE_00233,payment_failure,525.39,Returning customer with historical transaction activity.,Payment of ₹525.39 failed during the payment flow.,network_error,retry,approved,recovered,525.39,3
CASE_00234,payment_failure,6088.05,Returning customer with historical transaction activity.,"Payment of ₹6,088.05 failed during the payment flow.",network_error,retry,approved,recovered,6088.05,1
CASE_00235,payment_failure,1504.79,Returning customer with historical transaction activity.,"Payment of ₹1,504.79 failed during the payment flow.",expired_card,payment_method_update,approved,partial,1075.61,6
CASE_00236,payment_failure,5569.3,Returning customer with historical transaction activity.,"Payment of ₹5,569.30 failed during the payment flow.",insufficient_funds,delayed_retry,approved,recovered,5569.3,2
CASE_00237,payment_failure,8233.6,Returning customer with historical transaction activity.,"Payment of ₹8,233.60 failed during the payment flow.",mandate_failure,mandate_retry,approved,recovered,8233.6,1
CASE_00238,payment_failure,5693.8,Returning customer with historical transaction activity.,"Payment of ₹5,693.80 failed during the payment flow.",bank_timeout,delayed_retry,approved,recovered,5693.8,3
CASE_00239,payment_failure,535.35,Returning customer with historical transaction activity.,Payment of ₹535.35 failed during the payment flow.,insufficient_funds,delayed_retry,approved,recovered,535.35,2
CASE_00240,payment_failure,1205.16,Returning customer with historical transaction activity.,"Payment of ₹1,205.16 failed during the payment flow.",network_error,retry,approved,recovered,1205.16,3
CASE_00241,payment_failure,96.28,Returning customer with historical transaction activity.,Payment of ₹96.28 failed during the payment flow.,expired_card,payment_method_update,approved,recovered,96.28,3
CASE_00242,payment_failure,6576.09,Returning customer with historical transaction activity.,"Payment of ₹6,576.09 failed during the payment flow.",expired_card,payment_method_update,approved,failed,0.0,0
CASE_00243,payment_failure,4425.56,Returning customer with historical transaction activity.,"Payment of ₹4,425.56 failed during the payment flow.",mandate_failure,mandate_retry,approved,failed,0.0,0
CASE_00244,payment_failure,1322.19,Returning customer with historical transaction activity.,"Payment of ₹1,322.19 failed during the payment flow.",mandate_failure,mandate_retry,approved,failed,0.0,0
CASE_00245,payment_failure,298.8,Returning customer with historical transaction activity.,Payment of ₹298.80 failed during the payment flow.,bank_timeout,delayed_retry,approved,recovered,298.8,1
CASE_00246,payment_failure,6460.72,Returning customer with historical transaction activity.,"Payment of ₹6,460.72 failed during the payment flow.",bank_timeout,delayed_retry,approved,recovered,6460.72,3
CASE_00247,payment_failure,6591.86,Returning customer with historical transaction activity.,"Payment of ₹6,591.86 failed during the payment flow.",network_error,retry,approved,recovered,6591.86,1
CASE_00248,payment_failure,8256.84,Returning customer with historical transaction activity.,"Payment of ₹8,256.84 failed during the payment flow.",mandate_failure,mandate_retry,approved,recovered,8256.84,1
CASE_00249,payment_failure,4759.22,Returning customer with historical transaction activity.,"Payment of ₹4,759.22 failed during the payment flow.",network_error,retry,approved,recovered,4759.22,1
CASE_00250,payment_failure,16346.02,Returning customer with historical transaction activity.,"Payment of ₹16,346.02 failed during the payment flow.",insufficient_funds,delayed_retry,approved,recovered,16346.02,2
CASE_00251,payment_failure,4920.24,Returning customer with historical transaction activity.,"Payment of ₹4,920.24 failed during the payment flow.",network_error,retry,approved,recovered,4920.24,3
CASE_00252,payment_failure,5208.25,Returning customer with historical transaction activity.,"Payment of ₹5,208.25 failed during the payment flow.",expired_card,payment_method_update,approved,failed,0.0,0
CASE_00253,payment_failure,8880.17,Returning customer with historical transaction activity.,"Payment of ₹8,880.17 failed during the payment flow.",insufficient_funds,delayed_retry,approved,recovered,8880.17,3
CASE_00254,payment_failure,1973.74,Returning customer with historical transaction activity.,"Payment of ₹1,973.74 failed during the payment flow.",bank_timeout,delayed_retry,approved,recovered,1973.74,2
CASE_00255,payment_failure,19857.75,Returning customer with historical transaction activity.,"Payment of ₹19,857.75 failed during the payment flow.",bank_timeout,delayed_retry,approved,partial,7610.49,2
CASE_00256,payment_failure,398.4,Returning customer with historical transaction activity.,Payment of ₹398.40 failed during the payment flow.,network_error,retry,approved,recovered,398.4,3
CASE_00257,payment_failure,9334.18,Returning customer with historical transaction activity.,"Payment of ₹9,334.18 failed during the payment flow.",bank_timeout,delayed_retry,approved,recovered,9334.18,1
CASE_00258,payment_failure,22855.71,Returning customer with historical transaction activity.,"Payment of ₹22,855.71 failed during the payment flow.",bank_timeout,delayed_retry,approved,recovered,22855.71,2
CASE_00259,payment_failure,5498.75,Returning customer with historical transaction activity.,"Payment of ₹5,498.75 failed during the payment flow.",network_error,retry,approved,recovered,5498.75,2
CASE_00260,payment_failure,24617.8,Returning customer with historical transaction activity.,"Payment of ₹24,617.80 failed during the payment flow.",bank_timeout,delayed_retry,approved,recovered,24617.8,2
CASE_00261,payment_failure,2244.32,Returning customer with historical transaction activity.,"Payment of ₹2,244.32 failed during the payment flow.",insufficient_funds,delayed_retry,approved,recovered,2244.32,3
CASE_00262,payment_failure,12730.54,Returning customer with historical transaction activity.,"Payment of ₹12,730.54 failed during the payment flow.",expired_card,payment_method_update,approved,failed,0.0,0
CASE_00263,payment_failure,4865.46,Returning customer with historical transaction activity.,"Payment of ₹4,865.46 failed during the payment flow.",network_error,retry,approved,recovered,4865.46,1
CASE_00264,payment_failure,11316.22,Returning customer with historical transaction activity.,"Payment of ₹11,316.22 failed during the payment flow.",network_error,retry,approved,recovered,11316.22,2
CASE_00265,payment_failure,3645.36,Returning customer with historical transaction activity.,"Payment of ₹3,645.36 failed during the payment flow.",insufficient_funds,delayed_retry,approved,partial,2573.76,5
CASE_00266,payment_failure,5270.5,Returning customer with historical transaction activity.,"Payment of ₹5,270.50 failed during the payment flow.",mandate_failure,mandate_retry,approved,recovered,5270.5,1
CASE_00267,payment_failure,301.29,Returning customer with historical transaction activity.,Payment of ₹301.29 failed during the payment flow.,bank_timeout,delayed_retry,approved,recovered,301.29,2
CASE_00268,payment_failure,4839.73,Returning customer with historical transaction activity.,"Payment of ₹4,839.73 failed during the payment flow.",mandate_failure,mandate_retry,approved,failed,0.0,0
CASE_00269,payment_failure,14253.59,Returning customer with historical transaction activity.,"Payment of ₹14,253.59 failed during the payment flow.",bank_timeout,delayed_retry,approved,failed,0.0,0
CASE_00270,payment_failure,289.67,Returning customer with historical transaction activity.,Payment of ₹289.67 failed during the payment flow.,bank_timeout,delayed_retry,approved,recovered,289.67,2
CASE_00271,payment_failure,7862.59,Returning customer with historical transaction activity.,"Payment of ₹7,862.59 failed during the payment flow.",mandate_failure,mandate_retry,approved,recovered,7862.59,3
CASE_00272,payment_failure,2244.32,Returning customer with historical transaction activity.,"Payment of ₹2,244.32 failed during the payment flow.",mandate_failure,mandate_retry,approved,partial,747.94,3
CASE_00273,payment_failure,771.9,Returning customer with historical transaction activity.,Payment of ₹771.90 failed during the payment flow.,network_error,retry,approved,recovered,771.9,1
CASE_00274,payment_failure,8122.38,Returning customer with historical transaction activity.,"Payment of ₹8,122.38 failed during the payment flow.",expired_card,payment_method_update,approved,partial,4379.13,3
CASE_00275,payment_failure,17845.83,Returning customer with historical transaction activity.,"Payment of ₹17,845.83 failed during the payment flow.",mandate_failure,mandate_retry,approved,partial,5279.83,6
CASE_00276,payment_failure,1427.6,Returning customer with historical transaction activity.,"Payment of ₹1,427.60 failed during the payment flow.",expired_card,payment_method_update,approved,recovered,1427.6,1
CASE_00277,payment_failure,5326.94,Returning customer with historical transaction activity.,"Payment of ₹5,326.94 failed during the payment flow.",insufficient_funds,delayed_retry,approved,recovered,5326.94,3
CASE_00278,payment_failure,4747.6,Returning customer with historical transaction activity.,"Payment of ₹4,747.60 failed during the payment flow.",network_error,retry,approved,partial,3280.36,2
CASE_00279,payment_failure,1146.23,Returning customer with historical transaction activity.,"Payment of ₹1,146.23 failed during the payment flow.",insufficient_funds,delayed_retry,approved,recovered,1146.23,3
CASE_00280,payment_failure,8822.9,Returning customer with historical transaction activity.,"Payment of ₹8,822.90 failed during the payment flow.",mandate_failure,mandate_retry,approved,recovered,8822.9,3
CASE_00281,payment_failure,3632.91,Returning customer with historical transaction activity.,"Payment of ₹3,632.91 failed during the payment flow.",mandate_failure,mandate_retry,approved,recovered,3632.91,2
CASE_00282,payment_failure,4489.47,Returning customer with historical transaction activity.,"Payment of ₹4,489.47 failed during the payment flow.",bank_timeout,delayed_retry,approved,recovered,4489.47,2
CASE_00283,payment_failure,22655.68,Returning customer with historical transaction activity.,"Payment of ₹22,655.68 failed during the payment flow.",network_error,retry,approved,partial,9693.82,4
CASE_00284,payment_failure,5554.36,Returning customer with historical transaction activity.,"Payment of ₹5,554.36 failed during the payment flow.",bank_timeout,delayed_retry,approved,recovered,5554.36,3
CASE_00285,payment_failure,13838.59,Returning customer with historical transaction activity.,"Payment of ₹13,838.59 failed during the payment flow.",network_error,retry,approved,recovered,13838.59,1
CASE_00286,payment_failure,7050.85,Returning customer with historical transaction activity.,"Payment of ₹7,050.85 failed during the payment flow.",mandate_failure,mandate_retry,approved,recovered,7050.85,1
CASE_00287,payment_failure,7153.77,Returning customer with historical transaction activity.,"Payment of ₹7,153.77 failed during the payment flow.",expired_card,payment_method_update,approved,failed,0.0,0
CASE_00288,payment_failure,4728.51,Returning customer with historical transaction activity.,"Payment of ₹4,728.51 failed during the payment flow.",insufficient_funds,delayed_retry,approved,failed,0.0,0
CASE_00289,payment_failure,371.01,Returning customer with historical transaction activity.,Payment of ₹371.01 failed during the payment flow.,expired_card,payment_method_update,approved,partial,201.72,5
CASE_00290,payment_failure,768.58,Returning customer with historical transaction activity.,Payment of ₹768.58 failed during the payment flow.,bank_timeout,delayed_retry,approved,recovered,768.58,1
CASE_00291,payment_failure,2529.84,Returning customer with historical transaction activity.,"Payment of ₹2,529.84 failed during the payment flow.",network_error,retry,approved,recovered,2529.84,3
CASE_00292,payment_failure,4453.78,Returning customer with historical transaction activity.,"Payment of ₹4,453.78 failed during the payment flow.",insufficient_funds,delayed_retry,approved,partial,2625.53,4
CASE_00293,payment_failure,2170.45,Returning customer with historical transaction activity.,"Payment of ₹2,170.45 failed during the payment flow.",insufficient_funds,delayed_retry,approved,recovered,2170.45,1
CASE_00294,payment_failure,3182.22,Returning customer with historical transaction activity.,"Payment of ₹3,182.22 failed during the payment flow.",expired_card,payment_method_update,approved,recovered,3182.22,1
CASE_00295,payment_failure,556.93,Returning customer with historical transaction activity.,Payment of ₹556.93 failed during the payment flow.,network_error,retry,approved,recovered,556.93,2
CASE_00296,payment_failure,1753.79,Returning customer with historical transaction activity.,"Payment of ₹1,753.79 failed during the payment flow.",mandate_failure,mandate_retry,approved,recovered,1753.79,2
CASE_00297,payment_failure,5028.97,Returning customer with historical transaction activity.,"Payment of ₹5,028.97 failed during the payment flow.",bank_timeout,delayed_retry,approved,recovered,5028.97,3
CASE_00298,payment_failure,774.39,Returning customer with historical transaction activity.,Payment of ₹774.39 failed during the payment flow.,network_error,retry,approved,failed,0.0,0
CASE_00299,payment_failure,7643.47,Returning customer with historical transaction activity.,"Payment of ₹7,643.47 failed during the payment flow.",insufficient_funds,delayed_retry,approved,recovered,7643.47,1
CASE_00300,payment_failure,576.02,Returning customer with historical transaction activity.,Payment of ₹576.02 failed during the payment flow.,mandate_failure,mandate_retry,approved,partial,254.16,2
CASE_00301,payment_failure,1581.98,Returning customer with historical transaction activity.,"Payment of ₹1,581.98 failed during the payment flow.",bank_timeout,delayed_retry,approved,recovered,1581.98,3
CASE_00302,payment_failure,15575.78,Returning customer with historical transaction activity.,"Payment of ₹15,575.78 failed during the payment flow.",expired_card,payment_method_update,approved,failed,0.0,0
CASE_00303,payment_failure,6303.02,Returning customer with historical transaction activity.,"Payment of ₹6,303.02 failed during the payment flow.",network_error,retry,approved,recovered,6303.02,3
CASE_00304,payment_failure,1102.24,Returning customer with historical transaction activity.,"Payment of ₹1,102.24 failed during the payment flow.",network_error,retry,approved,recovered,1102.24,1
CASE_00305,payment_failure,694.71,Returning customer with historical transaction activity.,Payment of ₹694.71 failed during the payment flow.,network_error,retry,approved,partial,256.56,3
CASE_00306,payment_failure,6801.02,Returning customer with historical transaction activity.,"Payment of ₹6,801.02 failed during the payment flow.",network_error,retry,approved,recovered,6801.02,1
CASE_00307,payment_failure,7046.7,Returning customer with historical transaction activity.,"Payment of ₹7,046.70 failed during the payment flow.",mandate_failure,mandate_retry,approved,recovered,7046.7,2
CASE_00308,payment_failure,359.39,Returning customer with historical transaction activity.,Payment of ₹359.39 failed during the payment flow.,mandate_failure,mandate_retry,approved,recovered,359.39,3
CASE_00309,payment_failure,166.0,Returning customer with historical transaction activity.,Payment of ₹166.00 failed during the payment flow.,mandate_failure,mandate_retry,approved,recovered,166.0,1
CASE_00310,payment_failure,755.3,Returning customer with historical transaction activity.,Payment of ₹755.30 failed during the payment flow.,network_error,retry,approved,recovered,755.3,2
CASE_00311,payment_failure,2735.68,Returning customer with historical transaction activity.,"Payment of ₹2,735.68 failed during the payment flow.",bank_timeout,delayed_retry,approved,recovered,2735.68,1
CASE_00312,payment_failure,13769.7,Returning customer with historical transaction activity.,"Payment of ₹13,769.70 failed during the payment flow.",expired_card,payment_method_update,approved,failed,0.0,0
CASE_00313,payment_failure,4286.12,Returning customer with historical transaction activity.,"Payment of ₹4,286.12 failed during the payment flow.",expired_card,payment_method_update,approved,recovered,4286.12,3
CASE_00314,payment_failure,1535.5,Returning customer with historical transaction activity.,"Payment of ₹1,535.50 failed during the payment flow.",expired_card,payment_method_update,approved,failed,0.0,0
CASE_00315,payment_failure,9481.92,Returning customer with historical transaction activity.,"Payment of ₹9,481.92 failed during the payment flow.",expired_card,payment_method_update,approved,recovered,9481.92,3
CASE_00316,payment_failure,20064.42,Returning customer with historical transaction activity.,"Payment of ₹20,064.42 failed during the payment flow.",expired_card,payment_method_update,approved,failed,0.0,0
CASE_00317,payment_failure,4126.76,Returning customer with historical transaction activity.,"Payment of ₹4,126.76 failed during the payment flow.",expired_card,payment_method_update,approved,recovered,4126.76,2
CASE_00318,payment_failure,2075.83,Returning customer with historical transaction activity.,"Payment of ₹2,075.83 failed during the payment flow.",insufficient_funds,delayed_retry,approved,failed,0.0,0
CASE_00319,payment_failure,7280.76,Returning customer with historical transaction activity.,"Payment of ₹7,280.76 failed during the payment flow.",network_error,retry,approved,recovered,7280.76,1
CASE_00320,payment_failure,747.83,Returning customer with historical transaction activity.,Payment of ₹747.83 failed during the payment flow.,mandate_failure,mandate_retry,approved,failed,0.0,0
CASE_00321,payment_failure,19341.49,Returning customer with historical transaction activity.,"Payment of ₹19,341.49 failed during the payment flow.",network_error,retry,approved,recovered,19341.49,3
CASE_00322,payment_failure,7798.68,Returning customer with historical transaction activity.,"Payment of ₹7,798.68 failed during the payment flow.",network_error,retry,approved,recovered,7798.68,1
CASE_00323,payment_failure,527.05,Returning customer with historical transaction activity.,Payment of ₹527.05 failed during the payment flow.,insufficient_funds,delayed_retry,approved,recovered,527.05,3
CASE_00324,payment_failure,7362.1,Returning customer with historical transaction activity.,"Payment of ₹7,362.10 failed during the payment flow.",bank_timeout,delayed_retry,approved,recovered,7362.1,1
CASE_00325,payment_failure,2430.24,Returning customer with historical transaction activity.,"Payment of ₹2,430.24 failed during the payment flow.",network_error,retry,approved,recovered,2430.24,1
CASE_00326,payment_failure,7533.08,Returning customer with historical transaction activity.,"Payment of ₹7,533.08 failed during the payment flow.",bank_timeout,delayed_retry,approved,recovered,7533.08,3
CASE_00327,payment_failure,497.17,Returning customer with historical transaction activity.,Payment of ₹497.17 failed during the payment flow.,mandate_failure,mandate_retry,approved,recovered,497.17,3
CASE_00328,payment_failure,4425.56,Returning customer with historical transaction activity.,"Payment of ₹4,425.56 failed during the payment flow.",insufficient_funds,delayed_retry,approved,failed,0.0,0
CASE_00329,payment_failure,1795.29,Returning customer with historical transaction activity.,"Payment of ₹1,795.29 failed during the payment flow.",mandate_failure,mandate_retry,approved,recovered,1795.29,3
CASE_00330,payment_failure,263.11,Returning customer with historical transaction activity.,Payment of ₹263.11 failed during the payment flow.,network_error,retry,approved,partial,95.75,6
CASE_00331,payment_failure,3143.21,Returning customer with historical transaction activity.,"Payment of ₹3,143.21 failed during the payment flow.",mandate_failure,mandate_retry,approved,failed,0.0,0
CASE_00332,payment_failure,3158.15,Returning customer with historical transaction activity.,"Payment of ₹3,158.15 failed during the payment flow.",insufficient_funds,delayed_retry,approved,failed,0.0,0
CASE_00333,payment_failure,201.69,Returning customer with historical transaction activity.,Payment of ₹201.69 failed during the payment flow.,mandate_failure,mandate_retry,approved,recovered,201.69,2
CASE_00334,payment_failure,9959.17,Returning customer with historical transaction activity.,"Payment of ₹9,959.17 failed during the payment flow.",expired_card,payment_method_update,approved,recovered,9959.17,1
CASE_00335,payment_failure,7385.34,Returning customer with historical transaction activity.,"Payment of ₹7,385.34 failed during the payment flow.",bank_timeout,delayed_retry,approved,failed,0.0,0
CASE_00336,payment_failure,3105.86,Returning customer with historical transaction activity.,"Payment of ₹3,105.86 failed during the payment flow.",mandate_failure,mandate_retry,approved,recovered,3105.86,1
CASE_00337,payment_failure,6049.04,Returning customer with historical transaction activity.,"Payment of ₹6,049.04 failed during the payment flow.",network_error,retry,approved,failed,0.0,0
CASE_00338,payment_failure,6471.51,Returning customer with historical transaction activity.,"Payment of ₹6,471.51 failed during the payment flow.",mandate_failure,mandate_retry,approved,recovered,6471.51,3
CASE_00339,payment_failure,8539.87,Returning customer with historical transaction activity.,"Payment of ₹8,539.87 failed during the payment flow.",mandate_failure,mandate_retry,approved,failed,0.0,0
CASE_00340,payment_failure,4371.61,Returning customer with historical transaction activity.,"Payment of ₹4,371.61 failed during the payment flow.",network_error,retry,approved,recovered,4371.61,3
CASE_00341,payment_failure,603.41,Returning customer with historical transaction activity.,Payment of ₹603.41 failed during the payment flow.,expired_card,payment_method_update,approved,recovered,603.41,2
CASE_00342,payment_failure,5013.2,Returning customer with historical transaction activity.,"Payment of ₹5,013.20 failed during the payment flow.",network_error,retry,approved,recovered,5013.2,2
CASE_00343,payment_failure,12725.56,Returning customer with historical transaction activity.,"Payment of ₹12,725.56 failed during the payment flow.",expired_card,payment_method_update,approved,recovered,12725.56,1
CASE_00344,payment_failure,2603.71,Returning customer with historical transaction activity.,"Payment of ₹2,603.71 failed during the payment flow.",bank_timeout,delayed_retry,approved,recovered,2603.71,1
CASE_00345,payment_failure,7738.09,Returning customer with historical transaction activity.,"Payment of ₹7,738.09 failed during the payment flow.",expired_card,payment_method_update,approved,partial,4027.53,5
CASE_00346,payment_failure,292.99,Returning customer with historical transaction activity.,Payment of ₹292.99 failed during the payment flow.,expired_card,payment_method_update,approved,failed,0.0,0
CASE_00347,payment_failure,8225.3,Returning customer with historical transaction activity.,"Payment of ₹8,225.30 failed during the payment flow.",expired_card,payment_method_update,approved,recovered,8225.3,3
CASE_00348,payment_failure,11102.08,Returning customer with historical transaction activity.,"Payment of ₹11,102.08 failed during the payment flow.",expired_card,payment_method_update,approved,failed,0.0,0
CASE_00349,payment_failure,5966.87,Returning customer with historical transaction activity.,"Payment of ₹5,966.87 failed during the payment flow.",insufficient_funds,delayed_retry,approved,recovered,5966.87,1
CASE_00350,payment_failure,4086.92,Returning customer with historical transaction activity.,"Payment of ₹4,086.92 failed during the payment flow.",network_error,retry,approved,recovered,4086.92,3
CASE_00351,payment_failure,117.86,Returning customer with historical transaction activity.,Payment of ₹117.86 failed during the payment flow.,bank_timeout,delayed_retry,approved,partial,74.51,5
CASE_00352,payment_failure,1146.23,Returning customer with historical transaction activity.,"Payment of ₹1,146.23 failed during the payment flow.",expired_card,payment_method_update,approved,failed,0.0,0
CASE_00353,payment_failure,12610.19,Returning customer with historical transaction activity.,"Payment of ₹12,610.19 failed during the payment flow.",network_error,retry,approved,recovered,12610.19,1
CASE_00354,payment_failure,4838.9,Returning customer with historical transaction activity.,"Payment of ₹4,838.90 failed during the payment flow.",bank_timeout,delayed_retry,approved,recovered,4838.9,3
CASE_00355,payment_failure,3404.66,Returning customer with historical transaction activity.,"Payment of ₹3,404.66 failed during the payment flow.",mandate_failure,mandate_retry,approved,recovered,3404.66,3
CASE_00356,payment_failure,85566.36,Returning customer with historical transaction activity.,"Payment of ₹85,566.36 failed during the payment flow.",fraud_risk,block_and_escalate,blocked,blocked,0.0,0
CASE_00357,payment_failure,42485.21,Returning customer with historical transaction activity.,"Payment of ₹42,485.21 failed during the payment flow.",bank_timeout,delayed_retry,approved,recovered,42485.21,3
CASE_00358,payment_failure,7746.39,Returning customer with historical transaction activity.,"Payment of ₹7,746.39 failed during the payment flow.",bank_timeout,delayed_retry,approved,recovered,7746.39,3
CASE_00359,payment_failure,644.08,Returning customer with historical transaction activity.,Payment of ₹644.08 failed during the payment flow.,network_error,retry,approved,recovered,644.08,3
CASE_00360,payment_failure,1378.63,Returning customer with historical transaction activity.,"Payment of ₹1,378.63 failed during the payment flow.",insufficient_funds,delayed_retry,approved,failed,0.0,0
CASE_00361,payment_failure,10908.69,Returning customer with historical transaction activity.,"Payment of ₹10,908.69 failed during the payment flow.",insufficient_funds,delayed_retry,approved,failed,0.0,0
CASE_00362,payment_failure,2025.2,Returning customer with historical transaction activity.,"Payment of ₹2,025.20 failed during the payment flow.",insufficient_funds,delayed_retry,approved,recovered,2025.2,1
CASE_00363,payment_failure,3645.36,Returning customer with historical transaction activity.,"Payment of ₹3,645.36 failed during the payment flow.",network_error,retry,approved,recovered,3645.36,1
CASE_00364,payment_failure,709.65,Returning customer with historical transaction activity.,Payment of ₹709.65 failed during the payment flow.,expired_card,payment_method_update,approved,failed,0.0,0
CASE_00365,payment_failure,15333.42,Returning customer with historical transaction activity.,"Payment of ₹15,333.42 failed during the payment flow.",network_error,retry,approved,partial,8815.38,2
CASE_00366,payment_failure,948.69,Returning customer with historical transaction activity.,Payment of ₹948.69 failed during the payment flow.,insufficient_funds,delayed_retry,approved,failed,0.0,0
CASE_00367,payment_failure,4772.5,Returning customer with historical transaction activity.,"Payment of ₹4,772.50 failed during the payment flow.",mandate_failure,mandate_retry,approved,partial,3114.42,3
CASE_00368,payment_failure,5443.97,Returning customer with historical transaction activity.,"Payment of ₹5,443.97 failed during the payment flow.",mandate_failure,mandate_retry,approved,partial,3026.03,3
CASE_00369,payment_failure,4728.51,Returning customer with historical transaction activity.,"Payment of ₹4,728.51 failed during the payment flow.",network_error,retry,approved,recovered,4728.51,1
CASE_00370,payment_failure,3759.07,Returning customer with historical transaction activity.,"Payment of ₹3,759.07 failed during the payment flow.",expired_card,payment_method_update,approved,partial,942.43,3
CASE_00371,payment_failure,5355.16,Returning customer with historical transaction activity.,"Payment of ₹5,355.16 failed during the payment flow.",insufficient_funds,delayed_retry,approved,recovered,5355.16,1
CASE_00372,payment_failure,603.41,Returning customer with historical transaction activity.,Payment of ₹603.41 failed during the payment flow.,bank_timeout,delayed_retry,approved,recovered,603.41,2
CASE_00373,payment_failure,333.66,Returning customer with historical transaction activity.,Payment of ₹333.66 failed during the payment flow.,mandate_failure,mandate_retry,approved,recovered,333.66,1
CASE_00374,payment_failure,6139.51,Returning customer with historical transaction activity.,"Payment of ₹6,139.51 failed during the payment flow.",mandate_failure,mandate_retry,approved,recovered,6139.51,1
CASE_00375,payment_failure,32727.73,Returning customer with historical transaction activity.,"Payment of ₹32,727.73 failed during the payment flow.",expired_card,payment_method_update,approved,recovered,32727.73,2
CASE_00376,payment_failure,3146.53,Returning customer with historical transaction activity.,"Payment of ₹3,146.53 failed during the payment flow.",expired_card,payment_method_update,approved,recovered,3146.53,1
CASE_00377,payment_failure,11833.31,Returning customer with historical transaction activity.,"Payment of ₹11,833.31 failed during the payment flow.",mandate_failure,mandate_retry,approved,recovered,11833.31,1
CASE_00378,payment_failure,199.2,Returning customer with historical transaction activity.,Payment of ₹199.20 failed during the payment flow.,network_error,retry,approved,partial,119.0,3
CASE_00379,payment_failure,43884.59,Returning customer with historical transaction activity.,"Payment of ₹43,884.59 failed during the payment flow.",insufficient_funds,delayed_retry,approved,failed,0.0,0
CASE_00380,payment_failure,4491.13,Returning customer with historical transaction activity.,"Payment of ₹4,491.13 failed during the payment flow.",mandate_failure,mandate_retry,approved,recovered,4491.13,1
CASE_00381,payment_failure,2529.01,Returning customer with historical transaction activity.,"Payment of ₹2,529.01 failed during the payment flow.",mandate_failure,mandate_retry,approved,partial,1694.89,2
CASE_00382,payment_failure,6585.22,Returning customer with historical transaction activity.,"Payment of ₹6,585.22 failed during the payment flow.",insufficient_funds,delayed_retry,approved,failed,0.0,0
CASE_00383,payment_failure,3503.43,Returning customer with historical transaction activity.,"Payment of ₹3,503.43 failed during the payment flow.",mandate_failure,mandate_retry,approved,failed,0.0,0
CASE_00384,payment_failure,6441.63,Returning customer with historical transaction activity.,"Payment of ₹6,441.63 failed during the payment flow.",insufficient_funds,delayed_retry,approved,recovered,6441.63,3
CASE_00385,payment_failure,1146.23,Returning customer with historical transaction activity.,"Payment of ₹1,146.23 failed during the payment flow.",expired_card,payment_method_update,approved,failed,0.0,0
CASE_00386,payment_failure,4145.02,Returning customer with historical transaction activity.,"Payment of ₹4,145.02 failed during the payment flow.",expired_card,payment_method_update,approved,recovered,4145.02,1
CASE_00387,payment_failure,13418.61,Returning customer with historical transaction activity.,"Payment of ₹13,418.61 failed during the payment flow.",bank_timeout,delayed_retry,approved,failed,0.0,0
CASE_00388,payment_failure,6635.02,Returning customer with historical transaction activity.,"Payment of ₹6,635.02 failed during the payment flow.",network_error,retry,approved,recovered,6635.02,1
CASE_00389,payment_failure,6398.47,Returning customer with historical transaction activity.,"Payment of ₹6,398.47 failed during the payment flow.",insufficient_funds,delayed_retry,approved,partial,3536.7,6
CASE_00390,payment_failure,4199.8,Returning customer with historical transaction activity.,"Payment of ₹4,199.80 failed during the payment flow.",network_error,retry,approved,recovered,4199.8,2
CASE_00391,payment_failure,377.65,Returning customer with historical transaction activity.,Payment of ₹377.65 failed during the payment flow.,network_error,retry,approved,recovered,377.65,2
CASE_00392,payment_failure,5541.91,Returning customer with historical transaction activity.,"Payment of ₹5,541.91 failed during the payment flow.",mandate_failure,mandate_retry,approved,partial,4065.31,4
CASE_00393,payment_failure,4658.79,Returning customer with historical transaction activity.,"Payment of ₹4,658.79 failed during the payment flow.",network_error,retry,approved,recovered,4658.79,2
CASE_00394,payment_failure,5830.75,Returning customer with historical transaction activity.,"Payment of ₹5,830.75 failed during the payment flow.",bank_timeout,delayed_retry,approved,recovered,5830.75,3
CASE_00395,payment_failure,1406.85,Returning customer with historical transaction activity.,"Payment of ₹1,406.85 failed during the payment flow.",mandate_failure,mandate_retry,approved,partial,931.92,3
CASE_00396,payment_failure,668.98,Returning customer with historical transaction activity.,Payment of ₹668.98 failed during the payment flow.,mandate_failure,mandate_retry,approved,recovered,668.98,3
CASE_00397,payment_failure,5579.26,Returning customer with historical transaction activity.,"Payment of ₹5,579.26 failed during the payment flow.",bank_timeout,delayed_retry,approved,recovered,5579.26,2
CASE_00398,payment_failure,3148.19,Returning customer with historical transaction activity.,"Payment of ₹3,148.19 failed during the payment flow.",expired_card,payment_method_update,approved,recovered,3148.19,2
CASE_00399,payment_failure,15895.33,Returning customer with historical transaction activity.,"Payment of ₹15,895.33 failed during the payment flow.",network_error,retry,approved,failed,0.0,0
CASE_00400,payment_failure,131.97,Returning customer with historical transaction activity.,Payment of ₹131.97 failed during the payment flow.,bank_timeout,delayed_retry,approved,recovered,131.97,1
CASE_00401,payment_failure,15159.12,Returning customer with historical transaction activity.,"Payment of ₹15,159.12 failed during the payment flow.",bank_timeout,delayed_retry,approved,recovered,15159.12,1
CASE_00402,payment_failure,158.53,Returning customer with historical transaction activity.,Payment of ₹158.53 failed during the payment flow.,bank_timeout,delayed_retry,approved,recovered,158.53,1
CASE_00403,payment_failure,2046.78,Returning customer with historical transaction activity.,"Payment of ₹2,046.78 failed during the payment flow.",expired_card,payment_method_update,approved,failed,0.0,0
CASE_00404,payment_failure,11627.47,Returning customer with historical transaction activity.,"Payment of ₹11,627.47 failed during the payment flow.",network_error,retry,approved,recovered,11627.47,3
CASE_00405,payment_failure,371.01,Returning customer with historical transaction activity.,Payment of ₹371.01 failed during the payment flow.,bank_timeout,delayed_retry,approved,recovered,371.01,1
CASE_00406,payment_failure,5709.57,Returning customer with historical transaction activity.,"Payment of ₹5,709.57 failed during the payment flow.",mandate_failure,mandate_retry,approved,failed,0.0,0
CASE_00407,payment_failure,525991.75,Returning customer with historical transaction activity.,"Payment of ₹525,991.75 failed during the payment flow.",expired_card,payment_method_update,approved,failed,0.0,0
CASE_00408,payment_failure,366.03,Returning customer with historical transaction activity.,Payment of ₹366.03 failed during the payment flow.,mandate_failure,mandate_retry,approved,recovered,366.03,3
CASE_00409,payment_failure,6280.61,Returning customer with historical transaction activity.,"Payment of ₹6,280.61 failed during the payment flow.",network_error,retry,approved,failed,0.0,0
CASE_00410,payment_failure,4878.74,Returning customer with historical transaction activity.,"Payment of ₹4,878.74 failed during the payment flow.",mandate_failure,mandate_retry,approved,recovered,4878.74,2
CASE_00411,payment_failure,4908.62,Returning customer with historical transaction activity.,"Payment of ₹4,908.62 failed during the payment flow.",insufficient_funds,delayed_retry,approved,recovered,4908.62,3
CASE_00412,payment_failure,17374.39,Returning customer with historical transaction activity.,"Payment of ₹17,374.39 failed during the payment flow.",expired_card,payment_method_update,approved,failed,0.0,0
CASE_00413,payment_failure,780.2,Returning customer with historical transaction activity.,Payment of ₹780.20 failed during the payment flow.,insufficient_funds,delayed_retry,approved,failed,0.0,0
CASE_00414,payment_failure,5227.34,Returning customer with historical transaction activity.,"Payment of ₹5,227.34 failed during the payment flow.",bank_timeout,delayed_retry,approved,recovered,5227.34,1
CASE_00415,payment_failure,3746.62,Returning customer with historical transaction activity.,"Payment of ₹3,746.62 failed during the payment flow.",expired_card,payment_method_update,approved,recovered,3746.62,2
CASE_00416,payment_failure,2724.06,Returning customer with historical transaction activity.,"Payment of ₹2,724.06 failed during the payment flow.",expired_card,payment_method_update,approved,recovered,2724.06,1
CASE_00417,payment_failure,12175.27,Returning customer with historical transaction activity.,"Payment of ₹12,175.27 failed during the payment flow.",network_error,retry,approved,recovered,12175.27,2
CASE_00418,payment_failure,3632.91,Returning customer with historical transaction activity.,"Payment of ₹3,632.91 failed during the payment flow.",expired_card,payment_method_update,approved,failed,0.0,0
CASE_00419,payment_failure,2387.91,Returning customer with historical transaction activity.,"Payment of ₹2,387.91 failed during the payment flow.",expired_card,payment_method_update,approved,failed,0.0,0
CASE_00420,payment_failure,419.15,Returning customer with historical transaction activity.,Payment of ₹419.15 failed during the payment flow.,bank_timeout,delayed_retry,approved,recovered,419.15,3
CASE_00421,payment_failure,11437.4,Returning customer with historical transaction activity.,"Payment of ₹11,437.40 failed during the payment flow.",bank_timeout,delayed_retry,approved,recovered,11437.4,2
CASE_00422,payment_failure,156.87,Returning customer with historical transaction activity.,Payment of ₹156.87 failed during the payment flow.,insufficient_funds,delayed_retry,approved,recovered,156.87,3
CASE_00423,payment_failure,3418.77,Returning customer with historical transaction activity.,"Payment of ₹3,418.77 failed during the payment flow.",mandate_failure,mandate_retry,approved,recovered,3418.77,3
CASE_00424,payment_failure,173.47,Returning customer with historical transaction activity.,Payment of ₹173.47 failed during the payment flow.,expired_card,payment_method_update,approved,partial,94.3,5
CASE_00425,payment_failure,6161.92,Returning customer with historical transaction activity.,"Payment of ₹6,161.92 failed during the payment flow.",network_error,retry,approved,recovered,6161.92,3
CASE_00426,payment_failure,5935.33,Returning customer with historical transaction activity.,"Payment of ₹5,935.33 failed during the payment flow.",insufficient_funds,delayed_retry,approved,partial,4127.99,3
CASE_00427,payment_failure,5301.21,Returning customer with historical transaction activity.,"Payment of ₹5,301.21 failed during the payment flow.",network_error,retry,approved,recovered,5301.21,2
CASE_00428,payment_failure,735.38,Returning customer with historical transaction activity.,Payment of ₹735.38 failed during the payment flow.,mandate_failure,mandate_retry,approved,recovered,735.38,3
CASE_00429,payment_failure,603.41,Returning customer with historical transaction activity.,Payment of ₹603.41 failed during the payment flow.,network_error,retry,approved,failed,0.0,0
CASE_00430,payment_failure,18391.14,Returning customer with historical transaction activity.,"Payment of ₹18,391.14 failed during the payment flow.",bank_timeout,delayed_retry,approved,recovered,18391.14,2
CASE_00431,payment_failure,2434.39,Returning customer with historical transaction activity.,"Payment of ₹2,434.39 failed during the payment flow.",mandate_failure,mandate_retry,approved,recovered,2434.39,2
CASE_00432,payment_failure,5953.59,Returning customer with historical transaction activity.,"Payment of ₹5,953.59 failed during the payment flow.",expired_card,payment_method_update,approved,failed,0.0,0
CASE_00433,payment_failure,11735.37,Returning customer with historical transaction activity.,"Payment of ₹11,735.37 failed during the payment flow.",mandate_failure,mandate_retry,approved,recovered,11735.37,3
CASE_00434,payment_failure,8379.68,Returning customer with historical transaction activity.,"Payment of ₹8,379.68 failed during the payment flow.",bank_timeout,delayed_retry,approved,recovered,8379.68,3
CASE_00435,payment_failure,3490.98,Returning customer with historical transaction activity.,"Payment of ₹3,490.98 failed during the payment flow.",expired_card,payment_method_update,approved,recovered,3490.98,1
CASE_00436,payment_failure,5271.33,Returning customer with historical transaction activity.,"Payment of ₹5,271.33 failed during the payment flow.",network_error,retry,approved,recovered,5271.33,2
CASE_00437,payment_failure,1687.39,Returning customer with historical transaction activity.,"Payment of ₹1,687.39 failed during the payment flow.",insufficient_funds,delayed_retry,approved,failed,0.0,0
CASE_00438,payment_failure,7936.46,Returning customer with historical transaction activity.,"Payment of ₹7,936.46 failed during the payment flow.",mandate_failure,mandate_retry,approved,recovered,7936.46,1
CASE_00439,payment_failure,4533.46,Returning customer with historical transaction activity.,"Payment of ₹4,533.46 failed during the payment flow.",mandate_failure,mandate_retry,approved,partial,2530.52,4
CASE_00440,payment_failure,3963.25,Returning customer with historical transaction activity.,"Payment of ₹3,963.25 failed during the payment flow.",network_error,retry,approved,recovered,3963.25,2
CASE_00441,payment_failure,18123.88,Returning customer with historical transaction activity.,"Payment of ₹18,123.88 failed during the payment flow.",insufficient_funds,delayed_retry,approved,recovered,18123.88,2
CASE_00442,payment_failure,2244.32,Returning customer with historical transaction activity.,"Payment of ₹2,244.32 failed during the payment flow.",insufficient_funds,delayed_retry,approved,failed,0.0,0
CASE_00443,payment_failure,5428.2,Returning customer with historical transaction activity.,"Payment of ₹5,428.20 failed during the payment flow.",insufficient_funds,delayed_retry,approved,recovered,5428.2,1
CASE_00444,payment_failure,614.2,Returning customer with historical transaction activity.,Payment of ₹614.20 failed during the payment flow.,network_error,retry,approved,recovered,614.2,1
CASE_00445,payment_failure,102.92,Returning customer with historical transaction activity.,Payment of ₹102.92 failed during the payment flow.,expired_card,payment_method_update,approved,failed,0.0,0
CASE_00446,payment_failure,6100.5,Returning customer with historical transaction activity.,"Payment of ₹6,100.50 failed during the payment flow.",bank_timeout,delayed_retry,approved,recovered,6100.5,3
CASE_00447,payment_failure,3503.43,Returning customer with historical transaction activity.,"Payment of ₹3,503.43 failed during the payment flow.",mandate_failure,mandate_retry,approved,recovered,3503.43,1
CASE_00448,payment_failure,8812.94,Returning customer with historical transaction activity.,"Payment of ₹8,812.94 failed during the payment flow.",mandate_failure,mandate_retry,approved,partial,4617.25,3
CASE_00449,payment_failure,9420.5,Returning customer with historical transaction activity.,"Payment of ₹9,420.50 failed during the payment flow.",network_error,retry,approved,recovered,9420.5,2
CASE_00450,payment_failure,3210.44,Returning customer with historical transaction activity.,"Payment of ₹3,210.44 failed during the payment flow.",insufficient_funds,delayed_retry,approved,failed,0.0,0
CASE_00451,payment_failure,8029.42,Returning customer with historical transaction activity.,"Payment of ₹8,029.42 failed during the payment flow.",bank_timeout,delayed_retry,approved,recovered,8029.42,1
CASE_00452,payment_failure,6161.92,Returning customer with historical transaction activity.,"Payment of ₹6,161.92 failed during the payment flow.",expired_card,payment_method_update,approved,failed,0.0,0
CASE_00453,payment_failure,2667.62,Returning customer with historical transaction activity.,"Payment of ₹2,667.62 failed during the payment flow.",expired_card,payment_method_update,approved,failed,0.0,0
CASE_00454,payment_failure,2128.12,Returning customer with historical transaction activity.,"Payment of ₹2,128.12 failed during the payment flow.",expired_card,payment_method_update,approved,failed,0.0,0
CASE_00455,payment_failure,5733.64,Returning customer with historical transaction activity.,"Payment of ₹5,733.64 failed during the payment flow.",insufficient_funds,delayed_retry,approved,failed,0.0,0
CASE_00456,payment_failure,11878.96,Returning customer with historical transaction activity.,"Payment of ₹11,878.96 failed during the payment flow.",expired_card,payment_method_update,approved,recovered,11878.96,2
CASE_00457,payment_failure,614.2,Returning customer with historical transaction activity.,Payment of ₹614.20 failed during the payment flow.,bank_timeout,delayed_retry,approved,recovered,614.2,1
CASE_00458,payment_failure,131.97,Returning customer with historical transaction activity.,Payment of ₹131.97 failed during the payment flow.,mandate_failure,mandate_retry,approved,recovered,131.97,1
CASE_00459,payment_failure,5709.57,Returning customer with historical transaction activity.,"Payment of ₹5,709.57 failed during the payment flow.",mandate_failure,mandate_retry,approved,recovered,5709.57,2
CASE_00460,payment_failure,511.28,Returning customer with historical transaction activity.,Payment of ₹511.28 failed during the payment flow.,mandate_failure,mandate_retry,approved,recovered,511.28,3
CASE_00461,payment_failure,11831.65,Returning customer with historical transaction activity.,"Payment of ₹11,831.65 failed during the payment flow.",bank_timeout,delayed_retry,approved,recovered,11831.65,2
CASE_00462,payment_failure,1964.61,Returning customer with historical transaction activity.,"Payment of ₹1,964.61 failed during the payment flow.",bank_timeout,delayed_retry,approved,recovered,1964.61,2
CASE_00463,payment_failure,5443.97,Returning customer with historical transaction activity.,"Payment of ₹5,443.97 failed during the payment flow.",bank_timeout,delayed_retry,approved,recovered,5443.97,1
CASE_00464,payment_failure,5707.08,Returning customer with historical transaction activity.,"Payment of ₹5,707.08 failed during the payment flow.",mandate_failure,mandate_retry,approved,recovered,5707.08,3
CASE_00465,payment_failure,362.71,Returning customer with historical transaction activity.,Payment of ₹362.71 failed during the payment flow.,expired_card,payment_method_update,approved,recovered,362.71,3
CASE_00466,payment_failure,3032.82,Returning customer with historical transaction activity.,"Payment of ₹3,032.82 failed during the payment flow.",network_error,retry,approved,partial,2130.93,2
CASE_00467,payment_failure,7557.98,Returning customer with historical transaction activity.,"Payment of ₹7,557.98 failed during the payment flow.",network_error,retry,approved,recovered,7557.98,1
CASE_00468,payment_failure,6157.77,Returning customer with historical transaction activity.,"Payment of ₹6,157.77 failed during the payment flow.",insufficient_funds,delayed_retry,approved,recovered,6157.77,3
CASE_00469,payment_failure,1788.65,Returning customer with historical transaction activity.,"Payment of ₹1,788.65 failed during the payment flow.",network_error,retry,approved,recovered,1788.65,3
CASE_00470,payment_failure,2002.79,Returning customer with historical transaction activity.,"Payment of ₹2,002.79 failed during the payment flow.",bank_timeout,delayed_retry,approved,recovered,2002.79,1
CASE_00471,payment_failure,771.07,Returning customer with historical transaction activity.,Payment of ₹771.07 failed during the payment flow.,bank_timeout,delayed_retry,approved,failed,0.0,0
CASE_00472,payment_failure,812.57,Returning customer with historical transaction activity.,Payment of ₹812.57 failed during the payment flow.,network_error,retry,approved,recovered,812.57,1
CASE_00473,payment_failure,3975.7,Returning customer with historical transaction activity.,"Payment of ₹3,975.70 failed during the payment flow.",network_error,retry,approved,recovered,3975.7,2
CASE_00474,payment_failure,3789.78,Returning customer with historical transaction activity.,"Payment of ₹3,789.78 failed during the payment flow.",network_error,retry,approved,recovered,3789.78,2
CASE_00475,payment_failure,390.1,Returning customer with historical transaction activity.,Payment of ₹390.10 failed during the payment flow.,insufficient_funds,delayed_retry,approved,failed,0.0,0
CASE_00476,payment_failure,18837.68,Returning customer with historical transaction activity.,"Payment of ₹18,837.68 failed during the payment flow.",expired_card,payment_method_update,approved,failed,0.0,0
CASE_00477,payment_failure,4069.49,Returning customer with historical transaction activity.,"Payment of ₹4,069.49 failed during the payment flow.",insufficient_funds,delayed_retry,approved,recovered,4069.49,1
CASE_00478,payment_failure,6435.82,Returning customer with historical transaction activity.,"Payment of ₹6,435.82 failed during the payment flow.",insufficient_funds,delayed_retry,approved,recovered,6435.82,1
CASE_00479,payment_failure,4256.24,Returning customer with historical transaction activity.,"Payment of ₹4,256.24 failed during the payment flow.",expired_card,payment_method_update,approved,failed,0.0,0
CASE_00480,payment_failure,6989.43,Returning customer with historical transaction activity.,"Payment of ₹6,989.43 failed during the payment flow.",insufficient_funds,delayed_retry,approved,recovered,6989.43,1
CASE_00481,payment_failure,1584.47,Returning customer with historical transaction activity.,"Payment of ₹1,584.47 failed during the payment flow.",network_error,retry,approved,recovered,1584.47,3
CASE_00482,payment_failure,2026.03,Returning customer with historical transaction activity.,"Payment of ₹2,026.03 failed during the payment flow.",bank_timeout,delayed_retry,approved,recovered,2026.03,3
CASE_00483,payment_failure,199.2,Returning customer with historical transaction activity.,Payment of ₹199.20 failed during the payment flow.,network_error,retry,approved,recovered,199.2,2
CASE_00484,payment_failure,359.39,Returning customer with historical transaction activity.,Payment of ₹359.39 failed during the payment flow.,expired_card,payment_method_update,approved,failed,0.0,0
CASE_00485,payment_failure,5401.64,Returning customer with historical transaction activity.,"Payment of ₹5,401.64 failed during the payment flow.",mandate_failure,mandate_retry,approved,recovered,5401.64,1
CASE_00486,payment_failure,5202.44,Returning customer with historical transaction activity.,"Payment of ₹5,202.44 failed during the payment flow.",insufficient_funds,delayed_retry,approved,recovered,5202.44,3
CASE_00487,payment_failure,650.72,Returning customer with historical transaction activity.,Payment of ₹650.72 failed during the payment flow.,mandate_failure,mandate_retry,approved,recovered,650.72,1
CASE_00488,payment_failure,297.14,Returning customer with historical transaction activity.,Payment of ₹297.14 failed during the payment flow.,expired_card,payment_method_update,approved,failed,0.0,0
CASE_00489,payment_failure,1694.86,Returning customer with historical transaction activity.,"Payment of ₹1,694.86 failed during the payment flow.",mandate_failure,mandate_retry,approved,recovered,1694.86,2
CASE_00490,payment_failure,5556.02,Returning customer with historical transaction activity.,"Payment of ₹5,556.02 failed during the payment flow.",insufficient_funds,delayed_retry,approved,failed,0.0,0
CASE_00491,payment_failure,8557.3,Returning customer with historical transaction activity.,"Payment of ₹8,557.30 failed during the payment flow.",bank_timeout,delayed_retry,approved,recovered,8557.3,2
CASE_00492,payment_failure,6008.37,Returning customer with historical transaction activity.,"Payment of ₹6,008.37 failed during the payment flow.",expired_card,payment_method_update,approved,failed,0.0,0
CASE_00493,payment_failure,5091.22,Returning customer with historical transaction activity.,"Payment of ₹5,091.22 failed during the payment flow.",expired_card,payment_method_update,approved,recovered,5091.22,1
CASE_00494,payment_failure,491.36,Returning customer with historical transaction activity.,Payment of ₹491.36 failed during the payment flow.,network_error,retry,approved,recovered,491.36,2
CASE_00495,payment_failure,1477.4,Returning customer with historical transaction activity.,"Payment of ₹1,477.40 failed during the payment flow.",mandate_failure,mandate_retry,approved,recovered,1477.4,3
CASE_00496,payment_failure,491.36,Returning customer with historical transaction activity.,Payment of ₹491.36 failed during the payment flow.,bank_timeout,delayed_retry,approved,recovered,491.36,3
CASE_00497,payment_failure,5709.57,Returning customer with historical transaction activity.,"Payment of ₹5,709.57 failed during the payment flow.",mandate_failure,mandate_retry,approved,recovered,5709.57,3
CASE_00498,payment_failure,112.05,Returning customer with historical transaction activity.,Payment of ₹112.05 failed during the payment flow.,network_error,retry,approved,recovered,112.05,1
CASE_00499,payment_failure,929.6,Returning customer with historical transaction activity.,Payment of ₹929.60 failed during the payment flow.,bank_timeout,delayed_retry,approved,recovered,929.6,3
CASE_00500,payment_failure,7705.72,Returning customer with historical transaction activity.,"Payment of ₹7,705.72 failed during the payment flow.",insufficient_funds,delayed_retry,approved,failed,0.0,0
CASE_00501,payment_failure,6491.43,Returning customer with historical transaction activity.,"Payment of ₹6,491.43 failed during the payment flow.",bank_timeout,delayed_retry,approved,recovered,6491.43,3
CASE_00502,payment_failure,413.34,Returning customer with historical transaction activity.,Payment of ₹413.34 failed during the payment flow.,network_error,retry,approved,partial,268.17,3
CASE_00503,payment_failure,2411.98,Returning customer with historical transaction activity.,"Payment of ₹2,411.98 failed during the payment flow.",bank_timeout,delayed_retry,approved,recovered,2411.98,3
CASE_00504,payment_failure,1146.23,Returning customer with historical transaction activity.,"Payment of ₹1,146.23 failed during the payment flow.",expired_card,payment_method_update,approved,failed,0.0,0
CASE_00505,payment_failure,653.21,Returning customer with historical transaction activity.,Payment of ₹653.21 failed during the payment flow.,expired_card,payment_method_update,approved,recovered,653.21,3
CASE_00506,payment_failure,766.09,Returning customer with historical transaction activity.,Payment of ₹766.09 failed during the payment flow.,bank_timeout,delayed_retry,approved,recovered,766.09,2
CASE_00507,payment_failure,297.14,Returning customer with historical transaction activity.,Payment of ₹297.14 failed during the payment flow.,mandate_failure,mandate_retry,approved,recovered,297.14,3
CASE_00508,payment_failure,5351.84,Returning customer with historical transaction activity.,"Payment of ₹5,351.84 failed during the payment flow.",expired_card,payment_method_update,approved,partial,3236.02,2
CASE_00509,payment_failure,2772.2,Returning customer with historical transaction activity.,"Payment of ₹2,772.20 failed during the payment flow.",insufficient_funds,delayed_retry,approved,failed,0.0,0
CASE_00510,payment_failure,3352.37,Returning customer with historical transaction activity.,"Payment of ₹3,352.37 failed during the payment flow.",expired_card,payment_method_update,approved,failed,0.0,0
CASE_00511,payment_failure,287.18,Returning customer with historical transaction activity.,Payment of ₹287.18 failed during the payment flow.,insufficient_funds,delayed_retry,approved,recovered,287.18,2
CASE_00512,payment_failure,10195.72,Returning customer with historical transaction activity.,"Payment of ₹10,195.72 failed during the payment flow.",expired_card,payment_method_update,approved,recovered,10195.72,1
CASE_00513,payment_failure,6585.22,Returning customer with historical transaction activity.,"Payment of ₹6,585.22 failed during the payment flow.",bank_timeout,delayed_retry,approved,partial,2941.92,4
CASE_00514,payment_failure,5396.66,Returning customer with historical transaction activity.,"Payment of ₹5,396.66 failed during the payment flow.",network_error,retry,approved,recovered,5396.66,2
CASE_00515,payment_failure,12279.85,Returning customer with historical transaction activity.,"Payment of ₹12,279.85 failed during the payment flow.",insufficient_funds,delayed_retry,approved,partial,8895.49,4
CASE_00516,payment_failure,1897.38,Returning customer with historical transaction activity.,"Payment of ₹1,897.38 failed during the payment flow.",network_error,retry,approved,recovered,1897.38,1
CASE_00517,payment_failure,5971.85,Returning customer with historical transaction activity.,"Payment of ₹5,971.85 failed during the payment flow.",bank_timeout,delayed_retry,approved,recovered,5971.85,2
CASE_00518,payment_failure,7888.32,Returning customer with historical transaction activity.,"Payment of ₹7,888.32 failed during the payment flow.",bank_timeout,delayed_retry,approved,recovered,7888.32,1
CASE_00519,payment_failure,164.34,Returning customer with historical transaction activity.,Payment of ₹164.34 failed during the payment flow.,expired_card,payment_method_update,approved,recovered,164.34,2
CASE_00520,payment_failure,6137.02,Returning customer with historical transaction activity.,"Payment of ₹6,137.02 failed during the payment flow.",mandate_failure,mandate_retry,approved,partial,2359.9,5
CASE_00521,payment_failure,4453.78,Returning customer with historical transaction activity.,"Payment of ₹4,453.78 failed during the payment flow.",expired_card,payment_method_update,approved,recovered,4453.78,1
CASE_00522,payment_failure,1818.53,Returning customer with historical transaction activity.,"Payment of ₹1,818.53 failed during the payment flow.",expired_card,payment_method_update,approved,failed,0.0,0
CASE_00523,payment_failure,104.58,Returning customer with historical transaction activity.,Payment of ₹104.58 failed during the payment flow.,expired_card,payment_method_update,approved,recovered,104.58,3
CASE_00524,payment_failure,4543.42,Returning customer with historical transaction activity.,"Payment of ₹4,543.42 failed during the payment flow.",expired_card,payment_method_update,approved,failed,0.0,0
CASE_00525,payment_failure,3437.86,Returning customer with historical transaction activity.,"Payment of ₹3,437.86 failed during the payment flow.",insufficient_funds,delayed_retry,approved,recovered,3437.86,1
CASE_00526,payment_failure,956.16,Returning customer with historical transaction activity.,Payment of ₹956.16 failed during the payment flow.,mandate_failure,mandate_retry,approved,recovered,956.16,1
CASE_00527,payment_failure,3272.69,Returning customer with historical transaction activity.,"Payment of ₹3,272.69 failed during the payment flow.",network_error,retry,approved,recovered,3272.69,1
CASE_00528,payment_failure,549.46,Returning customer with historical transaction activity.,Payment of ₹549.46 failed during the payment flow.,mandate_failure,mandate_retry,approved,recovered,549.46,3
CASE_00529,payment_failure,6276.46,Returning customer with historical transaction activity.,"Payment of ₹6,276.46 failed during the payment flow.",network_error,retry,approved,recovered,6276.46,3
CASE_00530,payment_failure,5902.96,Returning customer with historical transaction activity.,"Payment of ₹5,902.96 failed during the payment flow.",mandate_failure,mandate_retry,approved,failed,0.0,0
CASE_00531,payment_failure,289.67,Returning customer with historical transaction activity.,Payment of ₹289.67 failed during the payment flow.,network_error,retry,approved,recovered,289.67,1
CASE_00532,payment_failure,3266.05,Returning customer with historical transaction activity.,"Payment of ₹3,266.05 failed during the payment flow.",bank_timeout,delayed_retry,approved,recovered,3266.05,3
CASE_00533,payment_failure,720.44,Returning customer with historical transaction activity.,Payment of ₹720.44 failed during the payment flow.,bank_timeout,delayed_retry,approved,recovered,720.44,1
CASE_00534,payment_failure,711.31,Returning customer with historical transaction activity.,Payment of ₹711.31 failed during the payment flow.,network_error,retry,approved,recovered,711.31,2
CASE_00535,payment_failure,6082.24,Returning customer with historical transaction activity.,"Payment of ₹6,082.24 failed during the payment flow.",mandate_failure,mandate_retry,approved,recovered,6082.24,1
CASE_00536,payment_failure,11294.64,Returning customer with historical transaction activity.,"Payment of ₹11,294.64 failed during the payment flow.",expired_card,payment_method_update,approved,failed,0.0,0
CASE_00537,payment_failure,716.29,Returning customer with historical transaction activity.,Payment of ₹716.29 failed during the payment flow.,mandate_failure,mandate_retry,approved,recovered,716.29,3
CASE_00538,payment_failure,5764.35,Returning customer with historical transaction activity.,"Payment of ₹5,764.35 failed during the payment flow.",mandate_failure,mandate_retry,approved,recovered,5764.35,2
CASE_00539,payment_failure,8615.4,Returning customer with historical transaction activity.,"Payment of ₹8,615.40 failed during the payment flow.",mandate_failure,mandate_retry,approved,recovered,8615.4,2
CASE_00540,payment_failure,4678.71,Returning customer with historical transaction activity.,"Payment of ₹4,678.71 failed during the payment flow.",insufficient_funds,delayed_retry,approved,recovered,4678.71,2
CASE_00541,payment_failure,4345.05,Returning customer with historical transaction activity.,"Payment of ₹4,345.05 failed during the payment flow.",network_error,retry,approved,recovered,4345.05,3
CASE_00542,payment_failure,429.11,Returning customer with historical transaction activity.,Payment of ₹429.11 failed during the payment flow.,mandate_failure,mandate_retry,approved,recovered,429.11,3
CASE_00543,payment_failure,3237.0,Returning customer with historical transaction activity.,"Payment of ₹3,237.00 failed during the payment flow.",mandate_failure,mandate_retry,approved,recovered,3237.0,3
CASE_00544,payment_failure,1386.1,Returning customer with historical transaction activity.,"Payment of ₹1,386.10 failed during the payment flow.",insufficient_funds,delayed_retry,approved,recovered,1386.1,1
CASE_00545,payment_failure,4564.17,Returning customer with historical transaction activity.,"Payment of ₹4,564.17 failed during the payment flow.",insufficient_funds,delayed_retry,approved,recovered,4564.17,1
CASE_00546,payment_failure,595.94,Returning customer with historical transaction activity.,Payment of ₹595.94 failed during the payment flow.,insufficient_funds,delayed_retry,approved,failed,0.0,0
CASE_00547,payment_failure,2895.04,Returning customer with historical transaction activity.,"Payment of ₹2,895.04 failed during the payment flow.",network_error,retry,approved,recovered,2895.04,2
CASE_00548,payment_failure,2434.39,Returning customer with historical transaction activity.,"Payment of ₹2,434.39 failed during the payment flow.",insufficient_funds,delayed_retry,approved,recovered,2434.39,1
CASE_00549,payment_failure,6472.34,Returning customer with historical transaction activity.,"Payment of ₹6,472.34 failed during the payment flow.",expired_card,payment_method_update,approved,recovered,6472.34,2
CASE_00550,payment_failure,8085.03,Returning customer with historical transaction activity.,"Payment of ₹8,085.03 failed during the payment flow.",network_error,retry,approved,recovered,8085.03,1
CASE_00551,payment_failure,2050.1,Returning customer with historical transaction activity.,"Payment of ₹2,050.10 failed during the payment flow.",insufficient_funds,delayed_retry,approved,failed,0.0,0
CASE_00552,payment_failure,1508.11,Returning customer with historical transaction activity.,"Payment of ₹1,508.11 failed during the payment flow.",expired_card,payment_method_update,approved,recovered,1508.11,3
CASE_00553,payment_failure,800.95,Returning customer with historical transaction activity.,Payment of ₹800.95 failed during the payment flow.,bank_timeout,delayed_retry,approved,recovered,800.95,3
CASE_00554,payment_failure,1096.43,Returning customer with historical transaction activity.,"Payment of ₹1,096.43 failed during the payment flow.",insufficient_funds,delayed_retry,approved,recovered,1096.43,2
CASE_00555,payment_failure,1548.78,Returning customer with historical transaction activity.,"Payment of ₹1,548.78 failed during the payment flow.",mandate_failure,mandate_retry,approved,recovered,1548.78,3
CASE_00556,payment_failure,4042.1,Returning customer with historical transaction activity.,"Payment of ₹4,042.10 failed during the payment flow.",mandate_failure,mandate_retry,approved,recovered,4042.1,2
CASE_00557,payment_failure,353.58,Returning customer with historical transaction activity.,Payment of ₹353.58 failed during the payment flow.,network_error,retry,approved,recovered,353.58,1
CASE_00558,payment_failure,2624.46,Returning customer with historical transaction activity.,"Payment of ₹2,624.46 failed during the payment flow.",bank_timeout,delayed_retry,approved,partial,1656.54,3
CASE_00559,payment_failure,697.2,Returning customer with historical transaction activity.,Payment of ₹697.20 failed during the payment flow.,expired_card,payment_method_update,approved,recovered,697.2,1
CASE_00560,payment_failure,3054.4,Returning customer with historical transaction activity.,"Payment of ₹3,054.40 failed during the payment flow.",insufficient_funds,delayed_retry,approved,recovered,3054.4,3
CASE_00561,payment_failure,8830.37,Returning customer with historical transaction activity.,"Payment of ₹8,830.37 failed during the payment flow.",bank_timeout,delayed_retry,approved,partial,6089.34,5
CASE_00562,payment_failure,6004.22,Returning customer with historical transaction activity.,"Payment of ₹6,004.22 failed during the payment flow.",network_error,retry,approved,recovered,6004.22,2
CASE_00563,payment_failure,4622.27,Returning customer with historical transaction activity.,"Payment of ₹4,622.27 failed during the payment flow.",expired_card,payment_method_update,approved,recovered,4622.27,1
CASE_00564,payment_failure,3498.45,Returning customer with historical transaction activity.,"Payment of ₹3,498.45 failed during the payment flow.",insufficient_funds,delayed_retry,approved,recovered,3498.45,1
CASE_00565,payment_failure,142.76,Returning customer with historical transaction activity.,Payment of ₹142.76 failed during the payment flow.,network_error,retry,approved,recovered,142.76,3
CASE_00566,payment_failure,803.44,Returning customer with historical transaction activity.,Payment of ₹803.44 failed during the payment flow.,expired_card,payment_method_update,approved,recovered,803.44,3
CASE_00567,payment_failure,13234.35,Returning customer with historical transaction activity.,"Payment of ₹13,234.35 failed during the payment flow.",mandate_failure,mandate_retry,approved,recovered,13234.35,3
CASE_00568,payment_failure,20504.32,Returning customer with historical transaction activity.,"Payment of ₹20,504.32 failed during the payment flow.",bank_timeout,delayed_retry,approved,recovered,20504.32,2
CASE_00569,payment_failure,1795.29,Returning customer with historical transaction activity.,"Payment of ₹1,795.29 failed during the payment flow.",network_error,retry,approved,partial,1043.65,6
CASE_00570,payment_failure,2060.06,Returning customer with historical transaction activity.,"Payment of ₹2,060.06 failed during the payment flow.",network_error,retry,approved,partial,1493.09,6
CASE_00571,payment_failure,756.96,Returning customer with historical transaction activity.,Payment of ₹756.96 failed during the payment flow.,network_error,retry,approved,recovered,756.96,2
CASE_00572,payment_failure,2637.74,Returning customer with historical transaction activity.,"Payment of ₹2,637.74 failed during the payment flow.",mandate_failure,mandate_retry,approved,recovered,2637.74,1
CASE_00573,payment_failure,11273.06,Returning customer with historical transaction activity.,"Payment of ₹11,273.06 failed during the payment flow.",network_error,retry,approved,recovered,11273.06,3
CASE_00574,payment_failure,2148.87,Returning customer with historical transaction activity.,"Payment of ₹2,148.87 failed during the payment flow.",network_error,retry,approved,recovered,2148.87,2
CASE_00575,payment_failure,269.75,Returning customer with historical transaction activity.,Payment of ₹269.75 failed during the payment flow.,bank_timeout,delayed_retry,approved,partial,186.23,6
CASE_00576,payment_failure,5867.27,Returning customer with historical transaction activity.,"Payment of ₹5,867.27 failed during the payment flow.",insufficient_funds,delayed_retry,approved,partial,3517.71,2
CASE_00577,payment_failure,1162.0,Returning customer with historical transaction activity.,"Payment of ₹1,162.00 failed during the payment flow.",network_error,retry,approved,recovered,1162.0,3
CASE_00578,payment_failure,3266.88,Returning customer with historical transaction activity.,"Payment of ₹3,266.88 failed during the payment flow.",bank_timeout,delayed_retry,approved,recovered,3266.88,3
CASE_00579,payment_failure,6951.25,Returning customer with historical transaction activity.,"Payment of ₹6,951.25 failed during the payment flow.",network_error,retry,approved,recovered,6951.25,1
CASE_00580,payment_failure,9208.85,Returning customer with historical transaction activity.,"Payment of ₹9,208.85 failed during the payment flow.",expired_card,payment_method_update,approved,failed,0.0,0
CASE_00581,payment_failure,61804.29,Returning customer with historical transaction activity.,"Payment of ₹61,804.29 failed during the payment flow.",fraud_risk,block_and_escalate,blocked,blocked,0.0,0
CASE_00582,payment_failure,2847.73,Returning customer with historical transaction activity.,"Payment of ₹2,847.73 failed during the payment flow.",mandate_failure,mandate_retry,approved,recovered,2847.73,3
CASE_00583,payment_failure,10550.13,Returning customer with historical transaction activity.,"Payment of ₹10,550.13 failed during the payment flow.",mandate_failure,mandate_retry,approved,recovered,10550.13,1
CASE_00584,payment_failure,4138.38,Returning customer with historical transaction activity.,"Payment of ₹4,138.38 failed during the payment flow.",mandate_failure,mandate_retry,approved,recovered,4138.38,1
CASE_00585,payment_failure,10278.72,Returning customer with historical transaction activity.,"Payment of ₹10,278.72 failed during the payment flow.",network_error,retry,approved,recovered,10278.72,1
CASE_00586,payment_failure,2573.83,Returning customer with historical transaction activity.,"Payment of ₹2,573.83 failed during the payment flow.",insufficient_funds,delayed_retry,approved,recovered,2573.83,1
CASE_00587,payment_failure,37774.96,Returning customer with historical transaction activity.,"Payment of ₹37,774.96 failed during the payment flow.",fraud_risk,block_and_escalate,blocked,blocked,0.0,0
CASE_00588,payment_failure,7533.08,Returning customer with historical transaction activity.,"Payment of ₹7,533.08 failed during the payment flow.",bank_timeout,delayed_retry,approved,failed,0.0,0
CASE_00589,payment_failure,1626.8,Returning customer with historical transaction activity.,"Payment of ₹1,626.80 failed during the payment flow.",insufficient_funds,delayed_retry,approved,recovered,1626.8,3
CASE_00590,payment_failure,803.44,Returning customer with historical transaction activity.,Payment of ₹803.44 failed during the payment flow.,mandate_failure,mandate_retry,approved,recovered,803.44,1
CASE_00591,payment_failure,1525.54,Returning customer with historical transaction activity.,"Payment of ₹1,525.54 failed during the payment flow.",expired_card,payment_method_update,approved,recovered,1525.54,2
CASE_00592,payment_failure,6830.07,Returning customer with historical transaction activity.,"Payment of ₹6,830.07 failed during the payment flow.",expired_card,payment_method_update,approved,failed,0.0,0
CASE_00593,payment_failure,1171.13,Returning customer with historical transaction activity.,"Payment of ₹1,171.13 failed during the payment flow.",expired_card,payment_method_update,approved,failed,0.0,0
CASE_00594,payment_failure,4343.39,Returning customer with historical transaction activity.,"Payment of ₹4,343.39 failed during the payment flow.",bank_timeout,delayed_retry,approved,recovered,4343.39,1
CASE_00595,payment_failure,107.07,Returning customer with historical transaction activity.,Payment of ₹107.07 failed during the payment flow.,expired_card,payment_method_update,approved,recovered,107.07,3
CASE_00596,payment_failure,13044.28,Returning customer with historical transaction activity.,"Payment of ₹13,044.28 failed during the payment flow.",insufficient_funds,delayed_retry,approved,recovered,13044.28,3
CASE_00597,payment_failure,8131.51,Returning customer with historical transaction activity.,"Payment of ₹8,131.51 failed during the payment flow.",insufficient_funds,delayed_retry,approved,partial,3674.66,2
CASE_00598,payment_failure,576.85,Returning customer with historical transaction activity.,Payment of ₹576.85 failed during the payment flow.,network_error,retry,approved,recovered,576.85,1
CASE_00599,payment_failure,422.47,Returning customer with historical transaction activity.,Payment of ₹422.47 failed during the payment flow.,bank_timeout,delayed_retry,approved,failed,0.0,0
CASE_00600,payment_failure,483.89,Returning customer with historical transaction activity.,Payment of ₹483.89 failed during the payment flow.,network_error,retry,approved,recovered,483.89,3
CASE_00601,payment_failure,3493.47,Returning customer with historical transaction activity.,"Payment of ₹3,493.47 failed during the payment flow.",bank_timeout,delayed_retry,approved,recovered,3493.47,1
CASE_00602,payment_failure,554.44,Returning customer with historical transaction activity.,Payment of ₹554.44 failed during the payment flow.,bank_timeout,delayed_retry,approved,recovered,554.44,2
CASE_00603,payment_failure,4627.25,Returning customer with historical transaction activity.,"Payment of ₹4,627.25 failed during the payment flow.",insufficient_funds,delayed_retry,approved,recovered,4627.25,1
CASE_00604,payment_failure,11751.14,Returning customer with historical transaction activity.,"Payment of ₹11,751.14 failed during the payment flow.",insufficient_funds,delayed_retry,approved,recovered,11751.14,3
CASE_00605,payment_failure,9380.66,Returning customer with historical transaction activity.,"Payment of ₹9,380.66 failed during the payment flow.",expired_card,payment_method_update,approved,recovered,9380.66,1
CASE_00606,payment_failure,7966.34,Returning customer with historical transaction activity.,"Payment of ₹7,966.34 failed during the payment flow.",mandate_failure,mandate_retry,approved,recovered,7966.34,1
CASE_00607,payment_failure,7017.65,Returning customer with historical transaction activity.,"Payment of ₹7,017.65 failed during the payment flow.",bank_timeout,delayed_retry,approved,failed,0.0,0
CASE_00608,payment_failure,632.46,Returning customer with historical transaction activity.,Payment of ₹632.46 failed during the payment flow.,network_error,retry,approved,recovered,632.46,3
CASE_00609,payment_failure,371.01,Returning customer with historical transaction activity.,Payment of ₹371.01 failed during the payment flow.,bank_timeout,delayed_retry,approved,recovered,371.01,3
CASE_00610,payment_failure,5176.71,Returning customer with historical transaction activity.,"Payment of ₹5,176.71 failed during the payment flow.",insufficient_funds,delayed_retry,approved,partial,2103.56,6
CASE_00611,payment_failure,3100.88,Returning customer with historical transaction activity.,"Payment of ₹3,100.88 failed during the payment flow.",expired_card,payment_method_update,approved,failed,0.0,0
CASE_00612,payment_failure,4513.54,Returning customer with historical transaction activity.,"Payment of ₹4,513.54 failed during the payment flow.",network_error,retry,approved,recovered,4513.54,3
CASE_00613,payment_failure,4710.25,Returning customer with historical transaction activity.,"Payment of ₹4,710.25 failed during the payment flow.",mandate_failure,mandate_retry,approved,recovered,4710.25,1
CASE_00614,payment_failure,8915.86,Returning customer with historical transaction activity.,"Payment of ₹8,915.86 failed during the payment flow.",expired_card,payment_method_update,approved,recovered,8915.86,1
CASE_00615,payment_failure,4162.45,Returning customer with historical transaction activity.,"Payment of ₹4,162.45 failed during the payment flow.",expired_card,payment_method_update,approved,failed,0.0,0
CASE_00616,payment_failure,3861.99,Returning customer with historical transaction activity.,"Payment of ₹3,861.99 failed during the payment flow.",bank_timeout,delayed_retry,approved,recovered,3861.99,3
CASE_00617,payment_failure,10941.06,Returning customer with historical transaction activity.,"Payment of ₹10,941.06 failed during the payment flow.",bank_timeout,delayed_retry,approved,partial,6898.0,5
CASE_00618,payment_failure,10532.7,Returning customer with historical transaction activity.,"Payment of ₹10,532.70 failed during the payment flow.",bank_timeout,delayed_retry,approved,recovered,10532.7,3
CASE_00619,payment_failure,4957.59,Returning customer with historical transaction activity.,"Payment of ₹4,957.59 failed during the payment flow.",network_error,retry,approved,recovered,4957.59,1
CASE_00620,payment_failure,217.46,Returning customer with historical transaction activity.,Payment of ₹217.46 failed during the payment flow.,insufficient_funds,delayed_retry,approved,failed,0.0,0
CASE_00621,payment_failure,20836.32,Returning customer with historical transaction activity.,"Payment of ₹20,836.32 failed during the payment flow.",mandate_failure,mandate_retry,approved,recovered,20836.32,1
CASE_00622,payment_failure,624.99,Returning customer with historical transaction activity.,Payment of ₹624.99 failed during the payment flow.,expired_card,payment_method_update,approved,recovered,624.99,3
CASE_00623,payment_failure,1897.38,Returning customer with historical transaction activity.,"Payment of ₹1,897.38 failed during the payment flow.",bank_timeout,delayed_retry,approved,recovered,1897.38,3
CASE_00624,payment_failure,9417.18,Returning customer with historical transaction activity.,"Payment of ₹9,417.18 failed during the payment flow.",network_error,retry,approved,recovered,9417.18,1
CASE_00625,payment_failure,8679.31,Returning customer with historical transaction activity.,"Payment of ₹8,679.31 failed during the payment flow.",insufficient_funds,delayed_retry,approved,recovered,8679.31,1
CASE_00626,payment_failure,1373.65,Returning customer with historical transaction activity.,"Payment of ₹1,373.65 failed during the payment flow.",insufficient_funds,delayed_retry,approved,failed,0.0,0
CASE_00627,payment_failure,3766.54,Returning customer with historical transaction activity.,"Payment of ₹3,766.54 failed during the payment flow.",network_error,retry,approved,recovered,3766.54,3
CASE_00628,payment_failure,769.41,Returning customer with historical transaction activity.,Payment of ₹769.41 failed during the payment flow.,mandate_failure,mandate_retry,approved,recovered,769.41,2
CASE_00629,payment_failure,1205.16,Returning customer with historical transaction activity.,"Payment of ₹1,205.16 failed during the payment flow.",mandate_failure,mandate_retry,approved,failed,0.0,0
CASE_00630,payment_failure,330.34,Returning customer with historical transaction activity.,Payment of ₹330.34 failed during the payment flow.,mandate_failure,mandate_retry,approved,recovered,330.34,2
CASE_00631,payment_failure,4222.21,Returning customer with historical transaction activity.,"Payment of ₹4,222.21 failed during the payment flow.",bank_timeout,delayed_retry,approved,recovered,4222.21,2
CASE_00632,payment_failure,7818.6,Returning customer with historical transaction activity.,"Payment of ₹7,818.60 failed during the payment flow.",bank_timeout,delayed_retry,approved,recovered,7818.6,2
CASE_00633,payment_failure,1381.95,Returning customer with historical transaction activity.,"Payment of ₹1,381.95 failed during the payment flow.",bank_timeout,delayed_retry,approved,recovered,1381.95,3
CASE_00634,payment_failure,336.98,Returning customer with historical transaction activity.,Payment of ₹336.98 failed during the payment flow.,bank_timeout,delayed_retry,approved,partial,170.96,2
CASE_00635,payment_failure,3774.84,Returning customer with historical transaction activity.,"Payment of ₹3,774.84 failed during the payment flow.",expired_card,payment_method_update,approved,recovered,3774.84,2
CASE_00636,payment_failure,448.2,Returning customer with historical transaction activity.,Payment of ₹448.20 failed during the payment flow.,expired_card,payment_method_update,approved,failed,0.0,0
CASE_00637,payment_failure,18117.24,Returning customer with historical transaction activity.,"Payment of ₹18,117.24 failed during the payment flow.",network_error,retry,approved,recovered,18117.24,2
CASE_00638,payment_failure,3100.05,Returning customer with historical transaction activity.,"Payment of ₹3,100.05 failed during the payment flow.",bank_timeout,delayed_retry,approved,recovered,3100.05,2
CASE_00639,payment_failure,613.37,Returning customer with historical transaction activity.,Payment of ₹613.37 failed during the payment flow.,insufficient_funds,delayed_retry,approved,recovered,613.37,3
CASE_00640,payment_failure,10483.73,Returning customer with historical transaction activity.,"Payment of ₹10,483.73 failed during the payment flow.",mandate_failure,mandate_retry,approved,recovered,10483.73,1
CASE_00641,payment_failure,9091.82,Returning customer with historical transaction activity.,"Payment of ₹9,091.82 failed during the payment flow.",mandate_failure,mandate_retry,approved,recovered,9091.82,3
CASE_00642,payment_failure,2336.45,Returning customer with historical transaction activity.,"Payment of ₹2,336.45 failed during the payment flow.",expired_card,payment_method_update,approved,recovered,2336.45,1
CASE_00643,payment_failure,4208.1,Returning customer with historical transaction activity.,"Payment of ₹4,208.10 failed during the payment flow.",insufficient_funds,delayed_retry,approved,recovered,4208.1,2
CASE_00644,payment_failure,4664.6,Returning customer with historical transaction activity.,"Payment of ₹4,664.60 failed during the payment flow.",mandate_failure,mandate_retry,approved,partial,1680.09,3
CASE_00645,payment_failure,647.4,Returning customer with historical transaction activity.,Payment of ₹647.40 failed during the payment flow.,bank_timeout,delayed_retry,approved,recovered,647.4,1
CASE_00646,payment_failure,1624.31,Returning customer with historical transaction activity.,"Payment of ₹1,624.31 failed during the payment flow.",expired_card,payment_method_update,approved,failed,0.0,0
CASE_00647,payment_failure,17249.89,Returning customer with historical transaction activity.,"Payment of ₹17,249.89 failed during the payment flow.",insufficient_funds,delayed_retry,approved,failed,0.0,0
CASE_00648,payment_failure,8153.09,Returning customer with historical transaction activity.,"Payment of ₹8,153.09 failed during the payment flow.",expired_card,payment_method_update,approved,recovered,8153.09,2
CASE_00649,payment_failure,258.13,Returning customer with historical transaction activity.,Payment of ₹258.13 failed during the payment flow.,expired_card,payment_method_update,approved,recovered,258.13,2
CASE_00650,payment_failure,4796.57,Returning customer with historical transaction activity.,"Payment of ₹4,796.57 failed during the payment flow.",expired_card,payment_method_update,approved,recovered,4796.57,1
CASE_00651,payment_failure,9862.06,Returning customer with historical transaction activity.,"Payment of ₹9,862.06 failed during the payment flow.",expired_card,payment_method_update,approved,recovered,9862.06,1
CASE_00652,payment_failure,6537.91,Returning customer with historical transaction activity.,"Payment of ₹6,537.91 failed during the payment flow.",bank_timeout,delayed_retry,approved,recovered,6537.91,3
CASE_00653,payment_failure,6830.07,Returning customer with historical transaction activity.,"Payment of ₹6,830.07 failed during the payment flow.",network_error,retry,approved,recovered,6830.07,2
CASE_00654,payment_failure,6604.31,Returning customer with historical transaction activity.,"Payment of ₹6,604.31 failed during the payment flow.",expired_card,payment_method_update,approved,partial,2403.11,6
CASE_00655,payment_failure,1081.49,Returning customer with historical transaction activity.,"Payment of ₹1,081.49 failed during the payment flow.",expired_card,payment_method_update,approved,failed,0.0,0
CASE_00656,payment_failure,13685.87,Returning customer with historical transaction activity.,"Payment of ₹13,685.87 failed during the payment flow.",mandate_failure,mandate_retry,approved,failed,0.0,0
CASE_00657,payment_failure,182.6,Returning customer with historical transaction activity.,Payment of ₹182.60 failed during the payment flow.,mandate_failure,mandate_retry,approved,failed,0.0,0
CASE_00658,payment_failure,8538.21,Returning customer with historical transaction activity.,"Payment of ₹8,538.21 failed during the payment flow.",mandate_failure,mandate_retry,approved,failed,0.0,0
CASE_00659,payment_failure,11414.16,Returning customer with historical transaction activity.,"Payment of ₹11,414.16 failed during the payment flow.",mandate_failure,mandate_retry,approved,failed,0.0,0
CASE_00660,payment_failure,4784.95,Returning customer with historical transaction activity.,"Payment of ₹4,784.95 failed during the payment flow.",mandate_failure,mandate_retry,approved,recovered,4784.95,3
CASE_00661,payment_failure,1340.45,Returning customer with historical transaction activity.,"Payment of ₹1,340.45 failed during the payment flow.",insufficient_funds,delayed_retry,approved,failed,0.0,0
CASE_00662,payment_failure,407.53,Returning customer with historical transaction activity.,Payment of ₹407.53 failed during the payment flow.,insufficient_funds,delayed_retry,approved,recovered,407.53,1
CASE_00663,payment_failure,8305.81,Returning customer with historical transaction activity.,"Payment of ₹8,305.81 failed during the payment flow.",mandate_failure,mandate_retry,approved,failed,0.0,0
CASE_00664,payment_failure,4689.5,Returning customer with historical transaction activity.,"Payment of ₹4,689.50 failed during the payment flow.",insufficient_funds,delayed_retry,approved,recovered,4689.5,2
CASE_00665,payment_failure,4690.33,Returning customer with historical transaction activity.,"Payment of ₹4,690.33 failed during the payment flow.",insufficient_funds,delayed_retry,approved,failed,0.0,0
CASE_00666,payment_failure,280.54,Returning customer with historical transaction activity.,Payment of ₹280.54 failed during the payment flow.,expired_card,payment_method_update,approved,recovered,280.54,1
CASE_00667,payment_failure,7903.26,Returning customer with historical transaction activity.,"Payment of ₹7,903.26 failed during the payment flow.",mandate_failure,mandate_retry,approved,partial,5623.94,3
CASE_00668,payment_failure,644.08,Returning customer with historical transaction activity.,Payment of ₹644.08 failed during the payment flow.,bank_timeout,delayed_retry,approved,failed,0.0,0
CASE_00669,payment_failure,3331.62,Returning customer with historical transaction activity.,"Payment of ₹3,331.62 failed during the payment flow.",mandate_failure,mandate_retry,approved,partial,2383.66,2
CASE_00670,payment_failure,25074.3,Returning customer with historical transaction activity.,"Payment of ₹25,074.30 failed during the payment flow.",insufficient_funds,delayed_retry,approved,recovered,25074.3,2
CASE_00671,payment_failure,1381.95,Returning customer with historical transaction activity.,"Payment of ₹1,381.95 failed during the payment flow.",bank_timeout,delayed_retry,approved,recovered,1381.95,3
CASE_00672,payment_failure,3691.84,Returning customer with historical transaction activity.,"Payment of ₹3,691.84 failed during the payment flow.",insufficient_funds,delayed_retry,approved,failed,0.0,0
CASE_00673,payment_failure,104.58,Returning customer with historical transaction activity.,Payment of ₹104.58 failed during the payment flow.,bank_timeout,delayed_retry,approved,partial,75.21,4
CASE_00674,payment_failure,355.24,Returning customer with historical transaction activity.,Payment of ₹355.24 failed during the payment flow.,expired_card,payment_method_update,approved,recovered,355.24,2
CASE_00675,payment_failure,403.38,Returning customer with historical transaction activity.,Payment of ₹403.38 failed during the payment flow.,network_error,retry,approved,recovered,403.38,2
CASE_00676,payment_failure,8586.35,Returning customer with historical transaction activity.,"Payment of ₹8,586.35 failed during the payment flow.",network_error,retry,approved,recovered,8586.35,3
CASE_00677,payment_failure,182.6,Returning customer with historical transaction activity.,Payment of ₹182.60 failed during the payment flow.,bank_timeout,delayed_retry,approved,recovered,182.6,3
CASE_00678,payment_failure,109.56,Returning customer with historical transaction activity.,Payment of ₹109.56 failed during the payment flow.,insufficient_funds,delayed_retry,approved,recovered,109.56,2
CASE_00679,payment_failure,200.86,Returning customer with historical transaction activity.,Payment of ₹200.86 failed during the payment flow.,network_error,retry,approved,recovered,200.86,3
CASE_00680,payment_failure,2169.62,Returning customer with historical transaction activity.,"Payment of ₹2,169.62 failed during the payment flow.",network_error,retry,approved,recovered,2169.62,2
CASE_00681,payment_failure,121.18,Returning customer with historical transaction activity.,Payment of ₹121.18 failed during the payment flow.,insufficient_funds,delayed_retry,approved,recovered,121.18,3
CASE_00682,payment_failure,4631.4,Returning customer with historical transaction activity.,"Payment of ₹4,631.40 failed during the payment flow.",bank_timeout,delayed_retry,approved,recovered,4631.4,1
CASE_00683,payment_failure,26258.71,Returning customer with historical transaction activity.,"Payment of ₹26,258.71 failed during the payment flow.",fraud_risk,block_and_escalate,blocked,blocked,0.0,0
CASE_00684,payment_failure,134.46,Returning customer with historical transaction activity.,Payment of ₹134.46 failed during the payment flow.,bank_timeout,delayed_retry,approved,recovered,134.46,1
CASE_00685,payment_failure,187.58,Returning customer with historical transaction activity.,Payment of ₹187.58 failed during the payment flow.,bank_timeout,delayed_retry,approved,recovered,187.58,3
CASE_00686,payment_failure,712.97,Returning customer with historical transaction activity.,Payment of ₹712.97 failed during the payment flow.,expired_card,payment_method_update,approved,recovered,712.97,1
CASE_00687,payment_failure,766.92,Returning customer with historical transaction activity.,Payment of ₹766.92 failed during the payment flow.,bank_timeout,delayed_retry,approved,recovered,766.92,2
CASE_00688,payment_failure,16178.36,Returning customer with historical transaction activity.,"Payment of ₹16,178.36 failed during the payment flow.",expired_card,payment_method_update,approved,failed,0.0,0
CASE_00689,payment_failure,3566.51,Returning customer with historical transaction activity.,"Payment of ₹3,566.51 failed during the payment flow.",bank_timeout,delayed_retry,approved,recovered,3566.51,2
CASE_00690,payment_failure,14242.8,Returning customer with historical transaction activity.,"Payment of ₹14,242.80 failed during the payment flow.",expired_card,payment_method_update,approved,partial,10257.21,6
CASE_00691,payment_failure,3158.15,Returning customer with historical transaction activity.,"Payment of ₹3,158.15 failed during the payment flow.",insufficient_funds,delayed_retry,approved,recovered,3158.15,1
CASE_00692,payment_failure,3019.54,Returning customer with historical transaction activity.,"Payment of ₹3,019.54 failed during the payment flow.",insufficient_funds,delayed_retry,approved,recovered,3019.54,3
CASE_00693,payment_failure,4229.68,Returning customer with historical transaction activity.,"Payment of ₹4,229.68 failed during the payment flow.",mandate_failure,mandate_retry,approved,partial,1533.18,6
CASE_00694,payment_failure,2814.53,Returning customer with historical transaction activity.,"Payment of ₹2,814.53 failed during the payment flow.",network_error,retry,approved,recovered,2814.53,2
CASE_00695,payment_failure,14228.69,Returning customer with historical transaction activity.,"Payment of ₹14,228.69 failed during the payment flow.",bank_timeout,delayed_retry,approved,recovered,14228.69,3
CASE_00696,payment_failure,82502.0,Returning customer with historical transaction activity.,"Payment of ₹82,502.00 failed during the payment flow.",fraud_risk,block_and_escalate,blocked,blocked,0.0,0
CASE_00697,payment_failure,8428.65,Returning customer with historical transaction activity.,"Payment of ₹8,428.65 failed during the payment flow.",network_error,retry,approved,recovered,8428.65,3
CASE_00698,payment_failure,8452.72,Returning customer with historical transaction activity.,"Payment of ₹8,452.72 failed during the payment flow.",network_error,retry,approved,recovered,8452.72,1
CASE_00699,payment_failure,2557.23,Returning customer with historical transaction activity.,"Payment of ₹2,557.23 failed during the payment flow.",mandate_failure,mandate_retry,approved,failed,0.0,0
CASE_00700,payment_failure,8910.05,Returning customer with historical transaction activity.,"Payment of ₹8,910.05 failed during the payment flow.",expired_card,payment_method_update,approved,recovered,8910.05,2
CASE_00701,payment_failure,447.37,Returning customer with historical transaction activity.,Payment of ₹447.37 failed during the payment flow.,network_error,retry,approved,partial,168.0,4
CASE_00702,payment_failure,3884.4,Returning customer with historical transaction activity.,"Payment of ₹3,884.40 failed during the payment flow.",expired_card,payment_method_update,approved,failed,0.0,0
CASE_00703,payment_failure,3893.53,Returning customer with historical transaction activity.,"Payment of ₹3,893.53 failed during the payment flow.",insufficient_funds,delayed_retry,approved,recovered,3893.53,2
CASE_00704,payment_failure,6378.55,Returning customer with historical transaction activity.,"Payment of ₹6,378.55 failed during the payment flow.",expired_card,payment_method_update,approved,recovered,6378.55,2
CASE_00705,payment_failure,3123.29,Returning customer with historical transaction activity.,"Payment of ₹3,123.29 failed during the payment flow.",insufficient_funds,delayed_retry,approved,failed,0.0,0
CASE_00706,payment_failure,535.35,Returning customer with historical transaction activity.,Payment of ₹535.35 failed during the payment flow.,bank_timeout,delayed_retry,approved,recovered,535.35,2
CASE_00707,payment_failure,2286.65,Returning customer with historical transaction activity.,"Payment of ₹2,286.65 failed during the payment flow.",bank_timeout,delayed_retry,approved,recovered,2286.65,3
CASE_00708,payment_failure,805.93,Returning customer with historical transaction activity.,Payment of ₹805.93 failed during the payment flow.,network_error,retry,approved,recovered,805.93,3
CASE_00709,payment_failure,5447.29,Returning customer with historical transaction activity.,"Payment of ₹5,447.29 failed during the payment flow.",expired_card,payment_method_update,approved,failed,0.0,0
CASE_00710,payment_failure,7335.54,Returning customer with historical transaction activity.,"Payment of ₹7,335.54 failed during the payment flow.",expired_card,payment_method_update,approved,recovered,7335.54,3
CASE_00711,payment_failure,8049.34,Returning customer with historical transaction activity.,"Payment of ₹8,049.34 failed during the payment flow.",mandate_failure,mandate_retry,approved,recovered,8049.34,2
CASE_00712,payment_failure,369280.28,Returning customer with historical transaction activity.,"Payment of ₹369,280.28 failed during the payment flow.",mandate_failure,mandate_retry,approved,recovered,369280.28,1
CASE_00713,payment_failure,5050.55,Returning customer with historical transaction activity.,"Payment of ₹5,050.55 failed during the payment flow.",insufficient_funds,delayed_retry,approved,recovered,5050.55,2
CASE_00714,payment_failure,2045.95,Returning customer with historical transaction activity.,"Payment of ₹2,045.95 failed during the payment flow.",insufficient_funds,delayed_retry,approved,failed,0.0,0
CASE_00715,payment_failure,1884.93,Returning customer with historical transaction activity.,"Payment of ₹1,884.93 failed during the payment flow.",bank_timeout,delayed_retry,approved,recovered,1884.93,2
CASE_00716,payment_failure,1525.54,Returning customer with historical transaction activity.,"Payment of ₹1,525.54 failed during the payment flow.",network_error,retry,approved,recovered,1525.54,3
CASE_00717,payment_failure,577.68,Returning customer with historical transaction activity.,Payment of ₹577.68 failed during the payment flow.,insufficient_funds,delayed_retry,approved,recovered,577.68,1
CASE_00718,payment_failure,6458.23,Returning customer with historical transaction activity.,"Payment of ₹6,458.23 failed during the payment flow.",bank_timeout,delayed_retry,approved,partial,1777.74,3
CASE_00719,payment_failure,5382.55,Returning customer with historical transaction activity.,"Payment of ₹5,382.55 failed during the payment flow.",insufficient_funds,delayed_retry,approved,recovered,5382.55,1
CASE_00720,payment_failure,1408.51,Returning customer with historical transaction activity.,"Payment of ₹1,408.51 failed during the payment flow.",expired_card,payment_method_update,approved,failed,0.0,0
CASE_00721,payment_failure,4222.21,Returning customer with historical transaction activity.,"Payment of ₹4,222.21 failed during the payment flow.",insufficient_funds,delayed_retry,approved,failed,0.0,0
CASE_00722,payment_failure,176.79,Returning customer with historical transaction activity.,Payment of ₹176.79 failed during the payment flow.,network_error,retry,approved,recovered,176.79,3
CASE_00723,payment_failure,220.78,Returning customer with historical transaction activity.,Payment of ₹220.78 failed during the payment flow.,mandate_failure,mandate_retry,approved,failed,0.0,0
CASE_00724,payment_failure,1529.69,Returning customer with historical transaction activity.,"Payment of ₹1,529.69 failed during the payment flow.",insufficient_funds,delayed_retry,approved,recovered,1529.69,3
CASE_00725,payment_failure,585.15,Returning customer with historical transaction activity.,Payment of ₹585.15 failed during the payment flow.,insufficient_funds,delayed_retry,approved,partial,188.04,6
CASE_00726,payment_failure,25256.07,Returning customer with historical transaction activity.,"Payment of ₹25,256.07 failed during the payment flow.",mandate_failure,mandate_retry,approved,recovered,25256.07,1
CASE_00727,payment_failure,1187.73,Returning customer with historical transaction activity.,"Payment of ₹1,187.73 failed during the payment flow.",network_error,retry,approved,recovered,1187.73,2
CASE_00728,payment_failure,6591.86,Returning customer with historical transaction activity.,"Payment of ₹6,591.86 failed during the payment flow.",mandate_failure,mandate_retry,approved,recovered,6591.86,2
CASE_00729,payment_failure,7025.12,Returning customer with historical transaction activity.,"Payment of ₹7,025.12 failed during the payment flow.",bank_timeout,delayed_retry,approved,recovered,7025.12,1
CASE_00730,payment_failure,4839.73,Returning customer with historical transaction activity.,"Payment of ₹4,839.73 failed during the payment flow.",network_error,retry,approved,partial,2804.3,2
CASE_00731,payment_failure,9682.78,Returning customer with historical transaction activity.,"Payment of ₹9,682.78 failed during the payment flow.",network_error,retry,approved,failed,0.0,0
CASE_00732,payment_failure,13108.19,Returning customer with historical transaction activity.,"Payment of ₹13,108.19 failed during the payment flow.",expired_card,payment_method_update,approved,partial,9393.71,3
CASE_00733,payment_failure,5748.58,Returning customer with historical transaction activity.,"Payment of ₹5,748.58 failed during the payment flow.",expired_card,payment_method_update,approved,recovered,5748.58,1
CASE_00734,payment_failure,4021.35,Returning customer with historical transaction activity.,"Payment of ₹4,021.35 failed during the payment flow.",expired_card,payment_method_update,approved,recovered,4021.35,3
CASE_00735,payment_failure,597.6,Returning customer with historical transaction activity.,Payment of ₹597.60 failed during the payment flow.,insufficient_funds,delayed_retry,approved,recovered,597.6,1
CASE_00736,payment_failure,588.47,Returning customer with historical transaction activity.,Payment of ₹588.47 failed during the payment flow.,mandate_failure,mandate_retry,approved,recovered,588.47,1
CASE_00737,payment_failure,1902.36,Returning customer with historical transaction activity.,"Payment of ₹1,902.36 failed during the payment flow.",mandate_failure,mandate_retry,approved,recovered,1902.36,1
CASE_00738,payment_failure,582.66,Returning customer with historical transaction activity.,Payment of ₹582.66 failed during the payment flow.,insufficient_funds,delayed_retry,approved,recovered,582.66,3
CASE_00739,payment_failure,4940.99,Returning customer with historical transaction activity.,"Payment of ₹4,940.99 failed during the payment flow.",insufficient_funds,delayed_retry,approved,partial,2203.17,4
CASE_00740,payment_failure,7630.19,Returning customer with historical transaction activity.,"Payment of ₹7,630.19 failed during the payment flow.",expired_card,payment_method_update,approved,recovered,7630.19,1
CASE_00741,payment_failure,5946.95,Returning customer with historical transaction activity.,"Payment of ₹5,946.95 failed during the payment flow.",insufficient_funds,delayed_retry,approved,recovered,5946.95,3
CASE_00742,payment_failure,362.71,Returning customer with historical transaction activity.,Payment of ₹362.71 failed during the payment flow.,mandate_failure,mandate_retry,approved,recovered,362.71,3
CASE_00743,payment_failure,5084.58,Returning customer with historical transaction activity.,"Payment of ₹5,084.58 failed during the payment flow.",network_error,retry,approved,recovered,5084.58,3
CASE_00744,payment_failure,771.07,Returning customer with historical transaction activity.,Payment of ₹771.07 failed during the payment flow.,bank_timeout,delayed_retry,approved,recovered,771.07,2
CASE_00745,payment_failure,3064.36,Returning customer with historical transaction activity.,"Payment of ₹3,064.36 failed during the payment flow.",network_error,retry,approved,recovered,3064.36,1
CASE_00746,payment_failure,637.44,Returning customer with historical transaction activity.,Payment of ₹637.44 failed during the payment flow.,mandate_failure,mandate_retry,approved,failed,0.0,0
CASE_00747,payment_failure,6296.38,Returning customer with historical transaction activity.,"Payment of ₹6,296.38 failed during the payment flow.",bank_timeout,delayed_retry,approved,recovered,6296.38,3
CASE_00748,payment_failure,17922.19,Returning customer with historical transaction activity.,"Payment of ₹17,922.19 failed during the payment flow.",insufficient_funds,delayed_retry,approved,recovered,17922.19,2
CASE_00749,payment_failure,7221.83,Returning customer with historical transaction activity.,"Payment of ₹7,221.83 failed during the payment flow.",mandate_failure,mandate_retry,approved,recovered,7221.83,3
CASE_00750,payment_failure,4905.3,Returning customer with historical transaction activity.,"Payment of ₹4,905.30 failed during the payment flow.",expired_card,payment_method_update,approved,recovered,4905.3,2
CASE_00751,payment_failure,5433.18,Returning customer with historical transaction activity.,"Payment of ₹5,433.18 failed during the payment flow.",bank_timeout,delayed_retry,approved,failed,0.0,0
CASE_00752,payment_failure,9784.04,Returning customer with historical transaction activity.,"Payment of ₹9,784.04 failed during the payment flow.",insufficient_funds,delayed_retry,approved,recovered,9784.04,1
CASE_00753,payment_failure,431.6,Returning customer with historical transaction activity.,Payment of ₹431.60 failed during the payment flow.,network_error,retry,approved,recovered,431.6,1
CASE_00754,payment_failure,872.33,Returning customer with historical transaction activity.,Payment of ₹872.33 failed during the payment flow.,network_error,retry,approved,recovered,872.33,3
CASE_00755,payment_failure,4735.15,Returning customer with historical transaction activity.,"Payment of ₹4,735.15 failed during the payment flow.",mandate_failure,mandate_retry,approved,recovered,4735.15,2
CASE_00756,payment_failure,349.43,Returning customer with historical transaction activity.,Payment of ₹349.43 failed during the payment flow.,network_error,retry,approved,recovered,349.43,2
CASE_00757,payment_failure,6604.31,Returning customer with historical transaction activity.,"Payment of ₹6,604.31 failed during the payment flow.",bank_timeout,delayed_retry,approved,recovered,6604.31,1
CASE_00758,payment_failure,7143.81,Returning customer with historical transaction activity.,"Payment of ₹7,143.81 failed during the payment flow.",expired_card,payment_method_update,approved,recovered,7143.81,3
CASE_00759,payment_failure,5681.35,Returning customer with historical transaction activity.,"Payment of ₹5,681.35 failed during the payment flow.",network_error,retry,approved,recovered,5681.35,2
CASE_00760,payment_failure,1096.43,Returning customer with historical transaction activity.,"Payment of ₹1,096.43 failed during the payment flow.",mandate_failure,mandate_retry,approved,failed,0.0,0
CASE_00761,payment_failure,2833.62,Returning customer with historical transaction activity.,"Payment of ₹2,833.62 failed during the payment flow.",network_error,retry,approved,recovered,2833.62,1
CASE_00762,payment_failure,15669.57,Returning customer with historical transaction activity.,"Payment of ₹15,669.57 failed during the payment flow.",expired_card,payment_method_update,approved,failed,0.0,0
CASE_00763,payment_failure,1996.15,Returning customer with historical transaction activity.,"Payment of ₹1,996.15 failed during the payment flow.",insufficient_funds,delayed_retry,approved,recovered,1996.15,2
CASE_00764,payment_failure,24617.8,Returning customer with historical transaction activity.,"Payment of ₹24,617.80 failed during the payment flow.",insufficient_funds,delayed_retry,approved,failed,0.0,0
CASE_00765,payment_failure,9565.75,Returning customer with historical transaction activity.,"Payment of ₹9,565.75 failed during the payment flow.",bank_timeout,delayed_retry,approved,recovered,9565.75,3
CASE_00766,payment_failure,3838.75,Returning customer with historical transaction activity.,"Payment of ₹3,838.75 failed during the payment flow.",insufficient_funds,delayed_retry,approved,recovered,3838.75,1
CASE_00767,payment_failure,22818.36,Returning customer with historical transaction activity.,"Payment of ₹22,818.36 failed during the payment flow.",bank_timeout,delayed_retry,approved,recovered,22818.36,1
CASE_00768,payment_failure,1145.4,Returning customer with historical transaction activity.,"Payment of ₹1,145.40 failed during the payment flow.",network_error,retry,approved,recovered,1145.4,1
CASE_00769,payment_failure,5892.17,Returning customer with historical transaction activity.,"Payment of ₹5,892.17 failed during the payment flow.",network_error,retry,approved,recovered,5892.17,1
CASE_00770,payment_failure,136.12,Returning customer with historical transaction activity.,Payment of ₹136.12 failed during the payment flow.,bank_timeout,delayed_retry,approved,recovered,136.12,3
CASE_00771,payment_failure,18061.63,Returning customer with historical transaction activity.,"Payment of ₹18,061.63 failed during the payment flow.",expired_card,payment_method_update,approved,failed,0.0,0
CASE_00772,payment_failure,869.84,Returning customer with historical transaction activity.,Payment of ₹869.84 failed during the payment flow.,expired_card,payment_method_update,approved,recovered,869.84,3
CASE_00773,payment_failure,6630.87,Returning customer with historical transaction activity.,"Payment of ₹6,630.87 failed during the payment flow.",expired_card,payment_method_update,approved,failed,0.0,0
CASE_00774,payment_failure,19529.07,Returning customer with historical transaction activity.,"Payment of ₹19,529.07 failed during the payment flow.",bank_timeout,delayed_retry,approved,recovered,19529.07,3
CASE_00775,payment_failure,6110.46,Returning customer with historical transaction activity.,"Payment of ₹6,110.46 failed during the payment flow.",insufficient_funds,delayed_retry,approved,partial,2182.23,6
CASE_00776,payment_failure,3496.79,Returning customer with historical transaction activity.,"Payment of ₹3,496.79 failed during the payment flow.",insufficient_funds,delayed_retry,approved,recovered,3496.79,2
CASE_00777,payment_failure,3768.2,Returning customer with historical transaction activity.,"Payment of ₹3,768.20 failed during the payment flow.",expired_card,payment_method_update,approved,recovered,3768.2,1
CASE_00778,payment_failure,141.93,Returning customer with historical transaction activity.,Payment of ₹141.93 failed during the payment flow.,network_error,retry,approved,recovered,141.93,2
CASE_00779,payment_failure,11158.52,Returning customer with historical transaction activity.,"Payment of ₹11,158.52 failed during the payment flow.",bank_timeout,delayed_retry,approved,recovered,11158.52,1
CASE_00780,payment_failure,41768.09,Returning customer with historical transaction activity.,"Payment of ₹41,768.09 failed during the payment flow.",expired_card,payment_method_update,approved,failed,0.0,0
CASE_00781,payment_failure,10347.61,Returning customer with historical transaction activity.,"Payment of ₹10,347.61 failed during the payment flow.",bank_timeout,delayed_retry,approved,recovered,10347.61,2
CASE_00782,payment_failure,5263.86,Returning customer with historical transaction activity.,"Payment of ₹5,263.86 failed during the payment flow.",network_error,retry,approved,recovered,5263.86,3
CASE_00783,payment_failure,2603.71,Returning customer with historical transaction activity.,"Payment of ₹2,603.71 failed during the payment flow.",mandate_failure,mandate_retry,approved,recovered,2603.71,2
CASE_00784,payment_failure,913.0,Returning customer with historical transaction activity.,Payment of ₹913.00 failed during the payment flow.,bank_timeout,delayed_retry,approved,recovered,913.0,3
CASE_00785,payment_failure,4695.31,Returning customer with historical transaction activity.,"Payment of ₹4,695.31 failed during the payment flow.",bank_timeout,delayed_retry,approved,recovered,4695.31,1
CASE_00786,payment_failure,1082.32,Returning customer with historical transaction activity.,"Payment of ₹1,082.32 failed during the payment flow.",expired_card,payment_method_update,approved,recovered,1082.32,3
CASE_00787,payment_failure,8170.52,Returning customer with historical transaction activity.,"Payment of ₹8,170.52 failed during the payment flow.",insufficient_funds,delayed_retry,approved,recovered,8170.52,1
CASE_00788,payment_failure,10955.17,Returning customer with historical transaction activity.,"Payment of ₹10,955.17 failed during the payment flow.",bank_timeout,delayed_retry,approved,recovered,10955.17,2
CASE_00789,payment_failure,2535.65,Returning customer with historical transaction activity.,"Payment of ₹2,535.65 failed during the payment flow.",insufficient_funds,delayed_retry,approved,recovered,2535.65,1
CASE_00790,payment_failure,637.44,Returning customer with historical transaction activity.,Payment of ₹637.44 failed during the payment flow.,expired_card,payment_method_update,approved,recovered,637.44,1
CASE_00791,payment_failure,683.09,Returning customer with historical transaction activity.,Payment of ₹683.09 failed during the payment flow.,expired_card,payment_method_update,approved,recovered,683.09,2
CASE_00792,payment_failure,5777.63,Returning customer with historical transaction activity.,"Payment of ₹5,777.63 failed during the payment flow.",expired_card,payment_method_update,approved,recovered,5777.63,1
CASE_00793,payment_failure,213.31,Returning customer with historical transaction activity.,Payment of ₹213.31 failed during the payment flow.,insufficient_funds,delayed_retry,approved,partial,53.67,6
CASE_00794,payment_failure,4394.02,Returning customer with historical transaction activity.,"Payment of ₹4,394.02 failed during the payment flow.",expired_card,payment_method_update,approved,failed,0.0,0
CASE_00795,payment_failure,9839.65,Returning customer with historical transaction activity.,"Payment of ₹9,839.65 failed during the payment flow.",mandate_failure,mandate_retry,approved,recovered,9839.65,1
CASE_00796,payment_failure,2993.81,Returning customer with historical transaction activity.,"Payment of ₹2,993.81 failed during the payment flow.",expired_card,payment_method_update,approved,recovered,2993.81,3
CASE_00797,payment_failure,702.18,Returning customer with historical transaction activity.,Payment of ₹702.18 failed during the payment flow.,bank_timeout,delayed_retry,approved,recovered,702.18,2
CASE_00798,payment_failure,1525.54,Returning customer with historical transaction activity.,"Payment of ₹1,525.54 failed during the payment flow.",network_error,retry,approved,recovered,1525.54,1
CASE_00799,payment_failure,278.05,Returning customer with historical transaction activity.,Payment of ₹278.05 failed during the payment flow.,mandate_failure,mandate_retry,approved,recovered,278.05,3
CASE_00800,payment_failure,919.64,Returning customer with historical transaction activity.,Payment of ₹919.64 failed during the payment flow.,mandate_failure,mandate_retry,approved,failed,0.0,0
CASE_00801,payment_failure,739.53,Returning customer with historical transaction activity.,Payment of ₹739.53 failed during the payment flow.,expired_card,payment_method_update,approved,failed,0.0,0
CASE_00802,payment_failure,4647.17,Returning customer with historical transaction activity.,"Payment of ₹4,647.17 failed during the payment flow.",insufficient_funds,delayed_retry,approved,recovered,4647.17,1
CASE_00803,payment_failure,595.94,Returning customer with historical transaction activity.,Payment of ₹595.94 failed during the payment flow.,insufficient_funds,delayed_retry,approved,recovered,595.94,2
CASE_00804,payment_failure,4752.58,Returning customer with historical transaction activity.,"Payment of ₹4,752.58 failed during the payment flow.",mandate_failure,mandate_retry,approved,recovered,4752.58,3
CASE_00805,payment_failure,3256.92,Returning customer with historical transaction activity.,"Payment of ₹3,256.92 failed during the payment flow.",network_error,retry,approved,recovered,3256.92,2
CASE_00806,payment_failure,268.09,Returning customer with historical transaction activity.,Payment of ₹268.09 failed during the payment flow.,network_error,retry,approved,partial,156.41,5
CASE_00807,payment_failure,6204.25,Returning customer with historical transaction activity.,"Payment of ₹6,204.25 failed during the payment flow.",expired_card,payment_method_update,approved,recovered,6204.25,3
CASE_00808,payment_failure,481.4,Returning customer with historical transaction activity.,Payment of ₹481.40 failed during the payment flow.,bank_timeout,delayed_retry,approved,recovered,481.4,1
CASE_00809,payment_failure,305.44,Returning customer with historical transaction activity.,Payment of ₹305.44 failed during the payment flow.,bank_timeout,delayed_retry,approved,recovered,305.44,3
CASE_00810,payment_failure,5878.89,Returning customer with historical transaction activity.,"Payment of ₹5,878.89 failed during the payment flow.",network_error,retry,approved,failed,0.0,0
CASE_00811,payment_failure,6855.8,Returning customer with historical transaction activity.,"Payment of ₹6,855.80 failed during the payment flow.",bank_timeout,delayed_retry,approved,recovered,6855.8,3
CASE_00812,payment_failure,5604.16,Returning customer with historical transaction activity.,"Payment of ₹5,604.16 failed during the payment flow.",expired_card,payment_method_update,approved,recovered,5604.16,3
CASE_00813,payment_failure,5407.45,Returning customer with historical transaction activity.,"Payment of ₹5,407.45 failed during the payment flow.",mandate_failure,mandate_retry,approved,recovered,5407.45,2
CASE_00814,payment_failure,5026.48,Returning customer with historical transaction activity.,"Payment of ₹5,026.48 failed during the payment flow.",expired_card,payment_method_update,approved,failed,0.0,0
CASE_00815,payment_failure,9302.64,Returning customer with historical transaction activity.,"Payment of ₹9,302.64 failed during the payment flow.",network_error,retry,approved,recovered,9302.64,3
CASE_00816,payment_failure,9774.91,Returning customer with historical transaction activity.,"Payment of ₹9,774.91 failed during the payment flow.",expired_card,payment_method_update,approved,failed,0.0,0
CASE_00817,payment_failure,2477.55,Returning customer with historical transaction activity.,"Payment of ₹2,477.55 failed during the payment flow.",mandate_failure,mandate_retry,approved,recovered,2477.55,3
CASE_00818,payment_failure,3839.58,Returning customer with historical transaction activity.,"Payment of ₹3,839.58 failed during the payment flow.",bank_timeout,delayed_retry,approved,recovered,3839.58,2
CASE_00819,payment_failure,12401.86,Returning customer with historical transaction activity.,"Payment of ₹12,401.86 failed during the payment flow.",mandate_failure,mandate_retry,approved,recovered,12401.86,1
CASE_00820,payment_failure,1465.78,Returning customer with historical transaction activity.,"Payment of ₹1,465.78 failed during the payment flow.",bank_timeout,delayed_retry,approved,failed,0.0,0
CASE_00821,payment_failure,512.11,Returning customer with historical transaction activity.,Payment of ₹512.11 failed during the payment flow.,network_error,retry,approved,recovered,512.11,1
CASE_00822,payment_failure,443.22,Returning customer with historical transaction activity.,Payment of ₹443.22 failed during the payment flow.,expired_card,payment_method_update,approved,partial,132.45,6
CASE_00823,payment_failure,2035.99,Returning customer with historical transaction activity.,"Payment of ₹2,035.99 failed during the payment flow.",mandate_failure,mandate_retry,approved,failed,0.0,0
CASE_00824,payment_failure,9782.38,Returning customer with historical transaction activity.,"Payment of ₹9,782.38 failed during the payment flow.",network_error,retry,approved,partial,3957.1,4
CASE_00825,payment_failure,1257.45,Returning customer with historical transaction activity.,"Payment of ₹1,257.45 failed during the payment flow.",bank_timeout,delayed_retry,approved,recovered,1257.45,1
CASE_00826,payment_failure,489.7,Returning customer with historical transaction activity.,Payment of ₹489.70 failed during the payment flow.,bank_timeout,delayed_retry,approved,recovered,489.7,1
CASE_00827,payment_failure,7972.15,Returning customer with historical transaction activity.,"Payment of ₹7,972.15 failed during the payment flow.",bank_timeout,delayed_retry,approved,recovered,7972.15,3
CASE_00828,payment_failure,2676.75,Returning customer with historical transaction activity.,"Payment of ₹2,676.75 failed during the payment flow.",network_error,retry,approved,recovered,2676.75,3
CASE_00829,payment_failure,1386.1,Returning customer with historical transaction activity.,"Payment of ₹1,386.10 failed during the payment flow.",mandate_failure,mandate_retry,approved,recovered,1386.1,3
CASE_00830,payment_failure,7785.4,Returning customer with historical transaction activity.,"Payment of ₹7,785.40 failed during the payment flow.",insufficient_funds,delayed_retry,approved,recovered,7785.4,2
CASE_00831,payment_failure,5013.2,Returning customer with historical transaction activity.,"Payment of ₹5,013.20 failed during the payment flow.",insufficient_funds,delayed_retry,approved,recovered,5013.2,2
CASE_00832,payment_failure,930.43,Returning customer with historical transaction activity.,Payment of ₹930.43 failed during the payment flow.,expired_card,payment_method_update,approved,recovered,930.43,2
CASE_00833,payment_failure,7968.83,Returning customer with historical transaction activity.,"Payment of ₹7,968.83 failed during the payment flow.",expired_card,payment_method_update,approved,recovered,7968.83,3
CASE_00834,payment_failure,7442.61,Returning customer with historical transaction activity.,"Payment of ₹7,442.61 failed during the payment flow.",mandate_failure,mandate_retry,approved,recovered,7442.61,3
CASE_00835,payment_failure,8055.98,Returning customer with historical transaction activity.,"Payment of ₹8,055.98 failed during the payment flow.",mandate_failure,mandate_retry,approved,recovered,8055.98,2
CASE_00836,payment_failure,7400.28,Returning customer with historical transaction activity.,"Payment of ₹7,400.28 failed during the payment flow.",mandate_failure,mandate_retry,approved,recovered,7400.28,2
CASE_00837,payment_failure,6576.09,Returning customer with historical transaction activity.,"Payment of ₹6,576.09 failed during the payment flow.",bank_timeout,delayed_retry,approved,recovered,6576.09,1
CASE_00838,payment_failure,25074.3,Returning customer with historical transaction activity.,"Payment of ₹25,074.30 failed during the payment flow.",mandate_failure,mandate_retry,approved,recovered,25074.3,1
CASE_00839,payment_failure,2181.24,Returning customer with historical transaction activity.,"Payment of ₹2,181.24 failed during the payment flow.",bank_timeout,delayed_retry,approved,recovered,2181.24,2
CASE_00840,payment_failure,1489.85,Returning customer with historical transaction activity.,"Payment of ₹1,489.85 failed during the payment flow.",mandate_failure,mandate_retry,approved,recovered,1489.85,1
CASE_00841,payment_failure,7452.57,Returning customer with historical transaction activity.,"Payment of ₹7,452.57 failed during the payment flow.",insufficient_funds,delayed_retry,approved,recovered,7452.57,1
CASE_00842,payment_failure,2287.48,Returning customer with historical transaction activity.,"Payment of ₹2,287.48 failed during the payment flow.",expired_card,payment_method_update,approved,recovered,2287.48,2
CASE_00843,payment_failure,494.68,Returning customer with historical transaction activity.,Payment of ₹494.68 failed during the payment flow.,bank_timeout,delayed_retry,approved,recovered,494.68,2
CASE_00844,payment_failure,6431.67,Returning customer with historical transaction activity.,"Payment of ₹6,431.67 failed during the payment flow.",network_error,retry,approved,recovered,6431.67,2
CASE_00845,payment_failure,5673.88,Returning customer with historical transaction activity.,"Payment of ₹5,673.88 failed during the payment flow.",expired_card,payment_method_update,approved,failed,0.0,0
CASE_00846,payment_failure,4425.56,Returning customer with historical transaction activity.,"Payment of ₹4,425.56 failed during the payment flow.",network_error,retry,approved,recovered,4425.56,1
CASE_00847,payment_failure,5888.02,Returning customer with historical transaction activity.,"Payment of ₹5,888.02 failed during the payment flow.",bank_timeout,delayed_retry,approved,recovered,5888.02,2
CASE_00848,payment_failure,13626.11,Returning customer with historical transaction activity.,"Payment of ₹13,626.11 failed during the payment flow.",insufficient_funds,delayed_retry,approved,recovered,13626.11,2
CASE_00849,payment_failure,10348.44,Returning customer with historical transaction activity.,"Payment of ₹10,348.44 failed during the payment flow.",bank_timeout,delayed_retry,approved,partial,4848.15,3
CASE_00850,payment_failure,8505.01,Returning customer with historical transaction activity.,"Payment of ₹8,505.01 failed during the payment flow.",expired_card,payment_method_update,approved,recovered,8505.01,3
CASE_00851,payment_failure,1772.88,Returning customer with historical transaction activity.,"Payment of ₹1,772.88 failed during the payment flow.",bank_timeout,delayed_retry,approved,recovered,1772.88,1
CASE_00852,payment_failure,1615.18,Returning customer with historical transaction activity.,"Payment of ₹1,615.18 failed during the payment flow.",bank_timeout,delayed_retry,approved,recovered,1615.18,3
CASE_00853,payment_failure,711.31,Returning customer with historical transaction activity.,Payment of ₹711.31 failed during the payment flow.,bank_timeout,delayed_retry,approved,recovered,711.31,1
CASE_00854,payment_failure,745.34,Returning customer with historical transaction activity.,Payment of ₹745.34 failed during the payment flow.,insufficient_funds,delayed_retry,approved,recovered,745.34,1
CASE_00855,payment_failure,22655.68,Returning customer with historical transaction activity.,"Payment of ₹22,655.68 failed during the payment flow.",mandate_failure,mandate_retry,approved,recovered,22655.68,1
CASE_00856,payment_failure,3520.86,Returning customer with historical transaction activity.,"Payment of ₹3,520.86 failed during the payment flow.",mandate_failure,mandate_retry,approved,recovered,3520.86,3
CASE_00857,payment_failure,7249.22,Returning customer with historical transaction activity.,"Payment of ₹7,249.22 failed during the payment flow.",expired_card,payment_method_update,approved,recovered,7249.22,3
CASE_00858,payment_failure,813.4,Returning customer with historical transaction activity.,Payment of ₹813.40 failed during the payment flow.,mandate_failure,mandate_retry,approved,partial,276.9,2
CASE_00859,payment_failure,448.2,Returning customer with historical transaction activity.,Payment of ₹448.20 failed during the payment flow.,mandate_failure,mandate_retry,approved,recovered,448.2,2
CASE_00860,payment_failure,1769.56,Returning customer with historical transaction activity.,"Payment of ₹1,769.56 failed during the payment flow.",bank_timeout,delayed_retry,approved,failed,0.0,0
CASE_00861,payment_failure,6049.04,Returning customer with historical transaction activity.,"Payment of ₹6,049.04 failed during the payment flow.",insufficient_funds,delayed_retry,approved,recovered,6049.04,1
CASE_00862,payment_failure,17842.51,Returning customer with historical transaction activity.,"Payment of ₹17,842.51 failed during the payment flow.",expired_card,payment_method_update,approved,recovered,17842.51,2
CASE_00863,payment_failure,17249.89,Returning customer with historical transaction activity.,"Payment of ₹17,249.89 failed during the payment flow.",network_error,retry,approved,partial,5865.88,2
CASE_00864,payment_failure,13121.47,Returning customer with historical transaction activity.,"Payment of ₹13,121.47 failed during the payment flow.",network_error,retry,approved,recovered,13121.47,2
CASE_00865,payment_failure,5301.21,Returning customer with historical transaction activity.,"Payment of ₹5,301.21 failed during the payment flow.",insufficient_funds,delayed_retry,approved,recovered,5301.21,3
CASE_00866,payment_failure,13351.38,Returning customer with historical transaction activity.,"Payment of ₹13,351.38 failed during the payment flow.",mandate_failure,mandate_retry,approved,failed,0.0,0
CASE_00867,payment_failure,22463.95,Returning customer with historical transaction activity.,"Payment of ₹22,463.95 failed during the payment flow.",insufficient_funds,delayed_retry,approved,recovered,22463.95,2
CASE_00868,payment_failure,1215.95,Returning customer with historical transaction activity.,"Payment of ₹1,215.95 failed during the payment flow.",bank_timeout,delayed_retry,approved,partial,752.86,2
CASE_00869,payment_failure,1051.61,Returning customer with historical transaction activity.,"Payment of ₹1,051.61 failed during the payment flow.",network_error,retry,approved,recovered,1051.61,3
CASE_00870,payment_failure,9252.84,Returning customer with historical transaction activity.,"Payment of ₹9,252.84 failed during the payment flow.",bank_timeout,delayed_retry,approved,recovered,9252.84,1
CASE_00871,payment_failure,6129.55,Returning customer with historical transaction activity.,"Payment of ₹6,129.55 failed during the payment flow.",network_error,retry,approved,recovered,6129.55,2
CASE_00872,payment_failure,3237.0,Returning customer with historical transaction activity.,"Payment of ₹3,237.00 failed during the payment flow.",mandate_failure,mandate_retry,approved,recovered,3237.0,2
CASE_00873,payment_failure,2513.24,Returning customer with historical transaction activity.,"Payment of ₹2,513.24 failed during the payment flow.",expired_card,payment_method_update,approved,recovered,2513.24,1
CASE_00874,payment_failure,365.2,Returning customer with historical transaction activity.,Payment of ₹365.20 failed during the payment flow.,network_error,retry,approved,recovered,365.2,1
CASE_00875,payment_failure,661.51,Returning customer with historical transaction activity.,Payment of ₹661.51 failed during the payment flow.,bank_timeout,delayed_retry,approved,recovered,661.51,2
CASE_00876,payment_failure,16717.03,Returning customer with historical transaction activity.,"Payment of ₹16,717.03 failed during the payment flow.",bank_timeout,delayed_retry,approved,recovered,16717.03,2
CASE_00877,payment_failure,623.33,Returning customer with historical transaction activity.,Payment of ₹623.33 failed during the payment flow.,network_error,retry,approved,recovered,623.33,1
CASE_00878,payment_failure,3280.99,Returning customer with historical transaction activity.,"Payment of ₹3,280.99 failed during the payment flow.",insufficient_funds,delayed_retry,approved,failed,0.0,0
CASE_00879,payment_failure,4640.53,Returning customer with historical transaction activity.,"Payment of ₹4,640.53 failed during the payment flow.",mandate_failure,mandate_retry,approved,recovered,4640.53,2
CASE_00880,payment_failure,3407.98,Returning customer with historical transaction activity.,"Payment of ₹3,407.98 failed during the payment flow.",mandate_failure,mandate_retry,approved,recovered,3407.98,3
CASE_00881,payment_failure,2926.58,Returning customer with historical transaction activity.,"Payment of ₹2,926.58 failed during the payment flow.",expired_card,payment_method_update,approved,failed,0.0,0
CASE_00882,payment_failure,6988.6,Returning customer with historical transaction activity.,"Payment of ₹6,988.60 failed during the payment flow.",insufficient_funds,delayed_retry,approved,failed,0.0,0
CASE_00883,payment_failure,595.94,Returning customer with historical transaction activity.,Payment of ₹595.94 failed during the payment flow.,expired_card,payment_method_update,approved,recovered,595.94,3
CASE_00884,payment_failure,523.73,Returning customer with historical transaction activity.,Payment of ₹523.73 failed during the payment flow.,insufficient_funds,delayed_retry,approved,failed,0.0,0
CASE_00885,payment_failure,1136.27,Returning customer with historical transaction activity.,"Payment of ₹1,136.27 failed during the payment flow.",insufficient_funds,delayed_retry,approved,failed,0.0,0
CASE_00886,payment_failure,4683.69,Returning customer with historical transaction activity.,"Payment of ₹4,683.69 failed during the payment flow.",network_error,retry,approved,recovered,4683.69,3
CASE_00887,payment_failure,6034.93,Returning customer with historical transaction activity.,"Payment of ₹6,034.93 failed during the payment flow.",network_error,retry,approved,recovered,6034.93,2
CASE_00888,payment_failure,7209.38,Returning customer with historical transaction activity.,"Payment of ₹7,209.38 failed during the payment flow.",network_error,retry,approved,recovered,7209.38,2
CASE_00889,payment_failure,104.58,Returning customer with historical transaction activity.,Payment of ₹104.58 failed during the payment flow.,network_error,retry,approved,recovered,104.58,2
CASE_00890,payment_failure,9747.52,Returning customer with historical transaction activity.,"Payment of ₹9,747.52 failed during the payment flow.",mandate_failure,mandate_retry,approved,failed,0.0,0
CASE_00891,payment_failure,6591.03,Returning customer with historical transaction activity.,"Payment of ₹6,591.03 failed during the payment flow.",expired_card,payment_method_update,approved,recovered,6591.03,1
CASE_00892,payment_failure,5677.2,Returning customer with historical transaction activity.,"Payment of ₹5,677.20 failed during the payment flow.",bank_timeout,delayed_retry,approved,recovered,5677.2,3
CASE_00893,payment_failure,7442.61,Returning customer with historical transaction activity.,"Payment of ₹7,442.61 failed during the payment flow.",insufficient_funds,delayed_retry,approved,recovered,7442.61,1
CASE_00894,payment_failure,142.76,Returning customer with historical transaction activity.,Payment of ₹142.76 failed during the payment flow.,bank_timeout,delayed_retry,approved,recovered,142.76,3
CASE_00895,payment_failure,2513.24,Returning customer with historical transaction activity.,"Payment of ₹2,513.24 failed during the payment flow.",bank_timeout,delayed_retry,approved,recovered,2513.24,1
CASE_00896,payment_failure,2227.72,Returning customer with historical transaction activity.,"Payment of ₹2,227.72 failed during the payment flow.",expired_card,payment_method_update,approved,partial,781.36,2
CASE_00897,payment_failure,6337.88,Returning customer with historical transaction activity.,"Payment of ₹6,337.88 failed during the payment flow.",expired_card,payment_method_update,approved,failed,0.0,0
CASE_00898,payment_failure,7939.78,Returning customer with historical transaction activity.,"Payment of ₹7,939.78 failed during the payment flow.",expired_card,payment_method_update,approved,partial,2919.91,2
CASE_00899,payment_failure,3759.07,Returning customer with historical transaction activity.,"Payment of ₹3,759.07 failed during the payment flow.",insufficient_funds,delayed_retry,approved,recovered,3759.07,1
CASE_00900,payment_failure,1996.98,Returning customer with historical transaction activity.,"Payment of ₹1,996.98 failed during the payment flow.",network_error,retry,approved,recovered,1996.98,1
CASE_00901,payment_failure,4182.37,Returning customer with historical transaction activity.,"Payment of ₹4,182.37 failed during the payment flow.",insufficient_funds,delayed_retry,approved,failed,0.0,0
CASE_00902,payment_failure,116.2,Returning customer with historical transaction activity.,Payment of ₹116.20 failed during the payment flow.,expired_card,payment_method_update,approved,failed,0.0,0
CASE_00903,payment_failure,333.66,Returning customer with historical transaction activity.,Payment of ₹333.66 failed during the payment flow.,network_error,retry,approved,recovered,333.66,3
CASE_00904,payment_failure,3825.47,Returning customer with historical transaction activity.,"Payment of ₹3,825.47 failed during the payment flow.",bank_timeout,delayed_retry,approved,recovered,3825.47,2
CASE_00905,payment_failure,1372.82,Returning customer with historical transaction activity.,"Payment of ₹1,372.82 failed during the payment flow.",network_error,retry,approved,recovered,1372.82,3
CASE_00906,payment_failure,6932.99,Returning customer with historical transaction activity.,"Payment of ₹6,932.99 failed during the payment flow.",mandate_failure,mandate_retry,approved,failed,0.0,0
CASE_00907,payment_failure,5919.56,Returning customer with historical transaction activity.,"Payment of ₹5,919.56 failed during the payment flow.",bank_timeout,delayed_retry,approved,partial,3236.39,5
CASE_00908,payment_failure,3576.47,Returning customer with historical transaction activity.,"Payment of ₹3,576.47 failed during the payment flow.",mandate_failure,mandate_retry,approved,failed,0.0,0
CASE_00909,payment_failure,8260.99,Returning customer with historical transaction activity.,"Payment of ₹8,260.99 failed during the payment flow.",bank_timeout,delayed_retry,approved,recovered,8260.99,3
CASE_00910,payment_failure,2074.17,Returning customer with historical transaction activity.,"Payment of ₹2,074.17 failed during the payment flow.",insufficient_funds,delayed_retry,approved,failed,0.0,0
CASE_00911,payment_failure,5795.06,Returning customer with historical transaction activity.,"Payment of ₹5,795.06 failed during the payment flow.",network_error,retry,approved,recovered,5795.06,3
CASE_00912,payment_failure,2338.11,Returning customer with historical transaction activity.,"Payment of ₹2,338.11 failed during the payment flow.",expired_card,payment_method_update,approved,recovered,2338.11,2
CASE_00913,payment_failure,6604.31,Returning customer with historical transaction activity.,"Payment of ₹6,604.31 failed during the payment flow.",expired_card,payment_method_update,approved,recovered,6604.31,2
CASE_00914,payment_failure,7759.67,Returning customer with historical transaction activity.,"Payment of ₹7,759.67 failed during the payment flow.",expired_card,payment_method_update,approved,failed,0.0,0
CASE_00915,payment_failure,574.36,Returning customer with historical transaction activity.,Payment of ₹574.36 failed during the payment flow.,insufficient_funds,delayed_retry,approved,partial,426.71,4
CASE_00916,payment_failure,208.33,Returning customer with historical transaction activity.,Payment of ₹208.33 failed during the payment flow.,expired_card,payment_method_update,approved,recovered,208.33,2
CASE_00917,payment_failure,8287.55,Returning customer with historical transaction activity.,"Payment of ₹8,287.55 failed during the payment flow.",mandate_failure,mandate_retry,approved,recovered,8287.55,2
CASE_00918,payment_failure,7381.19,Returning customer with historical transaction activity.,"Payment of ₹7,381.19 failed during the payment flow.",mandate_failure,mandate_retry,approved,recovered,7381.19,1
CASE_00919,payment_failure,14593.89,Returning customer with historical transaction activity.,"Payment of ₹14,593.89 failed during the payment flow.",network_error,retry,approved,recovered,14593.89,1
CASE_00920,payment_failure,2718.25,Returning customer with historical transaction activity.,"Payment of ₹2,718.25 failed during the payment flow.",bank_timeout,delayed_retry,approved,recovered,2718.25,1
CASE_00921,payment_failure,435.75,Returning customer with historical transaction activity.,Payment of ₹435.75 failed during the payment flow.,bank_timeout,delayed_retry,approved,recovered,435.75,3
CASE_00922,payment_failure,7073.26,Returning customer with historical transaction activity.,"Payment of ₹7,073.26 failed during the payment flow.",network_error,retry,approved,recovered,7073.26,3
CASE_00923,payment_failure,11063.9,Returning customer with historical transaction activity.,"Payment of ₹11,063.90 failed during the payment flow.",bank_timeout,delayed_retry,approved,recovered,11063.9,3
CASE_00924,payment_failure,7625.21,Returning customer with historical transaction activity.,"Payment of ₹7,625.21 failed during the payment flow.",insufficient_funds,delayed_retry,approved,recovered,7625.21,3
CASE_00925,payment_failure,4731.83,Returning customer with historical transaction activity.,"Payment of ₹4,731.83 failed during the payment flow.",expired_card,payment_method_update,approved,recovered,4731.83,2
CASE_00926,payment_failure,333.66,Returning customer with historical transaction activity.,Payment of ₹333.66 failed during the payment flow.,insufficient_funds,delayed_retry,approved,recovered,333.66,1
CASE_00927,payment_failure,11068.88,Returning customer with historical transaction activity.,"Payment of ₹11,068.88 failed during the payment flow.",network_error,retry,approved,recovered,11068.88,3
CASE_00928,payment_failure,872.33,Returning customer with historical transaction activity.,Payment of ₹872.33 failed during the payment flow.,network_error,retry,approved,recovered,872.33,3
CASE_00929,payment_failure,5056.36,Returning customer with historical transaction activity.,"Payment of ₹5,056.36 failed during the payment flow.",bank_timeout,delayed_retry,approved,recovered,5056.36,2
CASE_00930,payment_failure,9393.11,Returning customer with historical transaction activity.,"Payment of ₹9,393.11 failed during the payment flow.",bank_timeout,delayed_retry,approved,recovered,9393.11,1
CASE_00931,payment_failure,4274.5,Returning customer with historical transaction activity.,"Payment of ₹4,274.50 failed during the payment flow.",insufficient_funds,delayed_retry,approved,partial,2783.56,5
CASE_00932,payment_failure,4779.97,Returning customer with historical transaction activity.,"Payment of ₹4,779.97 failed during the payment flow.",bank_timeout,delayed_retry,approved,recovered,4779.97,1
CASE_00933,payment_failure,585.15,Returning customer with historical transaction activity.,Payment of ₹585.15 failed during the payment flow.,expired_card,payment_method_update,approved,partial,366.74,2
CASE_00934,payment_failure,8232.77,Returning customer with historical transaction activity.,"Payment of ₹8,232.77 failed during the payment flow.",insufficient_funds,delayed_retry,approved,recovered,8232.77,3
CASE_00935,payment_failure,254.81,Returning customer with historical transaction activity.,Payment of ₹254.81 failed during the payment flow.,bank_timeout,delayed_retry,approved,recovered,254.81,3
CASE_00936,payment_failure,735.38,Returning customer with historical transaction activity.,Payment of ₹735.38 failed during the payment flow.,expired_card,payment_method_update,approved,recovered,735.38,3
CASE_00937,payment_failure,12537.15,Returning customer with historical transaction activity.,"Payment of ₹12,537.15 failed during the payment flow.",mandate_failure,mandate_retry,approved,recovered,12537.15,1
CASE_00938,payment_failure,1236.7,Returning customer with historical transaction activity.,"Payment of ₹1,236.70 failed during the payment flow.",network_error,retry,approved,recovered,1236.7,2
CASE_00939,payment_failure,4795.74,Returning customer with historical transaction activity.,"Payment of ₹4,795.74 failed during the payment flow.",network_error,retry,approved,recovered,4795.74,1
CASE_00940,payment_failure,941.22,Returning customer with historical transaction activity.,Payment of ₹941.22 failed during the payment flow.,insufficient_funds,delayed_retry,approved,failed,0.0,0
CASE_00941,payment_failure,16006.55,Returning customer with historical transaction activity.,"Payment of ₹16,006.55 failed during the payment flow.",mandate_failure,mandate_retry,approved,failed,0.0,0
CASE_00942,payment_failure,1445.86,Returning customer with historical transaction activity.,"Payment of ₹1,445.86 failed during the payment flow.",mandate_failure,mandate_retry,approved,recovered,1445.86,1
CASE_00943,payment_failure,2387.08,Returning customer with historical transaction activity.,"Payment of ₹2,387.08 failed during the payment flow.",bank_timeout,delayed_retry,approved,recovered,2387.08,2
CASE_00944,payment_failure,2106.54,Returning customer with historical transaction activity.,"Payment of ₹2,106.54 failed during the payment flow.",mandate_failure,mandate_retry,approved,partial,622.76,5
CASE_00945,payment_failure,804.27,Returning customer with historical transaction activity.,Payment of ₹804.27 failed during the payment flow.,mandate_failure,mandate_retry,approved,recovered,804.27,2
CASE_00946,payment_failure,220.78,Returning customer with historical transaction activity.,Payment of ₹220.78 failed during the payment flow.,insufficient_funds,delayed_retry,approved,recovered,220.78,3
CASE_00947,payment_failure,5681.35,Returning customer with historical transaction activity.,"Payment of ₹5,681.35 failed during the payment flow.",mandate_failure,mandate_retry,approved,recovered,5681.35,2
CASE_00948,payment_failure,3534.14,Returning customer with historical transaction activity.,"Payment of ₹3,534.14 failed during the payment flow.",expired_card,payment_method_update,approved,recovered,3534.14,2
CASE_00949,payment_failure,44560.21,Returning customer with historical transaction activity.,"Payment of ₹44,560.21 failed during the payment flow.",insufficient_funds,delayed_retry,approved,recovered,44560.21,1
CASE_00950,payment_failure,15840.55,Returning customer with historical transaction activity.,"Payment of ₹15,840.55 failed during the payment flow.",bank_timeout,delayed_retry,approved,recovered,15840.55,2
CASE_00951,payment_failure,10040.51,Returning customer with historical transaction activity.,"Payment of ₹10,040.51 failed during the payment flow.",expired_card,payment_method_update,approved,partial,3751.59,4
CASE_00952,payment_failure,2099.07,Returning customer with historical transaction activity.,"Payment of ₹2,099.07 failed during the payment flow.",insufficient_funds,delayed_retry,approved,failed,0.0,0
CASE_00953,payment_failure,3766.54,Returning customer with historical transaction activity.,"Payment of ₹3,766.54 failed during the payment flow.",mandate_failure,mandate_retry,approved,recovered,3766.54,3
CASE_00954,payment_failure,9548.32,Returning customer with historical transaction activity.,"Payment of ₹9,548.32 failed during the payment flow.",insufficient_funds,delayed_retry,approved,recovered,9548.32,3
CASE_00955,payment_failure,5287.1,Returning customer with historical transaction activity.,"Payment of ₹5,287.10 failed during the payment flow.",network_error,retry,approved,partial,1736.46,5
CASE_00956,payment_failure,92.13,Returning customer with historical transaction activity.,Payment of ₹92.13 failed during the payment flow.,bank_timeout,delayed_retry,approved,recovered,92.13,2
CASE_00957,payment_failure,7522.29,Returning customer with historical transaction activity.,"Payment of ₹7,522.29 failed during the payment flow.",network_error,retry,approved,recovered,7522.29,3
CASE_00958,payment_failure,3496.79,Returning customer with historical transaction activity.,"Payment of ₹3,496.79 failed during the payment flow.",mandate_failure,mandate_retry,approved,failed,0.0,0
CASE_00959,payment_failure,5483.81,Returning customer with historical transaction activity.,"Payment of ₹5,483.81 failed during the payment flow.",expired_card,payment_method_update,approved,recovered,5483.81,2
CASE_00960,payment_failure,367.69,Returning customer with historical transaction activity.,Payment of ₹367.69 failed during the payment flow.,expired_card,payment_method_update,approved,failed,0.0,0
CASE_00961,payment_failure,4394.02,Returning customer with historical transaction activity.,"Payment of ₹4,394.02 failed during the payment flow.",mandate_failure,mandate_retry,approved,recovered,4394.02,2
CASE_00962,payment_failure,11874.81,Returning customer with historical transaction activity.,"Payment of ₹11,874.81 failed during the payment flow.",expired_card,payment_method_update,approved,recovered,11874.81,2
CASE_00963,payment_failure,5935.33,Returning customer with historical transaction activity.,"Payment of ₹5,935.33 failed during the payment flow.",network_error,retry,approved,recovered,5935.33,2
CASE_00964,payment_failure,10068.73,Returning customer with historical transaction activity.,"Payment of ₹10,068.73 failed during the payment flow.",expired_card,payment_method_update,approved,failed,0.0,0
CASE_00965,payment_failure,5314.49,Returning customer with historical transaction activity.,"Payment of ₹5,314.49 failed during the payment flow.",expired_card,payment_method_update,approved,recovered,5314.49,3
CASE_00966,payment_failure,10568.39,Returning customer with historical transaction activity.,"Payment of ₹10,568.39 failed during the payment flow.",mandate_failure,mandate_retry,approved,recovered,10568.39,2
CASE_00967,payment_failure,16328.59,Returning customer with historical transaction activity.,"Payment of ₹16,328.59 failed during the payment flow.",insufficient_funds,delayed_retry,approved,recovered,16328.59,1
CASE_00968,payment_failure,263.11,Returning customer with historical transaction activity.,Payment of ₹263.11 failed during the payment flow.,network_error,retry,approved,recovered,263.11,1
CASE_00969,payment_failure,588.47,Returning customer with historical transaction activity.,Payment of ₹588.47 failed during the payment flow.,network_error,retry,approved,recovered,588.47,3
CASE_00970,payment_failure,3355.69,Returning customer with historical transaction activity.,"Payment of ₹3,355.69 failed during the payment flow.",bank_timeout,delayed_retry,approved,recovered,3355.69,3
CASE_00971,payment_failure,6044.89,Returning customer with historical transaction activity.,"Payment of ₹6,044.89 failed during the payment flow.",network_error,retry,approved,recovered,6044.89,3
CASE_00972,payment_failure,414.17,Returning customer with historical transaction activity.,Payment of ₹414.17 failed during the payment flow.,insufficient_funds,delayed_retry,approved,recovered,414.17,1
CASE_00973,payment_failure,8736.58,Returning customer with historical transaction activity.,"Payment of ₹8,736.58 failed during the payment flow.",bank_timeout,delayed_retry,approved,recovered,8736.58,2
CASE_00974,payment_failure,5176.71,Returning customer with historical transaction activity.,"Payment of ₹5,176.71 failed during the payment flow.",bank_timeout,delayed_retry,approved,recovered,5176.71,3
CASE_00975,payment_failure,5483.81,Returning customer with historical transaction activity.,"Payment of ₹5,483.81 failed during the payment flow.",network_error,retry,approved,recovered,5483.81,2
CASE_00976,payment_failure,2307.4,Returning customer with historical transaction activity.,"Payment of ₹2,307.40 failed during the payment flow.",network_error,retry,approved,recovered,2307.4,1
CASE_00977,payment_failure,810.91,Returning customer with historical transaction activity.,Payment of ₹810.91 failed during the payment flow.,network_error,retry,approved,recovered,810.91,2
CASE_00978,payment_failure,5799.21,Returning customer with historical transaction activity.,"Payment of ₹5,799.21 failed during the payment flow.",expired_card,payment_method_update,approved,recovered,5799.21,2
CASE_00979,payment_failure,2724.06,Returning customer with historical transaction activity.,"Payment of ₹2,724.06 failed during the payment flow.",insufficient_funds,delayed_retry,approved,recovered,2724.06,2
CASE_00980,payment_failure,4484.49,Returning customer with historical transaction activity.,"Payment of ₹4,484.49 failed during the payment flow.",expired_card,payment_method_update,approved,recovered,4484.49,2
CASE_00981,payment_failure,5208.25,Returning customer with historical transaction activity.,"Payment of ₹5,208.25 failed during the payment flow.",expired_card,payment_method_update,approved,recovered,5208.25,2
CASE_00982,payment_failure,141.1,Returning customer with historical transaction activity.,Payment of ₹141.10 failed during the payment flow.,insufficient_funds,delayed_retry,approved,failed,0.0,0
CASE_00983,payment_failure,859.88,Returning customer with historical transaction activity.,Payment of ₹859.88 failed during the payment flow.,network_error,retry,approved,recovered,859.88,2
CASE_00984,payment_failure,3241.15,Returning customer with historical transaction activity.,"Payment of ₹3,241.15 failed during the payment flow.",network_error,retry,approved,partial,1705.94,6
CASE_00985,payment_failure,716.29,Returning customer with historical transaction activity.,Payment of ₹716.29 failed during the payment flow.,insufficient_funds,delayed_retry,approved,recovered,716.29,2
CASE_00986,payment_failure,258.13,Returning customer with historical transaction activity.,Payment of ₹258.13 failed during the payment flow.,mandate_failure,mandate_retry,approved,recovered,258.13,2
CASE_00987,payment_failure,2830.3,Returning customer with historical transaction activity.,"Payment of ₹2,830.30 failed during the payment flow.",bank_timeout,delayed_retry,approved,recovered,2830.3,1
CASE_00988,payment_failure,703.01,Returning customer with historical transaction activity.,Payment of ₹703.01 failed during the payment flow.,bank_timeout,delayed_retry,approved,recovered,703.01,3
CASE_00989,payment_failure,5091.22,Returning customer with historical transaction activity.,"Payment of ₹5,091.22 failed during the payment flow.",insufficient_funds,delayed_retry,approved,recovered,5091.22,1
CASE_00990,payment_failure,6271.48,Returning customer with historical transaction activity.,"Payment of ₹6,271.48 failed during the payment flow.",insufficient_funds,delayed_retry,approved,recovered,6271.48,1
CASE_00991,payment_failure,720.44,Returning customer with historical transaction activity.,Payment of ₹720.44 failed during the payment flow.,expired_card,payment_method_update,approved,recovered,720.44,1
CASE_00992,payment_failure,2944.84,Returning customer with historical transaction activity.,"Payment of ₹2,944.84 failed during the payment flow.",insufficient_funds,delayed_retry,approved,recovered,2944.84,1
CASE_00993,payment_failure,2795.44,Returning customer with historical transaction activity.,"Payment of ₹2,795.44 failed during the payment flow.",insufficient_funds,delayed_retry,approved,recovered,2795.44,3
CASE_00994,payment_failure,9380.66,Returning customer with historical transaction activity.,"Payment of ₹9,380.66 failed during the payment flow.",expired_card,payment_method_update,approved,failed,0.0,0
CASE_00995,payment_failure,2116.5,Returning customer with historical transaction activity.,"Payment of ₹2,116.50 failed during the payment flow.",insufficient_funds,delayed_retry,approved,failed,0.0,0
CASE_00996,payment_failure,156.87,Returning customer with historical transaction activity.,Payment of ₹156.87 failed during the payment flow.,mandate_failure,mandate_retry,approved,failed,0.0,0
CASE_00997,payment_failure,8181.31,Returning customer with historical transaction activity.,"Payment of ₹8,181.31 failed during the payment flow.",mandate_failure,mandate_retry,approved,failed,0.0,0
CASE_00998,payment_failure,9050.32,Returning customer with historical transaction activity.,"Payment of ₹9,050.32 failed during the payment flow.",mandate_failure,mandate_retry,approved,recovered,9050.32,3
CASE_00999,payment_failure,10560.92,Returning customer with historical transaction activity.,"Payment of ₹10,560.92 failed during the payment flow.",expired_card,payment_method_update,approved,recovered,10560.92,3
CASE_01000,payment_failure,3519.2,Returning customer with historical transaction activity.,"Payment of ₹3,519.20 failed during the payment flow.",insufficient_funds,delayed_retry,approved,failed,0.0,0
CASE_01001,payment_failure,338.64,Returning customer with historical transaction activity.,Payment of ₹338.64 failed during the payment flow.,bank_timeout,delayed_retry,approved,failed,0.0,0
CASE_01002,payment_failure,1687.39,Returning customer with historical transaction activity.,"Payment of ₹1,687.39 failed during the payment flow.",network_error,retry,approved,partial,558.72,3
CASE_01003,payment_failure,870.67,Returning customer with historical transaction activity.,Payment of ₹870.67 failed during the payment flow.,bank_timeout,delayed_retry,approved,recovered,870.67,1
CASE_01004,payment_failure,2102.39,Returning customer with historical transaction activity.,"Payment of ₹2,102.39 failed during the payment flow.",bank_timeout,delayed_retry,approved,recovered,2102.39,3
CASE_01005,payment_failure,8236.92,Returning customer with historical transaction activity.,"Payment of ₹8,236.92 failed during the payment flow.",insufficient_funds,delayed_retry,approved,recovered,8236.92,2
CASE_01006,payment_failure,34872.45,Returning customer with historical transaction activity.,"Payment of ₹34,872.45 failed during the payment flow.",expired_card,payment_method_update,approved,failed,0.0,0
CASE_01007,payment_failure,4570.81,Returning customer with historical transaction activity.,"Payment of ₹4,570.81 failed during the payment flow.",bank_timeout,delayed_retry,approved,recovered,4570.81,3
CASE_01008,payment_failure,2060.06,Returning customer with historical transaction activity.,"Payment of ₹2,060.06 failed during the payment flow.",bank_timeout,delayed_retry,approved,recovered,2060.06,2
CASE_01009,payment_failure,6441.63,Returning customer with historical transaction activity.,"Payment of ₹6,441.63 failed during the payment flow.",mandate_failure,mandate_retry,approved,recovered,6441.63,3
CASE_01010,payment_failure,1200.18,Returning customer with historical transaction activity.,"Payment of ₹1,200.18 failed during the payment flow.",mandate_failure,mandate_retry,approved,recovered,1200.18,1
CASE_01011,payment_failure,4647.17,Returning customer with historical transaction activity.,"Payment of ₹4,647.17 failed during the payment flow.",mandate_failure,mandate_retry,approved,failed,0.0,0
CASE_01012,payment_failure,4167.43,Returning customer with historical transaction activity.,"Payment of ₹4,167.43 failed during the payment flow.",insufficient_funds,delayed_retry,approved,recovered,4167.43,3
CASE_01013,payment_failure,209.16,Returning customer with historical transaction activity.,Payment of ₹209.16 failed during the payment flow.,network_error,retry,approved,recovered,209.16,3
CASE_01014,payment_failure,3831.28,Returning customer with historical transaction activity.,"Payment of ₹3,831.28 failed during the payment flow.",insufficient_funds,delayed_retry,approved,recovered,3831.28,3
CASE_01015,payment_failure,9782.38,Returning customer with historical transaction activity.,"Payment of ₹9,782.38 failed during the payment flow.",insufficient_funds,delayed_retry,approved,recovered,9782.38,3
CASE_01016,payment_failure,234.06,Returning customer with historical transaction activity.,Payment of ₹234.06 failed during the payment flow.,expired_card,payment_method_update,approved,recovered,234.06,1
CASE_01017,payment_failure,4585.75,Returning customer with historical transaction activity.,"Payment of ₹4,585.75 failed during the payment flow.",network_error,retry,approved,recovered,4585.75,1
CASE_01018,payment_failure,6500.56,Returning customer with historical transaction activity.,"Payment of ₹6,500.56 failed during the payment flow.",network_error,retry,approved,recovered,6500.56,3
CASE_01019,payment_failure,205.84,Returning customer with historical transaction activity.,Payment of ₹205.84 failed during the payment flow.,network_error,retry,approved,partial,77.86,6
CASE_01020,payment_failure,6570.28,Returning customer with historical transaction activity.,"Payment of ₹6,570.28 failed during the payment flow.",expired_card,payment_method_update,approved,recovered,6570.28,3
CASE_01021,payment_failure,14386.39,Returning customer with historical transaction activity.,"Payment of ₹14,386.39 failed during the payment flow.",insufficient_funds,delayed_retry,approved,recovered,14386.39,3
CASE_01022,payment_failure,607.56,Returning customer with historical transaction activity.,Payment of ₹607.56 failed during the payment flow.,bank_timeout,delayed_retry,approved,partial,371.49,2
CASE_01023,payment_failure,201.69,Returning customer with historical transaction activity.,Payment of ₹201.69 failed during the payment flow.,insufficient_funds,delayed_retry,approved,partial,81.98,3
CASE_01024,payment_failure,566.89,Returning customer with historical transaction activity.,Payment of ₹566.89 failed during the payment flow.,network_error,retry,approved,recovered,566.89,2
CASE_01025,payment_failure,4136.72,Returning customer with historical transaction activity.,"Payment of ₹4,136.72 failed during the payment flow.",network_error,retry,approved,recovered,4136.72,1
CASE_01026,payment_failure,429.94,Returning customer with historical transaction activity.,Payment of ₹429.94 failed during the payment flow.,mandate_failure,mandate_retry,approved,recovered,429.94,2
CASE_01027,payment_failure,5271.33,Returning customer with historical transaction activity.,"Payment of ₹5,271.33 failed during the payment flow.",network_error,retry,approved,recovered,5271.33,1
CASE_01028,payment_failure,4011.39,Returning customer with historical transaction activity.,"Payment of ₹4,011.39 failed during the payment flow.",mandate_failure,mandate_retry,approved,recovered,4011.39,3
CASE_01029,payment_failure,3690.18,Returning customer with historical transaction activity.,"Payment of ₹3,690.18 failed during the payment flow.",network_error,retry,approved,recovered,3690.18,2
CASE_01030,payment_failure,491.36,Returning customer with historical transaction activity.,Payment of ₹491.36 failed during the payment flow.,network_error,retry,approved,recovered,491.36,2
CASE_01031,payment_failure,491.36,Returning customer with historical transaction activity.,Payment of ₹491.36 failed during the payment flow.,network_error,retry,approved,recovered,491.36,3
CASE_01032,payment_failure,3996.45,Returning customer with historical transaction activity.,"Payment of ₹3,996.45 failed during the payment flow.",mandate_failure,mandate_retry,approved,failed,0.0,0
CASE_01033,payment_failure,768.58,Returning customer with historical transaction activity.,Payment of ₹768.58 failed during the payment flow.,mandate_failure,mandate_retry,approved,recovered,768.58,1
CASE_01034,payment_failure,6361.95,Returning customer with historical transaction activity.,"Payment of ₹6,361.95 failed during the payment flow.",network_error,retry,approved,recovered,6361.95,2
CASE_01035,payment_failure,8173.01,Returning customer with historical transaction activity.,"Payment of ₹8,173.01 failed during the payment flow.",network_error,retry,approved,recovered,8173.01,2
CASE_01036,payment_failure,5018.18,Returning customer with historical transaction activity.,"Payment of ₹5,018.18 failed during the payment flow.",insufficient_funds,delayed_retry,approved,failed,0.0,0
CASE_01037,payment_failure,5613.29,Returning customer with historical transaction activity.,"Payment of ₹5,613.29 failed during the payment flow.",expired_card,payment_method_update,approved,recovered,5613.29,1
CASE_01038,payment_failure,3742.47,Returning customer with historical transaction activity.,"Payment of ₹3,742.47 failed during the payment flow.",bank_timeout,delayed_retry,approved,recovered,3742.47,3
CASE_01039,payment_failure,5644.0,Returning customer with historical transaction activity.,"Payment of ₹5,644.00 failed during the payment flow.",expired_card,payment_method_update,approved,failed,0.0,0
CASE_01040,payment_failure,3833.77,Returning customer with historical transaction activity.,"Payment of ₹3,833.77 failed during the payment flow.",insufficient_funds,delayed_retry,approved,partial,2457.52,4
CASE_01041,payment_failure,33766.89,Returning customer with historical transaction activity.,"Payment of ₹33,766.89 failed during the payment flow.",bank_timeout,delayed_retry,approved,failed,0.0,0
CASE_01042,payment_failure,5971.85,Returning customer with historical transaction activity.,"Payment of ₹5,971.85 failed during the payment flow.",expired_card,payment_method_update,approved,recovered,5971.85,3
CASE_01043,payment_failure,12030.02,Returning customer with historical transaction activity.,"Payment of ₹12,030.02 failed during the payment flow.",bank_timeout,delayed_retry,approved,recovered,12030.02,2
CASE_01044,payment_failure,3925.9,Returning customer with historical transaction activity.,"Payment of ₹3,925.90 failed during the payment flow.",network_error,retry,approved,recovered,3925.9,1
CASE_01045,payment_failure,209.99,Returning customer with historical transaction activity.,Payment of ₹209.99 failed during the payment flow.,expired_card,payment_method_update,approved,failed,0.0,0
CASE_01046,payment_failure,173.47,Returning customer with historical transaction activity.,Payment of ₹173.47 failed during the payment flow.,insufficient_funds,delayed_retry,approved,recovered,173.47,3
CASE_01047,payment_failure,4867.95,Returning customer with historical transaction activity.,"Payment of ₹4,867.95 failed during the payment flow.",network_error,retry,approved,recovered,4867.95,3
CASE_01048,payment_failure,9762.46,Returning customer with historical transaction activity.,"Payment of ₹9,762.46 failed during the payment flow.",mandate_failure,mandate_retry,approved,recovered,9762.46,2
CASE_01049,payment_failure,5867.27,Returning customer with historical transaction activity.,"Payment of ₹5,867.27 failed during the payment flow.",network_error,retry,approved,recovered,5867.27,1
CASE_01050,payment_failure,1205.16,Returning customer with historical transaction activity.,"Payment of ₹1,205.16 failed during the payment flow.",insufficient_funds,delayed_retry,approved,recovered,1205.16,3
CASE_01051,payment_failure,6683.99,Returning customer with historical transaction activity.,"Payment of ₹6,683.99 failed during the payment flow.",network_error,retry,approved,recovered,6683.99,3
CASE_01052,payment_failure,319.55,Returning customer with historical transaction activity.,Payment of ₹319.55 failed during the payment flow.,network_error,retry,approved,recovered,319.55,2
CASE_01053,payment_failure,131.97,Returning customer with historical transaction activity.,Payment of ₹131.97 failed during the payment flow.,insufficient_funds,delayed_retry,approved,recovered,131.97,1
CASE_01054,payment_failure,402.55,Returning customer with historical transaction activity.,Payment of ₹402.55 failed during the payment flow.,mandate_failure,mandate_retry,approved,recovered,402.55,2
CASE_01055,payment_failure,7205.23,Returning customer with historical transaction activity.,"Payment of ₹7,205.23 failed during the payment flow.",expired_card,payment_method_update,approved,recovered,7205.23,2
CASE_01056,payment_failure,12974.56,Returning customer with historical transaction activity.,"Payment of ₹12,974.56 failed during the payment flow.",insufficient_funds,delayed_retry,approved,failed,0.0,0
CASE_01057,payment_failure,8085.03,Returning customer with historical transaction activity.,"Payment of ₹8,085.03 failed during the payment flow.",mandate_failure,mandate_retry,approved,recovered,8085.03,2
CASE_01058,payment_failure,752.81,Returning customer with historical transaction activity.,Payment of ₹752.81 failed during the payment flow.,network_error,retry,approved,recovered,752.81,2
CASE_01059,payment_failure,10330.18,Returning customer with historical transaction activity.,"Payment of ₹10,330.18 failed during the payment flow.",mandate_failure,mandate_retry,approved,recovered,10330.18,2
CASE_01060,payment_failure,266.43,Returning customer with historical transaction activity.,Payment of ₹266.43 failed during the payment flow.,bank_timeout,delayed_retry,approved,partial,98.78,2
CASE_01061,payment_failure,2372.14,Returning customer with historical transaction activity.,"Payment of ₹2,372.14 failed during the payment flow.",network_error,retry,approved,recovered,2372.14,2
CASE_01062,payment_failure,2779.67,Returning customer with historical transaction activity.,"Payment of ₹2,779.67 failed during the payment flow.",expired_card,payment_method_update,approved,failed,0.0,0
CASE_01063,payment_failure,3798.08,Returning customer with historical transaction activity.,"Payment of ₹3,798.08 failed during the payment flow.",network_error,retry,approved,recovered,3798.08,2
CASE_01064,payment_failure,2045.95,Returning customer with historical transaction activity.,"Payment of ₹2,045.95 failed during the payment flow.",expired_card,payment_method_update,approved,partial,1328.67,4
CASE_01065,payment_failure,200.86,Returning customer with historical transaction activity.,Payment of ₹200.86 failed during the payment flow.,insufficient_funds,delayed_retry,approved,failed,0.0,0
CASE_01066,payment_failure,884.78,Returning customer with historical transaction activity.,Payment of ₹884.78 failed during the payment flow.,mandate_failure,mandate_retry,approved,recovered,884.78,1
CASE_01067,payment_failure,7783.74,Returning customer with historical transaction activity.,"Payment of ₹7,783.74 failed during the payment flow.",mandate_failure,mandate_retry,approved,recovered,7783.74,2
CASE_01068,payment_failure,4706.1,Returning customer with historical transaction activity.,"Payment of ₹4,706.10 failed during the payment flow.",expired_card,payment_method_update,approved,recovered,4706.1,3
CASE_01069,payment_failure,60555.14,Returning customer with historical transaction activity.,"Payment of ₹60,555.14 failed during the payment flow.",bank_timeout,delayed_retry,approved,partial,39681.77,3
CASE_01070,payment_failure,2509.92,Returning customer with historical transaction activity.,"Payment of ₹2,509.92 failed during the payment flow.",mandate_failure,mandate_retry,approved,failed,0.0,0
CASE_01071,payment_failure,561.08,Returning customer with historical transaction activity.,Payment of ₹561.08 failed during the payment flow.,network_error,retry,approved,recovered,561.08,3
CASE_01072,payment_failure,675.62,Returning customer with historical transaction activity.,Payment of ₹675.62 failed during the payment flow.,expired_card,payment_method_update,approved,recovered,675.62,3
CASE_01073,payment_failure,3090.09,Returning customer with historical transaction activity.,"Payment of ₹3,090.09 failed during the payment flow.",insufficient_funds,delayed_retry,approved,failed,0.0,0
CASE_01074,payment_failure,3992.3,Returning customer with historical transaction activity.,"Payment of ₹3,992.30 failed during the payment flow.",mandate_failure,mandate_retry,approved,recovered,3992.3,3
CASE_01075,payment_failure,5609.97,Returning customer with historical transaction activity.,"Payment of ₹5,609.97 failed during the payment flow.",expired_card,payment_method_update,approved,failed,0.0,0
CASE_01076,payment_failure,1576.17,Returning customer with historical transaction activity.,"Payment of ₹1,576.17 failed during the payment flow.",network_error,retry,approved,recovered,1576.17,1
CASE_01077,payment_failure,985.21,Returning customer with historical transaction activity.,Payment of ₹985.21 failed during the payment flow.,network_error,retry,approved,recovered,985.21,2
CASE_01078,payment_failure,9557.45,Returning customer with historical transaction activity.,"Payment of ₹9,557.45 failed during the payment flow.",network_error,retry,approved,recovered,9557.45,1
CASE_01079,payment_failure,4946.8,Returning customer with historical transaction activity.,"Payment of ₹4,946.80 failed during the payment flow.",bank_timeout,delayed_retry,approved,recovered,4946.8,2
CASE_01080,payment_failure,32727.73,Returning customer with historical transaction activity.,"Payment of ₹32,727.73 failed during the payment flow.",expired_card,payment_method_update,approved,partial,21867.18,6
CASE_01081,payment_failure,284.69,Returning customer with historical transaction activity.,Payment of ₹284.69 failed during the payment flow.,mandate_failure,mandate_retry,approved,recovered,284.69,3
CASE_01082,payment_failure,5866.44,Returning customer with historical transaction activity.,"Payment of ₹5,866.44 failed during the payment flow.",mandate_failure,mandate_retry,approved,failed,0.0,0
CASE_01083,payment_failure,3759.9,Returning customer with historical transaction activity.,"Payment of ₹3,759.90 failed during the payment flow.",network_error,retry,approved,recovered,3759.9,2
CASE_01084,payment_failure,645.74,Returning customer with historical transaction activity.,Payment of ₹645.74 failed during the payment flow.,expired_card,payment_method_update,approved,recovered,645.74,1
CASE_01085,payment_failure,6803.51,Returning customer with historical transaction activity.,"Payment of ₹6,803.51 failed during the payment flow.",insufficient_funds,delayed_retry,approved,recovered,6803.51,1
CASE_01086,payment_failure,6795.21,Returning customer with historical transaction activity.,"Payment of ₹6,795.21 failed during the payment flow.",mandate_failure,mandate_retry,approved,failed,0.0,0
CASE_01087,payment_failure,576.02,Returning customer with historical transaction activity.,Payment of ₹576.02 failed during the payment flow.,insufficient_funds,delayed_retry,approved,failed,0.0,0
CASE_01088,payment_failure,1485.7,Returning customer with historical transaction activity.,"Payment of ₹1,485.70 failed during the payment flow.",mandate_failure,mandate_retry,approved,failed,0.0,0
CASE_01089,payment_failure,4136.72,Returning customer with historical transaction activity.,"Payment of ₹4,136.72 failed during the payment flow.",bank_timeout,delayed_retry,approved,recovered,4136.72,1
CASE_01090,payment_failure,3022.03,Returning customer with historical transaction activity.,"Payment of ₹3,022.03 failed during the payment flow.",bank_timeout,delayed_retry,approved,recovered,3022.03,1
CASE_01091,payment_failure,4918.58,Returning customer with historical transaction activity.,"Payment of ₹4,918.58 failed during the payment flow.",insufficient_funds,delayed_retry,approved,recovered,4918.58,3
CASE_01092,payment_failure,203.35,Returning customer with historical transaction activity.,Payment of ₹203.35 failed during the payment flow.,mandate_failure,mandate_retry,approved,recovered,203.35,2
CASE_01093,payment_failure,9321.73,Returning customer with historical transaction activity.,"Payment of ₹9,321.73 failed during the payment flow.",insufficient_funds,delayed_retry,approved,recovered,9321.73,1
CASE_01094,payment_failure,6372.74,Returning customer with historical transaction activity.,"Payment of ₹6,372.74 failed during the payment flow.",insufficient_funds,delayed_retry,approved,recovered,6372.74,1
CASE_01095,payment_failure,4671.24,Returning customer with historical transaction activity.,"Payment of ₹4,671.24 failed during the payment flow.",expired_card,payment_method_update,approved,recovered,4671.24,1
CASE_01096,payment_failure,668.15,Returning customer with historical transaction activity.,Payment of ₹668.15 failed during the payment flow.,expired_card,payment_method_update,approved,recovered,668.15,3
CASE_01097,payment_failure,5404.13,Returning customer with historical transaction activity.,"Payment of ₹5,404.13 failed during the payment flow.",network_error,retry,approved,recovered,5404.13,2
CASE_01098,payment_failure,11751.97,Returning customer with historical transaction activity.,"Payment of ₹11,751.97 failed during the payment flow.",mandate_failure,mandate_retry,approved,recovered,11751.97,1
CASE_01099,payment_failure,5358.48,Returning customer with historical transaction activity.,"Payment of ₹5,358.48 failed during the payment flow.",bank_timeout,delayed_retry,approved,recovered,5358.48,3
CASE_01100,payment_failure,1489.85,Returning customer with historical transaction activity.,"Payment of ₹1,489.85 failed during the payment flow.",bank_timeout,delayed_retry,approved,recovered,1489.85,3
CASE_01101,payment_failure,5751.9,Returning customer with historical transaction activity.,"Payment of ₹5,751.90 failed during the payment flow.",insufficient_funds,delayed_retry,approved,recovered,5751.9,3
CASE_01102,payment_failure,2621.14,Returning customer with historical transaction activity.,"Payment of ₹2,621.14 failed during the payment flow.",network_error,retry,approved,recovered,2621.14,2
CASE_01103,payment_failure,7585.37,Returning customer with historical transaction activity.,"Payment of ₹7,585.37 failed during the payment flow.",mandate_failure,mandate_retry,approved,recovered,7585.37,1
CASE_01104,payment_failure,5516.18,Returning customer with historical transaction activity.,"Payment of ₹5,516.18 failed during the payment flow.",expired_card,payment_method_update,approved,partial,3992.71,4
CASE_01105,payment_failure,10532.7,Returning customer with historical transaction activity.,"Payment of ₹10,532.70 failed during the payment flow.",mandate_failure,mandate_retry,approved,recovered,10532.7,1
CASE_01106,payment_failure,13671.76,Returning customer with historical transaction activity.,"Payment of ₹13,671.76 failed during the payment flow.",network_error,retry,approved,recovered,13671.76,3
CASE_01107,payment_failure,5389.19,Returning customer with historical transaction activity.,"Payment of ₹5,389.19 failed during the payment flow.",insufficient_funds,delayed_retry,approved,partial,3613.09,4
CASE_01108,payment_failure,1078.17,Returning customer with historical transaction activity.,"Payment of ₹1,078.17 failed during the payment flow.",mandate_failure,mandate_retry,approved,recovered,1078.17,3
CASE_01109,payment_failure,2572.17,Returning customer with historical transaction activity.,"Payment of ₹2,572.17 failed during the payment flow.",expired_card,payment_method_update,approved,recovered,2572.17,1
CASE_01110,payment_failure,7494.07,Returning customer with historical transaction activity.,"Payment of ₹7,494.07 failed during the payment flow.",insufficient_funds,delayed_retry,approved,failed,0.0,0
CASE_01111,payment_failure,328.68,Returning customer with historical transaction activity.,Payment of ₹328.68 failed during the payment flow.,expired_card,payment_method_update,approved,partial,142.16,4
CASE_01112,payment_failure,1252.47,Returning customer with historical transaction activity.,"Payment of ₹1,252.47 failed during the payment flow.",insufficient_funds,delayed_retry,approved,failed,0.0,0
CASE_01113,payment_failure,4844.71,Returning customer with historical transaction activity.,"Payment of ₹4,844.71 failed during the payment flow.",bank_timeout,delayed_retry,approved,partial,1567.72,2
CASE_01114,payment_failure,1020.07,Returning customer with historical transaction activity.,"Payment of ₹1,020.07 failed during the payment flow.",network_error,retry,approved,recovered,1020.07,3
CASE_01115,payment_failure,371.01,Returning customer with historical transaction activity.,Payment of ₹371.01 failed during the payment flow.,insufficient_funds,delayed_retry,approved,recovered,371.01,3
CASE_01116,payment_failure,7120.57,Returning customer with historical transaction activity.,"Payment of ₹7,120.57 failed during the payment flow.",expired_card,payment_method_update,approved,failed,0.0,0
CASE_01117,payment_failure,821.7,Returning customer with historical transaction activity.,Payment of ₹821.70 failed during the payment flow.,insufficient_funds,delayed_retry,approved,recovered,821.7,2
CASE_01118,payment_failure,2437.71,Returning customer with historical transaction activity.,"Payment of ₹2,437.71 failed during the payment flow.",expired_card,payment_method_update,approved,recovered,2437.71,1
CASE_01119,payment_failure,4325.13,Returning customer with historical transaction activity.,"Payment of ₹4,325.13 failed during the payment flow.",insufficient_funds,delayed_retry,approved,recovered,4325.13,3
CASE_01120,payment_failure,567.72,Returning customer with historical transaction activity.,Payment of ₹567.72 failed during the payment flow.,expired_card,payment_method_update,approved,failed,0.0,0
CASE_01121,payment_failure,233.23,Returning customer with historical transaction activity.,Payment of ₹233.23 failed during the payment flow.,insufficient_funds,delayed_retry,approved,failed,0.0,0
CASE_01122,payment_failure,138686.36,Returning customer with historical transaction activity.,"Payment of ₹138,686.36 failed during the payment flow.",bank_timeout,delayed_retry,approved,recovered,138686.36,2
CASE_01123,payment_failure,2204.48,Returning customer with historical transaction activity.,"Payment of ₹2,204.48 failed during the payment flow.",insufficient_funds,delayed_retry,approved,recovered,2204.48,1
CASE_01124,payment_failure,167.66,Returning customer with historical transaction activity.,Payment of ₹167.66 failed during the payment flow.,mandate_failure,mandate_retry,approved,recovered,167.66,1
CASE_01125,payment_failure,3186.37,Returning customer with historical transaction activity.,"Payment of ₹3,186.37 failed during the payment flow.",expired_card,payment_method_update,approved,recovered,3186.37,3
CASE_01126,payment_failure,4200.63,Returning customer with historical transaction activity.,"Payment of ₹4,200.63 failed during the payment flow.",insufficient_funds,delayed_retry,approved,recovered,4200.63,1
CASE_01127,payment_failure,4525.16,Returning customer with historical transaction activity.,"Payment of ₹4,525.16 failed during the payment flow.",network_error,retry,approved,recovered,4525.16,1
CASE_01128,payment_failure,7163.73,Returning customer with historical transaction activity.,"Payment of ₹7,163.73 failed during the payment flow.",network_error,retry,approved,partial,5299.28,6
CASE_01129,payment_failure,14624.6,Returning customer with historical transaction activity.,"Payment of ₹14,624.60 failed during the payment flow.",insufficient_funds,delayed_retry,approved,failed,0.0,0
CASE_01130,payment_failure,4838.07,Returning customer with historical transaction activity.,"Payment of ₹4,838.07 failed during the payment flow.",bank_timeout,delayed_retry,approved,failed,0.0,0
CASE_01131,payment_failure,6730.47,Returning customer with historical transaction activity.,"Payment of ₹6,730.47 failed during the payment flow.",network_error,retry,approved,recovered,6730.47,1
CASE_01132,payment_failure,4026.33,Returning customer with historical transaction activity.,"Payment of ₹4,026.33 failed during the payment flow.",insufficient_funds,delayed_retry,approved,recovered,4026.33,2
CASE_01133,payment_failure,5372.59,Returning customer with historical transaction activity.,"Payment of ₹5,372.59 failed during the payment flow.",network_error,retry,approved,recovered,5372.59,3
CASE_01134,payment_failure,2457.63,Returning customer with historical transaction activity.,"Payment of ₹2,457.63 failed during the payment flow.",insufficient_funds,delayed_retry,approved,partial,1169.85,3
CASE_01135,payment_failure,3342.41,Returning customer with historical transaction activity.,"Payment of ₹3,342.41 failed during the payment flow.",mandate_failure,mandate_retry,approved,recovered,3342.41,1
CASE_01136,payment_failure,8841.99,Returning customer with historical transaction activity.,"Payment of ₹8,841.99 failed during the payment flow.",mandate_failure,mandate_retry,approved,recovered,8841.99,1
CASE_01137,payment_failure,9034.55,Returning customer with historical transaction activity.,"Payment of ₹9,034.55 failed during the payment flow.",bank_timeout,delayed_retry,approved,recovered,9034.55,1
CASE_01138,payment_failure,11157.69,Returning customer with historical transaction activity.,"Payment of ₹11,157.69 failed during the payment flow.",network_error,retry,approved,recovered,11157.69,1
CASE_01139,payment_failure,4458.76,Returning customer with historical transaction activity.,"Payment of ₹4,458.76 failed during the payment flow.",insufficient_funds,delayed_retry,approved,failed,0.0,0
CASE_01140,payment_failure,9548.32,Returning customer with historical transaction activity.,"Payment of ₹9,548.32 failed during the payment flow.",expired_card,payment_method_update,approved,recovered,9548.32,1
CASE_01141,payment_failure,10565.07,Returning customer with historical transaction activity.,"Payment of ₹10,565.07 failed during the payment flow.",network_error,retry,approved,partial,4431.87,6
CASE_01142,payment_failure,267.26,Returning customer with historical transaction activity.,Payment of ₹267.26 failed during the payment flow.,expired_card,payment_method_update,approved,failed,0.0,0
CASE_01143,payment_failure,22631.61,Returning customer with historical transaction activity.,"Payment of ₹22,631.61 failed during the payment flow.",expired_card,payment_method_update,approved,failed,0.0,0
CASE_01144,payment_failure,776.05,Returning customer with historical transaction activity.,Payment of ₹776.05 failed during the payment flow.,network_error,retry,approved,recovered,776.05,2
CASE_01145,payment_failure,590.96,Returning customer with historical transaction activity.,Payment of ₹590.96 failed during the payment flow.,insufficient_funds,delayed_retry,approved,failed,0.0,0
CASE_01146,payment_failure,2213.61,Returning customer with historical transaction activity.,"Payment of ₹2,213.61 failed during the payment flow.",insufficient_funds,delayed_retry,approved,recovered,2213.61,2
CASE_01147,payment_failure,16900.46,Returning customer with historical transaction activity.,"Payment of ₹16,900.46 failed during the payment flow.",network_error,retry,approved,partial,11684.12,6
CASE_01148,payment_failure,116.2,Returning customer with historical transaction activity.,Payment of ₹116.20 failed during the payment flow.,mandate_failure,mandate_retry,approved,recovered,116.2,1
CASE_01149,payment_failure,3298.42,Returning customer with historical transaction activity.,"Payment of ₹3,298.42 failed during the payment flow.",bank_timeout,delayed_retry,approved,recovered,3298.42,3
CASE_01150,payment_failure,9252.84,Returning customer with historical transaction activity.,"Payment of ₹9,252.84 failed during the payment flow.",expired_card,payment_method_update,approved,failed,0.0,0
CASE_01151,payment_failure,275.56,Returning customer with historical transaction activity.,Payment of ₹275.56 failed during the payment flow.,expired_card,payment_method_update,approved,failed,0.0,0
CASE_01152,payment_failure,2485.02,Returning customer with historical transaction activity.,"Payment of ₹2,485.02 failed during the payment flow.",network_error,retry,approved,recovered,2485.02,1
CASE_01153,payment_failure,12671.61,Returning customer with historical transaction activity.,"Payment of ₹12,671.61 failed during the payment flow.",bank_timeout,delayed_retry,approved,recovered,12671.61,3
CASE_01154,payment_failure,213.31,Returning customer with historical transaction activity.,Payment of ₹213.31 failed during the payment flow.,bank_timeout,delayed_retry,approved,recovered,213.31,1
CASE_01155,payment_failure,450.69,Returning customer with historical transaction activity.,Payment of ₹450.69 failed during the payment flow.,network_error,retry,approved,recovered,450.69,1
CASE_01156,payment_failure,3778.16,Returning customer with historical transaction activity.,"Payment of ₹3,778.16 failed during the payment flow.",expired_card,payment_method_update,approved,failed,0.0,0
CASE_01157,payment_failure,1962.95,Returning customer with historical transaction activity.,"Payment of ₹1,962.95 failed during the payment flow.",bank_timeout,delayed_retry,approved,recovered,1962.95,1
CASE_01158,payment_failure,2402.02,Returning customer with historical transaction activity.,"Payment of ₹2,402.02 failed during the payment flow.",mandate_failure,mandate_retry,approved,recovered,2402.02,2
CASE_01159,payment_failure,4200.63,Returning customer with historical transaction activity.,"Payment of ₹4,200.63 failed during the payment flow.",insufficient_funds,delayed_retry,approved,failed,0.0,0
CASE_01160,payment_failure,8304.15,Returning customer with historical transaction activity.,"Payment of ₹8,304.15 failed during the payment flow.",bank_timeout,delayed_retry,approved,failed,0.0,0
CASE_01161,payment_failure,1548.78,Returning customer with historical transaction activity.,"Payment of ₹1,548.78 failed during the payment flow.",network_error,retry,approved,recovered,1548.78,1
CASE_01162,payment_failure,9420.5,Returning customer with historical transaction activity.,"Payment of ₹9,420.50 failed during the payment flow.",bank_timeout,delayed_retry,approved,recovered,9420.5,3
CASE_01163,payment_failure,10027.23,Returning customer with historical transaction activity.,"Payment of ₹10,027.23 failed during the payment flow.",bank_timeout,delayed_retry,approved,recovered,10027.23,2
CASE_01164,payment_failure,3338.26,Returning customer with historical transaction activity.,"Payment of ₹3,338.26 failed during the payment flow.",network_error,retry,approved,recovered,3338.26,2
CASE_01165,payment_failure,5756.88,Returning customer with historical transaction activity.,"Payment of ₹5,756.88 failed during the payment flow.",network_error,retry,approved,recovered,5756.88,2
CASE_01166,payment_failure,3893.53,Returning customer with historical transaction activity.,"Payment of ₹3,893.53 failed during the payment flow.",network_error,retry,approved,partial,2914.41,5
CASE_01167,payment_failure,7493.24,Returning customer with historical transaction activity.,"Payment of ₹7,493.24 failed during the payment flow.",network_error,retry,approved,recovered,7493.24,2
CASE_01168,payment_failure,1772.88,Returning customer with historical transaction activity.,"Payment of ₹1,772.88 failed during the payment flow.",insufficient_funds,delayed_retry,approved,failed,0.0,0
CASE_01169,payment_failure,5358.48,Returning customer with historical transaction activity.,"Payment of ₹5,358.48 failed during the payment flow.",insufficient_funds,delayed_retry,approved,recovered,5358.48,3
CASE_01170,payment_failure,8471.81,Returning customer with historical transaction activity.,"Payment of ₹8,471.81 failed during the payment flow.",mandate_failure,mandate_retry,approved,recovered,8471.81,1
CASE_01171,payment_failure,14073.48,Returning customer with historical transaction activity.,"Payment of ₹14,073.48 failed during the payment flow.",mandate_failure,mandate_retry,approved,recovered,14073.48,2
CASE_01172,payment_failure,4228.85,Returning customer with historical transaction activity.,"Payment of ₹4,228.85 failed during the payment flow.",network_error,retry,approved,failed,0.0,0
CASE_01173,payment_failure,6730.47,Returning customer with historical transaction activity.,"Payment of ₹6,730.47 failed during the payment flow.",insufficient_funds,delayed_retry,approved,recovered,6730.47,1
CASE_01174,payment_failure,674.79,Returning customer with historical transaction activity.,Payment of ₹674.79 failed during the payment flow.,insufficient_funds,delayed_retry,approved,failed,0.0,0
CASE_01175,payment_failure,2906.66,Returning customer with historical transaction activity.,"Payment of ₹2,906.66 failed during the payment flow.",insufficient_funds,delayed_retry,approved,failed,0.0,0
CASE_01176,payment_failure,365.2,Returning customer with historical transaction activity.,Payment of ₹365.20 failed during the payment flow.,expired_card,payment_method_update,approved,failed,0.0,0
CASE_01177,payment_failure,4590.73,Returning customer with historical transaction activity.,"Payment of ₹4,590.73 failed during the payment flow.",insufficient_funds,delayed_retry,approved,recovered,4590.73,3
CASE_01178,payment_failure,4126.76,Returning customer with historical transaction activity.,"Payment of ₹4,126.76 failed during the payment flow.",bank_timeout,delayed_retry,approved,recovered,4126.76,2
CASE_01179,payment_failure,10447.21,Returning customer with historical transaction activity.,"Payment of ₹10,447.21 failed during the payment flow.",insufficient_funds,delayed_retry,approved,recovered,10447.21,2
CASE_01180,payment_failure,3415.45,Returning customer with historical transaction activity.,"Payment of ₹3,415.45 failed during the payment flow.",insufficient_funds,delayed_retry,approved,recovered,3415.45,1
CASE_01181,payment_failure,11849.08,Returning customer with historical transaction activity.,"Payment of ₹11,849.08 failed during the payment flow.",expired_card,payment_method_update,approved,partial,8668.06,2
CASE_01182,payment_failure,4033.8,Returning customer with historical transaction activity.,"Payment of ₹4,033.80 failed during the payment flow.",mandate_failure,mandate_retry,approved,recovered,4033.8,2
CASE_01183,payment_failure,857.39,Returning customer with historical transaction activity.,Payment of ₹857.39 failed during the payment flow.,mandate_failure,mandate_retry,approved,recovered,857.39,1
CASE_01184,payment_failure,5498.75,Returning customer with historical transaction activity.,"Payment of ₹5,498.75 failed during the payment flow.",mandate_failure,mandate_retry,approved,recovered,5498.75,1
CASE_01185,payment_failure,185.92,Returning customer with historical transaction activity.,Payment of ₹185.92 failed during the payment flow.,insufficient_funds,delayed_retry,approved,recovered,185.92,1
CASE_01186,payment_failure,4639.7,Returning customer with historical transaction activity.,"Payment of ₹4,639.70 failed during the payment flow.",insufficient_funds,delayed_retry,approved,partial,3442.6,5
CASE_01187,payment_failure,4359.16,Returning customer with historical transaction activity.,"Payment of ₹4,359.16 failed during the payment flow.",expired_card,payment_method_update,approved,failed,0.0,0
CASE_01188,payment_failure,8353.12,Returning customer with historical transaction activity.,"Payment of ₹8,353.12 failed during the payment flow.",mandate_failure,mandate_retry,approved,partial,4521.92,5
CASE_01189,payment_failure,1129.63,Returning customer with historical transaction activity.,"Payment of ₹1,129.63 failed during the payment flow.",insufficient_funds,delayed_retry,approved,failed,0.0,0
CASE_01190,payment_failure,127.82,Returning customer with historical transaction activity.,Payment of ₹127.82 failed during the payment flow.,mandate_failure,mandate_retry,approved,failed,0.0,0
CASE_01191,payment_failure,6395.98,Returning customer with historical transaction activity.,"Payment of ₹6,395.98 failed during the payment flow.",expired_card,payment_method_update,approved,recovered,6395.98,2
CASE_01192,payment_failure,419.15,Returning customer with historical transaction activity.,Payment of ₹419.15 failed during the payment flow.,mandate_failure,mandate_retry,approved,recovered,419.15,2
CASE_01193,payment_failure,3345.73,Returning customer with historical transaction activity.,"Payment of ₹3,345.73 failed during the payment flow.",insufficient_funds,delayed_retry,approved,recovered,3345.73,2
CASE_01194,payment_failure,6186.82,Returning customer with historical transaction activity.,"Payment of ₹6,186.82 failed during the payment flow.",bank_timeout,delayed_retry,approved,recovered,6186.82,1
CASE_01195,payment_failure,2987.17,Returning customer with historical transaction activity.,"Payment of ₹2,987.17 failed during the payment flow.",bank_timeout,delayed_retry,approved,recovered,2987.17,1
CASE_01196,payment_failure,444.88,Returning customer with historical transaction activity.,Payment of ₹444.88 failed during the payment flow.,mandate_failure,mandate_retry,approved,failed,0.0,0
CASE_01197,payment_failure,3186.37,Returning customer with historical transaction activity.,"Payment of ₹3,186.37 failed during the payment flow.",mandate_failure,mandate_retry,approved,recovered,3186.37,1
CASE_01198,payment_failure,18123.88,Returning customer with historical transaction activity.,"Payment of ₹18,123.88 failed during the payment flow.",expired_card,payment_method_update,approved,recovered,18123.88,3
CASE_01199,payment_failure,5730.32,Returning customer with historical transaction activity.,"Payment of ₹5,730.32 failed during the payment flow.",network_error,retry,approved,partial,3830.54,5
CASE_01200,payment_failure,712.97,Returning customer with historical transaction activity.,Payment of ₹712.97 failed during the payment flow.,network_error,retry,approved,recovered,712.97,2
CASE_01201,payment_failure,6100.5,Returning customer with historical transaction activity.,"Payment of ₹6,100.50 failed during the payment flow.",expired_card,payment_method_update,approved,failed,0.0,0
CASE_01202,payment_failure,4662.11,Returning customer with historical transaction activity.,"Payment of ₹4,662.11 failed during the payment flow.",insufficient_funds,delayed_retry,approved,recovered,4662.11,3
CASE_01203,payment_failure,2906.66,Returning customer with historical transaction activity.,"Payment of ₹2,906.66 failed during the payment flow.",network_error,retry,approved,recovered,2906.66,1
CASE_01204,payment_failure,14578.12,Returning customer with historical transaction activity.,"Payment of ₹14,578.12 failed during the payment flow.",bank_timeout,delayed_retry,approved,partial,7976.78,5
CASE_01205,payment_failure,627.48,Returning customer with historical transaction activity.,Payment of ₹627.48 failed during the payment flow.,mandate_failure,mandate_retry,approved,recovered,627.48,3
CASE_01206,payment_failure,346.94,Returning customer with historical transaction activity.,Payment of ₹346.94 failed during the payment flow.,expired_card,payment_method_update,approved,recovered,346.94,2
CASE_01207,payment_failure,8427.82,Returning customer with historical transaction activity.,"Payment of ₹8,427.82 failed during the payment flow.",insufficient_funds,delayed_retry,approved,recovered,8427.82,3
CASE_01208,payment_failure,1584.47,Returning customer with historical transaction activity.,"Payment of ₹1,584.47 failed during the payment flow.",mandate_failure,mandate_retry,approved,recovered,1584.47,2
CASE_01209,payment_failure,5180.03,Returning customer with historical transaction activity.,"Payment of ₹5,180.03 failed during the payment flow.",network_error,retry,approved,failed,0.0,0
CASE_01210,payment_failure,2909.98,Returning customer with historical transaction activity.,"Payment of ₹2,909.98 failed during the payment flow.",mandate_failure,mandate_retry,approved,failed,0.0,0
CASE_01211,payment_failure,14651.16,Returning customer with historical transaction activity.,"Payment of ₹14,651.16 failed during the payment flow.",bank_timeout,delayed_retry,approved,recovered,14651.16,3
CASE_01212,payment_failure,10169.16,Returning customer with historical transaction activity.,"Payment of ₹10,169.16 failed during the payment flow.",expired_card,payment_method_update,approved,recovered,10169.16,1
CASE_01213,payment_failure,12086.46,Returning customer with historical transaction activity.,"Payment of ₹12,086.46 failed during the payment flow.",mandate_failure,mandate_retry,approved,failed,0.0,0
CASE_01214,payment_failure,439.9,Returning customer with historical transaction activity.,Payment of ₹439.90 failed during the payment flow.,mandate_failure,mandate_retry,approved,recovered,439.9,2
CASE_01215,payment_failure,2754.77,Returning customer with historical transaction activity.,"Payment of ₹2,754.77 failed during the payment flow.",network_error,retry,approved,recovered,2754.77,3
CASE_01216,payment_failure,6049.04,Returning customer with historical transaction activity.,"Payment of ₹6,049.04 failed during the payment flow.",mandate_failure,mandate_retry,approved,failed,0.0,0
CASE_01217,payment_failure,10253.82,Returning customer with historical transaction activity.,"Payment of ₹10,253.82 failed during the payment flow.",bank_timeout,delayed_retry,approved,recovered,10253.82,1
CASE_01218,payment_failure,7053.34,Returning customer with historical transaction activity.,"Payment of ₹7,053.34 failed during the payment flow.",network_error,retry,approved,recovered,7053.34,2
CASE_01219,payment_failure,15358.32,Returning customer with historical transaction activity.,"Payment of ₹15,358.32 failed during the payment flow.",expired_card,payment_method_update,approved,recovered,15358.32,3
CASE_01220,payment_failure,159.36,Returning customer with historical transaction activity.,Payment of ₹159.36 failed during the payment flow.,expired_card,payment_method_update,approved,recovered,159.36,2
CASE_01221,payment_failure,136.12,Returning customer with historical transaction activity.,Payment of ₹136.12 failed during the payment flow.,bank_timeout,delayed_retry,approved,partial,43.48,2
CASE_01222,payment_failure,6790.23,Returning customer with historical transaction activity.,"Payment of ₹6,790.23 failed during the payment flow.",expired_card,payment_method_update,approved,failed,0.0,0
CASE_01223,payment_failure,4074.47,Returning customer with historical transaction activity.,"Payment of ₹4,074.47 failed during the payment flow.",expired_card,payment_method_update,approved,recovered,4074.47,3
CASE_01224,payment_failure,364.37,Returning customer with historical transaction activity.,Payment of ₹364.37 failed during the payment flow.,bank_timeout,delayed_retry,approved,recovered,364.37,3
CASE_01225,payment_failure,2900.02,Returning customer with historical transaction activity.,"Payment of ₹2,900.02 failed during the payment flow.",expired_card,payment_method_update,approved,recovered,2900.02,1
CASE_01226,payment_failure,4756.73,Returning customer with historical transaction activity.,"Payment of ₹4,756.73 failed during the payment flow.",mandate_failure,mandate_retry,approved,partial,2705.97,4
CASE_01227,payment_failure,5084.58,Returning customer with historical transaction activity.,"Payment of ₹5,084.58 failed during the payment flow.",network_error,retry,approved,recovered,5084.58,3
CASE_01228,payment_failure,1823.51,Returning customer with historical transaction activity.,"Payment of ₹1,823.51 failed during the payment flow.",expired_card,payment_method_update,approved,recovered,1823.51,1
CASE_01229,payment_failure,1694.86,Returning customer with historical transaction activity.,"Payment of ₹1,694.86 failed during the payment flow.",bank_timeout,delayed_retry,approved,recovered,1694.86,1
CASE_01230,payment_failure,2970.57,Returning customer with historical transaction activity.,"Payment of ₹2,970.57 failed during the payment flow.",insufficient_funds,delayed_retry,approved,recovered,2970.57,3
CASE_01231,payment_failure,3205.46,Returning customer with historical transaction activity.,"Payment of ₹3,205.46 failed during the payment flow.",mandate_failure,mandate_retry,approved,recovered,3205.46,1
CASE_01232,payment_failure,627.48,Returning customer with historical transaction activity.,Payment of ₹627.48 failed during the payment flow.,insufficient_funds,delayed_retry,approved,recovered,627.48,3
CASE_01233,payment_failure,2720.74,Returning customer with historical transaction activity.,"Payment of ₹2,720.74 failed during the payment flow.",mandate_failure,mandate_retry,approved,recovered,2720.74,2
CASE_01234,payment_failure,8049.34,Returning customer with historical transaction activity.,"Payment of ₹8,049.34 failed during the payment flow.",network_error,retry,approved,recovered,8049.34,3
CASE_01235,payment_failure,144.42,Returning customer with historical transaction activity.,Payment of ₹144.42 failed during the payment flow.,bank_timeout,delayed_retry,approved,recovered,144.42,2
CASE_01236,payment_failure,2824.49,Returning customer with historical transaction activity.,"Payment of ₹2,824.49 failed during the payment flow.",bank_timeout,delayed_retry,approved,partial,737.37,3
CASE_01237,payment_failure,5482.98,Returning customer with historical transaction activity.,"Payment of ₹5,482.98 failed during the payment flow.",expired_card,payment_method_update,approved,recovered,5482.98,1
CASE_01238,payment_failure,1508.11,Returning customer with historical transaction activity.,"Payment of ₹1,508.11 failed during the payment flow.",bank_timeout,delayed_retry,approved,recovered,1508.11,1
CASE_01239,payment_failure,5900.47,Returning customer with historical transaction activity.,"Payment of ₹5,900.47 failed during the payment flow.",mandate_failure,mandate_retry,approved,recovered,5900.47,1
CASE_01240,payment_failure,3071.0,Returning customer with historical transaction activity.,"Payment of ₹3,071.00 failed during the payment flow.",network_error,retry,approved,recovered,3071.0,3
CASE_01241,payment_failure,8471.81,Returning customer with historical transaction activity.,"Payment of ₹8,471.81 failed during the payment flow.",insufficient_funds,delayed_retry,approved,recovered,8471.81,1
CASE_01242,payment_failure,6912.24,Returning customer with historical transaction activity.,"Payment of ₹6,912.24 failed during the payment flow.",bank_timeout,delayed_retry,approved,recovered,6912.24,2
CASE_01243,payment_failure,5433.18,Returning customer with historical transaction activity.,"Payment of ₹5,433.18 failed during the payment flow.",mandate_failure,mandate_retry,approved,recovered,5433.18,2
CASE_01244,payment_failure,525.39,Returning customer with historical transaction activity.,Payment of ₹525.39 failed during the payment flow.,mandate_failure,mandate_retry,approved,recovered,525.39,3
CASE_01245,payment_failure,298.8,Returning customer with historical transaction activity.,Payment of ₹298.80 failed during the payment flow.,insufficient_funds,delayed_retry,approved,failed,0.0,0
CASE_01246,payment_failure,88.81,Returning customer with historical transaction activity.,Payment of ₹88.81 failed during the payment flow.,mandate_failure,mandate_retry,approved,partial,37.78,4
CASE_01247,payment_failure,1473.25,Returning customer with historical transaction activity.,"Payment of ₹1,473.25 failed during the payment flow.",expired_card,payment_method_update,approved,failed,0.0,0
CASE_01248,payment_failure,1888.25,Returning customer with historical transaction activity.,"Payment of ₹1,888.25 failed during the payment flow.",expired_card,payment_method_update,approved,recovered,1888.25,2
CASE_01249,payment_failure,5204.93,Returning customer with historical transaction activity.,"Payment of ₹5,204.93 failed during the payment flow.",bank_timeout,delayed_retry,approved,recovered,5204.93,1
CASE_01250,payment_failure,13986.33,Returning customer with historical transaction activity.,"Payment of ₹13,986.33 failed during the payment flow.",mandate_failure,mandate_retry,approved,recovered,13986.33,2
CASE_01251,payment_failure,251.49,Returning customer with historical transaction activity.,Payment of ₹251.49 failed during the payment flow.,mandate_failure,mandate_retry,approved,recovered,251.49,1
CASE_01252,payment_failure,3390.55,Returning customer with historical transaction activity.,"Payment of ₹3,390.55 failed during the payment flow.",expired_card,payment_method_update,approved,recovered,3390.55,1
CASE_01253,payment_failure,405.04,Returning customer with historical transaction activity.,Payment of ₹405.04 failed during the payment flow.,bank_timeout,delayed_retry,approved,failed,0.0,0
CASE_01254,payment_failure,6267.33,Returning customer with historical transaction activity.,"Payment of ₹6,267.33 failed during the payment flow.",insufficient_funds,delayed_retry,approved,recovered,6267.33,1
CASE_01255,payment_failure,5022.33,Returning customer with historical transaction activity.,"Payment of ₹5,022.33 failed during the payment flow.",bank_timeout,delayed_retry,approved,failed,0.0,0
CASE_01256,payment_failure,1015.09,Returning customer with historical transaction activity.,"Payment of ₹1,015.09 failed during the payment flow.",bank_timeout,delayed_retry,approved,partial,387.63,4
CASE_01257,payment_failure,732.89,Returning customer with historical transaction activity.,Payment of ₹732.89 failed during the payment flow.,expired_card,payment_method_update,approved,recovered,732.89,3
CASE_01258,payment_failure,659.02,Returning customer with historical transaction activity.,Payment of ₹659.02 failed during the payment flow.,bank_timeout,delayed_retry,approved,recovered,659.02,2
CASE_01259,payment_failure,695.54,Returning customer with historical transaction activity.,Payment of ₹695.54 failed during the payment flow.,insufficient_funds,delayed_retry,approved,recovered,695.54,1
CASE_01260,payment_failure,3146.53,Returning customer with historical transaction activity.,"Payment of ₹3,146.53 failed during the payment flow.",mandate_failure,mandate_retry,approved,recovered,3146.53,1
CASE_01261,payment_failure,2777.18,Returning customer with historical transaction activity.,"Payment of ₹2,777.18 failed during the payment flow.",expired_card,payment_method_update,approved,failed,0.0,0
CASE_01262,payment_failure,11710.47,Returning customer with historical transaction activity.,"Payment of ₹11,710.47 failed during the payment flow.",network_error,retry,approved,recovered,11710.47,3
CASE_01263,payment_failure,700.52,Returning customer with historical transaction activity.,Payment of ₹700.52 failed during the payment flow.,insufficient_funds,delayed_retry,approved,recovered,700.52,1
CASE_01264,payment_failure,1118.01,Returning customer with historical transaction activity.,"Payment of ₹1,118.01 failed during the payment flow.",insufficient_funds,delayed_retry,approved,failed,0.0,0
CASE_01265,payment_failure,425.79,Returning customer with historical transaction activity.,Payment of ₹425.79 failed during the payment flow.,mandate_failure,mandate_retry,approved,recovered,425.79,3
CASE_01266,payment_failure,391.76,Returning customer with historical transaction activity.,Payment of ₹391.76 failed during the payment flow.,insufficient_funds,delayed_retry,approved,recovered,391.76,1
CASE_01267,payment_failure,10553.45,Returning customer with historical transaction activity.,"Payment of ₹10,553.45 failed during the payment flow.",network_error,retry,approved,failed,0.0,0
CASE_01268,payment_failure,2760.58,Returning customer with historical transaction activity.,"Payment of ₹2,760.58 failed during the payment flow.",insufficient_funds,delayed_retry,approved,recovered,2760.58,3
CASE_01269,payment_failure,6156.94,Returning customer with historical transaction activity.,"Payment of ₹6,156.94 failed during the payment flow.",expired_card,payment_method_update,approved,recovered,6156.94,2
CASE_01270,payment_failure,3884.4,Returning customer with historical transaction activity.,"Payment of ₹3,884.40 failed during the payment flow.",network_error,retry,approved,recovered,3884.4,1
CASE_01271,payment_failure,2188.71,Returning customer with historical transaction activity.,"Payment of ₹2,188.71 failed during the payment flow.",network_error,retry,approved,failed,0.0,0
CASE_01272,payment_failure,4640.53,Returning customer with historical transaction activity.,"Payment of ₹4,640.53 failed during the payment flow.",insufficient_funds,delayed_retry,approved,partial,1366.09,4
CASE_01273,payment_failure,2534.82,Returning customer with historical transaction activity.,"Payment of ₹2,534.82 failed during the payment flow.",bank_timeout,delayed_retry,approved,recovered,2534.82,1
CASE_01274,payment_failure,4447.14,Returning customer with historical transaction activity.,"Payment of ₹4,447.14 failed during the payment flow.",bank_timeout,delayed_retry,approved,recovered,4447.14,1
CASE_01275,payment_failure,607.56,Returning customer with historical transaction activity.,Payment of ₹607.56 failed during the payment flow.,insufficient_funds,delayed_retry,approved,recovered,607.56,2
CASE_01276,payment_failure,12730.54,Returning customer with historical transaction activity.,"Payment of ₹12,730.54 failed during the payment flow.",expired_card,payment_method_update,approved,partial,5315.75,4
CASE_01277,payment_failure,5287.1,Returning customer with historical transaction activity.,"Payment of ₹5,287.10 failed during the payment flow.",bank_timeout,delayed_retry,approved,recovered,5287.1,3
CASE_01278,payment_failure,7128.87,Returning customer with historical transaction activity.,"Payment of ₹7,128.87 failed during the payment flow.",expired_card,payment_method_update,approved,failed,0.0,0
CASE_01279,payment_failure,7360.44,Returning customer with historical transaction activity.,"Payment of ₹7,360.44 failed during the payment flow.",mandate_failure,mandate_retry,approved,partial,3703.74,6
CASE_01280,payment_failure,16160.1,Returning customer with historical transaction activity.,"Payment of ₹16,160.10 failed during the payment flow.",mandate_failure,mandate_retry,approved,recovered,16160.1,2
CASE_01281,payment_failure,5040.59,Returning customer with historical transaction activity.,"Payment of ₹5,040.59 failed during the payment flow.",expired_card,payment_method_update,approved,recovered,5040.59,1
CASE_01282,payment_failure,663.17,Returning customer with historical transaction activity.,Payment of ₹663.17 failed during the payment flow.,bank_timeout,delayed_retry,approved,recovered,663.17,3
CASE_01283,payment_failure,6068.13,Returning customer with historical transaction activity.,"Payment of ₹6,068.13 failed during the payment flow.",insufficient_funds,delayed_retry,approved,recovered,6068.13,2
CASE_01284,payment_failure,160.19,Returning customer with historical transaction activity.,Payment of ₹160.19 failed during the payment flow.,network_error,retry,approved,recovered,160.19,2
CASE_01285,payment_failure,2106.54,Returning customer with historical transaction activity.,"Payment of ₹2,106.54 failed during the payment flow.",bank_timeout,delayed_retry,approved,recovered,2106.54,2
CASE_01286,payment_failure,6658.26,Returning customer with historical transaction activity.,"Payment of ₹6,658.26 failed during the payment flow.",insufficient_funds,delayed_retry,approved,recovered,6658.26,2
CASE_01287,payment_failure,4838.9,Returning customer with historical transaction activity.,"Payment of ₹4,838.90 failed during the payment flow.",mandate_failure,mandate_retry,approved,partial,2556.42,4
CASE_01288,payment_failure,7128.87,Returning customer with historical transaction activity.,"Payment of ₹7,128.87 failed during the payment flow.",expired_card,payment_method_update,approved,recovered,7128.87,1
CASE_01289,payment_failure,3795.59,Returning customer with historical transaction activity.,"Payment of ₹3,795.59 failed during the payment flow.",expired_card,payment_method_update,approved,partial,1517.01,2
CASE_01290,payment_failure,5905.45,Returning customer with historical transaction activity.,"Payment of ₹5,905.45 failed during the payment flow.",bank_timeout,delayed_retry,approved,recovered,5905.45,1
CASE_01291,payment_failure,5494.6,Returning customer with historical transaction activity.,"Payment of ₹5,494.60 failed during the payment flow.",insufficient_funds,delayed_retry,approved,partial,3886.46,2
CASE_01292,payment_failure,11751.97,Returning customer with historical transaction activity.,"Payment of ₹11,751.97 failed during the payment flow.",mandate_failure,mandate_retry,approved,recovered,11751.97,3
CASE_01293,payment_failure,3090.09,Returning customer with historical transaction activity.,"Payment of ₹3,090.09 failed during the payment flow.",bank_timeout,delayed_retry,approved,recovered,3090.09,2
CASE_01294,payment_failure,2029.35,Returning customer with historical transaction activity.,"Payment of ₹2,029.35 failed during the payment flow.",network_error,retry,approved,recovered,2029.35,1
CASE_01295,payment_failure,6743.75,Returning customer with historical transaction activity.,"Payment of ₹6,743.75 failed during the payment flow.",bank_timeout,delayed_retry,approved,recovered,6743.75,2
CASE_01296,payment_failure,226.59,Returning customer with historical transaction activity.,Payment of ₹226.59 failed during the payment flow.,insufficient_funds,delayed_retry,approved,recovered,226.59,3
CASE_01297,payment_failure,6334.56,Returning customer with historical transaction activity.,"Payment of ₹6,334.56 failed during the payment flow.",expired_card,payment_method_update,approved,recovered,6334.56,2
CASE_01298,payment_failure,4019.69,Returning customer with historical transaction activity.,"Payment of ₹4,019.69 failed during the payment flow.",network_error,retry,approved,recovered,4019.69,1
CASE_01299,payment_failure,13441.02,Returning customer with historical transaction activity.,"Payment of ₹13,441.02 failed during the payment flow.",network_error,retry,approved,recovered,13441.02,1
CASE_01300,payment_failure,14593.89,Returning customer with historical transaction activity.,"Payment of ₹14,593.89 failed during the payment flow.",insufficient_funds,delayed_retry,approved,failed,0.0,0
CASE_01301,payment_failure,4674.56,Returning customer with historical transaction activity.,"Payment of ₹4,674.56 failed during the payment flow.",insufficient_funds,delayed_retry,approved,recovered,4674.56,2
CASE_01302,payment_failure,8122.38,Returning customer with historical transaction activity.,"Payment of ₹8,122.38 failed during the payment flow.",mandate_failure,mandate_retry,approved,recovered,8122.38,1
CASE_01303,payment_failure,3304.23,Returning customer with historical transaction activity.,"Payment of ₹3,304.23 failed during the payment flow.",expired_card,payment_method_update,approved,recovered,3304.23,3
CASE_01304,payment_failure,7628.53,Returning customer with historical transaction activity.,"Payment of ₹7,628.53 failed during the payment flow.",insufficient_funds,delayed_retry,approved,failed,0.0,0
CASE_01305,payment_failure,7192.78,Returning customer with historical transaction activity.,"Payment of ₹7,192.78 failed during the payment flow.",expired_card,payment_method_update,approved,recovered,7192.78,3
CASE_01306,payment_failure,815.06,Returning customer with historical transaction activity.,Payment of ₹815.06 failed during the payment flow.,network_error,retry,approved,recovered,815.06,1
CASE_01307,payment_failure,5266.35,Returning customer with historical transaction activity.,"Payment of ₹5,266.35 failed during the payment flow.",bank_timeout,delayed_retry,approved,recovered,5266.35,2
CASE_01308,payment_failure,2367.99,Returning customer with historical transaction activity.,"Payment of ₹2,367.99 failed during the payment flow.",expired_card,payment_method_update,approved,recovered,2367.99,3
CASE_01309,payment_failure,562.74,Returning customer with historical transaction activity.,Payment of ₹562.74 failed during the payment flow.,mandate_failure,mandate_retry,approved,partial,300.47,2
CASE_01310,payment_failure,7807.81,Returning customer with historical transaction activity.,"Payment of ₹7,807.81 failed during the payment flow.",network_error,retry,approved,recovered,7807.81,3
CASE_01311,payment_failure,5835.73,Returning customer with historical transaction activity.,"Payment of ₹5,835.73 failed during the payment flow.",network_error,retry,approved,recovered,5835.73,1
CASE_01312,payment_failure,4528.48,Returning customer with historical transaction activity.,"Payment of ₹4,528.48 failed during the payment flow.",bank_timeout,delayed_retry,approved,recovered,4528.48,1
CASE_01313,payment_failure,2213.61,Returning customer with historical transaction activity.,"Payment of ₹2,213.61 failed during the payment flow.",mandate_failure,mandate_retry,approved,recovered,2213.61,1
CASE_01314,payment_failure,693.88,Returning customer with historical transaction activity.,Payment of ₹693.88 failed during the payment flow.,insufficient_funds,delayed_retry,approved,recovered,693.88,3
CASE_01315,payment_failure,4698.63,Returning customer with historical transaction activity.,"Payment of ₹4,698.63 failed during the payment flow.",bank_timeout,delayed_retry,approved,recovered,4698.63,2
CASE_01316,payment_failure,652.38,Returning customer with historical transaction activity.,Payment of ₹652.38 failed during the payment flow.,bank_timeout,delayed_retry,approved,recovered,652.38,1
CASE_01317,payment_failure,4486.98,Returning customer with historical transaction activity.,"Payment of ₹4,486.98 failed during the payment flow.",bank_timeout,delayed_retry,approved,recovered,4486.98,1
CASE_01318,payment_failure,1611.03,Returning customer with historical transaction activity.,"Payment of ₹1,611.03 failed during the payment flow.",network_error,retry,approved,recovered,1611.03,3
CASE_01319,payment_failure,95.45,Returning customer with historical transaction activity.,Payment of ₹95.45 failed during the payment flow.,network_error,retry,approved,recovered,95.45,3
CASE_01320,payment_failure,10648.9,Returning customer with historical transaction activity.,"Payment of ₹10,648.90 failed during the payment flow.",network_error,retry,approved,recovered,10648.9,3
CASE_01321,payment_failure,595.94,Returning customer with historical transaction activity.,Payment of ₹595.94 failed during the payment flow.,insufficient_funds,delayed_retry,approved,recovered,595.94,2
CASE_01322,payment_failure,4906.13,Returning customer with historical transaction activity.,"Payment of ₹4,906.13 failed during the payment flow.",expired_card,payment_method_update,approved,failed,0.0,0
CASE_01323,payment_failure,69265.16,Returning customer with historical transaction activity.,"Payment of ₹69,265.16 failed during the payment flow.",fraud_risk,block_and_escalate,blocked,blocked,0.0,0
CASE_01324,payment_failure,5241.45,Returning customer with historical transaction activity.,"Payment of ₹5,241.45 failed during the payment flow.",expired_card,payment_method_update,approved,recovered,5241.45,2
CASE_01325,payment_failure,7533.08,Returning customer with historical transaction activity.,"Payment of ₹7,533.08 failed during the payment flow.",network_error,retry,approved,recovered,7533.08,1
CASE_01326,payment_failure,6298.87,Returning customer with historical transaction activity.,"Payment of ₹6,298.87 failed during the payment flow.",expired_card,payment_method_update,approved,recovered,6298.87,3
CASE_01327,payment_failure,1702.33,Returning customer with historical transaction activity.,"Payment of ₹1,702.33 failed during the payment flow.",bank_timeout,delayed_retry,approved,failed,0.0,0
CASE_01328,payment_failure,11800.11,Returning customer with historical transaction activity.,"Payment of ₹11,800.11 failed during the payment flow.",network_error,retry,approved,recovered,11800.11,1
CASE_01329,payment_failure,1088.96,Returning customer with historical transaction activity.,"Payment of ₹1,088.96 failed during the payment flow.",expired_card,payment_method_update,approved,recovered,1088.96,1
CASE_01330,payment_failure,1973.74,Returning customer with historical transaction activity.,"Payment of ₹1,973.74 failed during the payment flow.",insufficient_funds,delayed_retry,approved,recovered,1973.74,3
CASE_01331,payment_failure,3704.29,Returning customer with historical transaction activity.,"Payment of ₹3,704.29 failed during the payment flow.",bank_timeout,delayed_retry,approved,recovered,3704.29,1
CASE_01332,payment_failure,5257.22,Returning customer with historical transaction activity.,"Payment of ₹5,257.22 failed during the payment flow.",network_error,retry,approved,recovered,5257.22,3
CASE_01333,payment_failure,360.22,Returning customer with historical transaction activity.,Payment of ₹360.22 failed during the payment flow.,expired_card,payment_method_update,approved,partial,134.02,3
CASE_01334,payment_failure,5257.22,Returning customer with historical transaction activity.,"Payment of ₹5,257.22 failed during the payment flow.",expired_card,payment_method_update,approved,recovered,5257.22,1
CASE_01335,payment_failure,2767.22,Returning customer with historical transaction activity.,"Payment of ₹2,767.22 failed during the payment flow.",network_error,retry,approved,recovered,2767.22,2
CASE_01336,payment_failure,102.92,Returning customer with historical transaction activity.,Payment of ₹102.92 failed during the payment flow.,network_error,retry,approved,recovered,102.92,1
CASE_01337,payment_failure,2284.16,Returning customer with historical transaction activity.,"Payment of ₹2,284.16 failed during the payment flow.",mandate_failure,mandate_retry,approved,recovered,2284.16,2
CASE_01338,payment_failure,9993.2,Returning customer with historical transaction activity.,"Payment of ₹9,993.20 failed during the payment flow.",expired_card,payment_method_update,approved,recovered,9993.2,1
CASE_01339,payment_failure,4650.49,Returning customer with historical transaction activity.,"Payment of ₹4,650.49 failed during the payment flow.",bank_timeout,delayed_retry,approved,recovered,4650.49,1
CASE_01340,payment_failure,3491.81,Returning customer with historical transaction activity.,"Payment of ₹3,491.81 failed during the payment flow.",expired_card,payment_method_update,approved,recovered,3491.81,2
CASE_01341,payment_failure,55456.45,Returning customer with historical transaction activity.,"Payment of ₹55,456.45 failed during the payment flow.",bank_timeout,delayed_retry,approved,failed,0.0,0
CASE_01342,payment_failure,481.4,Returning customer with historical transaction activity.,Payment of ₹481.40 failed during the payment flow.,network_error,retry,approved,recovered,481.4,2
CASE_01343,payment_failure,1586.13,Returning customer with historical transaction activity.,"Payment of ₹1,586.13 failed during the payment flow.",expired_card,payment_method_update,approved,partial,803.27,3
CASE_01344,payment_failure,5961.06,Returning customer with historical transaction activity.,"Payment of ₹5,961.06 failed during the payment flow.",bank_timeout,delayed_retry,approved,recovered,5961.06,2
CASE_01345,payment_failure,8923.33,Returning customer with historical transaction activity.,"Payment of ₹8,923.33 failed during the payment flow.",mandate_failure,mandate_retry,approved,recovered,8923.33,3
CASE_01346,payment_failure,170.98,Returning customer with historical transaction activity.,Payment of ₹170.98 failed during the payment flow.,network_error,retry,approved,recovered,170.98,1
CASE_01347,payment_failure,272.24,Returning customer with historical transaction activity.,Payment of ₹272.24 failed during the payment flow.,mandate_failure,mandate_retry,approved,recovered,272.24,3
CASE_01348,payment_failure,491.36,Returning customer with historical transaction activity.,Payment of ₹491.36 failed during the payment flow.,mandate_failure,mandate_retry,approved,recovered,491.36,1
CASE_01349,payment_failure,1923.94,Returning customer with historical transaction activity.,"Payment of ₹1,923.94 failed during the payment flow.",mandate_failure,mandate_retry,approved,recovered,1923.94,3
CASE_01350,payment_failure,8625.36,Returning customer with historical transaction activity.,"Payment of ₹8,625.36 failed during the payment flow.",bank_timeout,delayed_retry,approved,failed,0.0,0
CASE_01351,checkout_abandonment,7365.42,Customer history score: 0.69,"Checkout worth ₹7,365.42 was abandoned after 606 minutes.",checkout_hesitation,reminder,approved,failed,0.0,0
CASE_01352,checkout_abandonment,279.71,Customer history score: 0.60,Checkout worth ₹279.71 was abandoned after 37 minutes.,repeated_abandonment,stop_outreach,approved,failed,0.0,0
CASE_01353,checkout_abandonment,6053.19,Customer history score: 0.79,"Checkout worth ₹6,053.19 was abandoned after 892 minutes.",checkout_hesitation,reminder,approved,recovered,6053.19,2
CASE_01354,checkout_abandonment,28478.96,Customer history score: 0.69,"Checkout worth ₹28,478.96 was abandoned after 1428 minutes.",checkout_hesitation,reminder,approved,recovered,28478.96,2
CASE_01355,checkout_abandonment,306.27,Customer history score: 0.59,Checkout worth ₹306.27 was abandoned after 1210 minutes.,repeated_abandonment,stop_outreach,approved,recovered,306.27,1
CASE_01356,checkout_abandonment,1406.85,Customer history score: 0.59,"Checkout worth ₹1,406.85 was abandoned after 849 minutes.",repeated_abandonment,stop_outreach,approved,failed,0.0,0
CASE_01357,checkout_abandonment,4953.44,Customer history score: 0.79,"Checkout worth ₹4,953.44 was abandoned after 707 minutes.",checkout_hesitation,reminder,approved,failed,0.0,0
CASE_01358,checkout_abandonment,7848.48,Customer history score: 0.49,"Checkout worth ₹7,848.48 was abandoned after 578 minutes.",repeated_abandonment,stop_outreach,approved,failed,0.0,0
CASE_01359,checkout_abandonment,5581.75,Customer history score: 0.69,"Checkout worth ₹5,581.75 was abandoned after 1401 minutes.",checkout_hesitation,reminder,approved,partial,3132.97,2
CASE_01360,checkout_abandonment,5535.27,Customer history score: 0.90,"Checkout worth ₹5,535.27 was abandoned after 1189 minutes.",high_intent_abandonment,targeted_reminder,approved,recovered,5535.27,1
CASE_01361,checkout_abandonment,4610.65,Customer history score: 0.80,"Checkout worth ₹4,610.65 was abandoned after 1154 minutes.",checkout_hesitation,reminder,approved,failed,0.0,0
CASE_01362,checkout_abandonment,16667.23,Customer history score: 0.99,"Checkout worth ₹16,667.23 was abandoned after 1041 minutes.",high_intent_abandonment,targeted_reminder,approved,recovered,16667.23,2
CASE_01363,checkout_abandonment,630.8,Customer history score: 0.69,Checkout worth ₹630.80 was abandoned after 1310 minutes.,checkout_hesitation,reminder,approved,partial,195.11,1
CASE_01364,checkout_abandonment,2533.16,Customer history score: 0.69,"Checkout worth ₹2,533.16 was abandoned after 1281 minutes.",checkout_hesitation,reminder,approved,recovered,2533.16,1
CASE_01365,checkout_abandonment,7206.06,Customer history score: 0.89,"Checkout worth ₹7,206.06 was abandoned after 295 minutes.",high_intent_abandonment,targeted_reminder,approved,recovered,7206.06,2
CASE_01366,checkout_abandonment,5895.49,Customer history score: 1.00,"Checkout worth ₹5,895.49 was abandoned after 586 minutes.",high_intent_abandonment,targeted_reminder,approved,recovered,5895.49,2
CASE_01367,checkout_abandonment,688.9,Customer history score: 0.69,Checkout worth ₹688.90 was abandoned after 590 minutes.,checkout_hesitation,reminder,approved,recovered,688.9,2
CASE_01368,checkout_abandonment,5052.21,Customer history score: 0.60,"Checkout worth ₹5,052.21 was abandoned after 916 minutes.",repeated_abandonment,stop_outreach,approved,failed,0.0,0
CASE_01369,checkout_abandonment,1804.42,Customer history score: 0.60,"Checkout worth ₹1,804.42 was abandoned after 956 minutes.",repeated_abandonment,stop_outreach,approved,failed,0.0,0
CASE_01370,checkout_abandonment,540.33,Customer history score: 0.69,Checkout worth ₹540.33 was abandoned after 951 minutes.,checkout_hesitation,reminder,approved,recovered,540.33,1
CASE_01371,checkout_abandonment,381.8,Customer history score: 0.70,Checkout worth ₹381.80 was abandoned after 703 minutes.,checkout_hesitation,reminder,approved,failed,0.0,0
CASE_01372,checkout_abandonment,16174.21,Customer history score: 0.98,"Checkout worth ₹16,174.21 was abandoned after 573 minutes.",high_intent_abandonment,targeted_reminder,approved,failed,0.0,0
CASE_01373,checkout_abandonment,3509.24,Customer history score: 0.59,"Checkout worth ₹3,509.24 was abandoned after 284 minutes.",repeated_abandonment,stop_outreach,approved,recovered,3509.24,2
CASE_01374,checkout_abandonment,3884.4,Customer history score: 0.69,"Checkout worth ₹3,884.40 was abandoned after 1308 minutes.",checkout_hesitation,reminder,approved,recovered,3884.4,2
CASE_01375,checkout_abandonment,527.05,Customer history score: 0.96,Checkout worth ₹527.05 was abandoned after 1068 minutes.,high_intent_abandonment,targeted_reminder,approved,recovered,527.05,1
CASE_01376,checkout_abandonment,7991.24,Customer history score: 0.96,"Checkout worth ₹7,991.24 was abandoned after 1337 minutes.",high_intent_abandonment,targeted_reminder,approved,recovered,7991.24,2
CASE_01377,checkout_abandonment,4565.83,Customer history score: 0.80,"Checkout worth ₹4,565.83 was abandoned after 1376 minutes.",checkout_hesitation,reminder,approved,recovered,4565.83,2
CASE_01378,checkout_abandonment,570.21,Customer history score: 0.87,Checkout worth ₹570.21 was abandoned after 709 minutes.,high_intent_abandonment,targeted_reminder,approved,recovered,570.21,1
CASE_01379,checkout_abandonment,275.56,Customer history score: 0.59,Checkout worth ₹275.56 was abandoned after 475 minutes.,repeated_abandonment,stop_outreach,approved,failed,0.0,0
CASE_01380,checkout_abandonment,4120.12,Customer history score: 0.90,"Checkout worth ₹4,120.12 was abandoned after 340 minutes.",high_intent_abandonment,targeted_reminder,approved,recovered,4120.12,2
CASE_01381,checkout_abandonment,294.65,Customer history score: 0.60,Checkout worth ₹294.65 was abandoned after 1155 minutes.,checkout_hesitation,reminder,approved,recovered,294.65,2
CASE_01382,checkout_abandonment,1257.45,Customer history score: 0.80,"Checkout worth ₹1,257.45 was abandoned after 123 minutes.",checkout_hesitation,reminder,approved,recovered,1257.45,1
CASE_01383,checkout_abandonment,2130.61,Customer history score: 0.79,"Checkout worth ₹2,130.61 was abandoned after 659 minutes.",checkout_hesitation,reminder,approved,recovered,2130.61,1
CASE_01384,checkout_abandonment,5146.0,Customer history score: 0.49,"Checkout worth ₹5,146.00 was abandoned after 1213 minutes.",repeated_abandonment,stop_outreach,approved,recovered,5146.0,2
CASE_01385,checkout_abandonment,688.07,Customer history score: 0.79,Checkout worth ₹688.07 was abandoned after 1087 minutes.,checkout_hesitation,reminder,approved,failed,0.0,0
CASE_01386,checkout_abandonment,4020.52,Customer history score: 0.79,"Checkout worth ₹4,020.52 was abandoned after 1383 minutes.",checkout_hesitation,reminder,approved,recovered,4020.52,2
CASE_01387,checkout_abandonment,672.3,Customer history score: 0.89,Checkout worth ₹672.30 was abandoned after 1263 minutes.,high_intent_abandonment,targeted_reminder,approved,recovered,672.3,1
CASE_01388,checkout_abandonment,6920.54,Customer history score: 0.89,"Checkout worth ₹6,920.54 was abandoned after 506 minutes.",high_intent_abandonment,targeted_reminder,approved,recovered,6920.54,1
CASE_01389,checkout_abandonment,756.96,Customer history score: 0.59,Checkout worth ₹756.96 was abandoned after 1339 minutes.,repeated_abandonment,stop_outreach,approved,failed,0.0,0
CASE_01390,checkout_abandonment,5977.66,Customer history score: 0.59,"Checkout worth ₹5,977.66 was abandoned after 496 minutes.",repeated_abandonment,stop_outreach,approved,failed,0.0,0
CASE_01391,checkout_abandonment,29058.3,Customer history score: 0.98,"Checkout worth ₹29,058.30 was abandoned after 1360 minutes.",high_intent_abandonment,targeted_reminder,approved,recovered,29058.3,2
CASE_01392,checkout_abandonment,689.73,Customer history score: 0.88,Checkout worth ₹689.73 was abandoned after 1070 minutes.,high_intent_abandonment,targeted_reminder,approved,recovered,689.73,2
CASE_01393,checkout_abandonment,29058.3,Customer history score: 0.98,"Checkout worth ₹29,058.30 was abandoned after 1360 minutes.",high_intent_abandonment,targeted_reminder,approved,recovered,29058.3,1
CASE_01394,checkout_abandonment,9610.57,Customer history score: 0.99,"Checkout worth ₹9,610.57 was abandoned after 470 minutes.",high_intent_abandonment,targeted_reminder,approved,recovered,9610.57,1
CASE_01395,checkout_abandonment,7586.2,Customer history score: 0.79,"Checkout worth ₹7,586.20 was abandoned after 213 minutes.",checkout_hesitation,reminder,approved,failed,0.0,0
CASE_01396,checkout_abandonment,3759.07,Customer history score: 0.88,"Checkout worth ₹3,759.07 was abandoned after 294 minutes.",high_intent_abandonment,targeted_reminder,approved,recovered,3759.07,2
CASE_01397,checkout_abandonment,7922.35,Customer history score: 0.79,"Checkout worth ₹7,922.35 was abandoned after 1003 minutes.",checkout_hesitation,reminder,approved,failed,0.0,0
CASE_01398,checkout_abandonment,246.51,Customer history score: 0.89,Checkout worth ₹246.51 was abandoned after 57 minutes.,high_intent_abandonment,targeted_reminder,approved,failed,0.0,0
CASE_01399,checkout_abandonment,4388.21,Customer history score: 0.90,"Checkout worth ₹4,388.21 was abandoned after 491 minutes.",high_intent_abandonment,targeted_reminder,approved,partial,1281.73,3
CASE_01400,checkout_abandonment,7125.55,Customer history score: 0.99,"Checkout worth ₹7,125.55 was abandoned after 610 minutes.",high_intent_abandonment,targeted_reminder,approved,recovered,7125.55,1
CASE_01401,checkout_abandonment,464.8,Customer history score: 0.69,Checkout worth ₹464.80 was abandoned after 567 minutes.,checkout_hesitation,reminder,approved,recovered,464.8,2
CASE_01402,checkout_abandonment,8098.31,Customer history score: 0.69,"Checkout worth ₹8,098.31 was abandoned after 838 minutes.",checkout_hesitation,reminder,approved,recovered,8098.31,1
CASE_01403,checkout_abandonment,26086.9,Customer history score: 0.60,"Checkout worth ₹26,086.90 was abandoned after 875 minutes.",repeated_abandonment,stop_outreach,approved,failed,0.0,0
CASE_01404,checkout_abandonment,1361.2,Customer history score: 0.69,"Checkout worth ₹1,361.20 was abandoned after 1092 minutes.",checkout_hesitation,reminder,approved,failed,0.0,0
CASE_01405,checkout_abandonment,1468.27,Customer history score: 0.79,"Checkout worth ₹1,468.27 was abandoned after 540 minutes.",checkout_hesitation,reminder,approved,failed,0.0,0
CASE_01406,checkout_abandonment,1726.4,Customer history score: 0.59,"Checkout worth ₹1,726.40 was abandoned after 476 minutes.",repeated_abandonment,stop_outreach,approved,failed,0.0,0
CASE_01407,checkout_abandonment,16403.29,Customer history score: 0.89,"Checkout worth ₹16,403.29 was abandoned after 1283 minutes.",high_intent_abandonment,targeted_reminder,approved,recovered,16403.29,1
CASE_01408,checkout_abandonment,3359.84,Customer history score: 0.89,"Checkout worth ₹3,359.84 was abandoned after 620 minutes.",high_intent_abandonment,targeted_reminder,approved,failed,0.0,0
CASE_01409,checkout_abandonment,368.52,Customer history score: 0.49,Checkout worth ₹368.52 was abandoned after 894 minutes.,repeated_abandonment,stop_outreach,approved,partial,98.5,2
CASE_01410,checkout_abandonment,3119.97,Customer history score: 0.59,"Checkout worth ₹3,119.97 was abandoned after 883 minutes.",repeated_abandonment,stop_outreach,approved,failed,0.0,0
CASE_01411,checkout_abandonment,9788.19,Customer history score: 0.89,"Checkout worth ₹9,788.19 was abandoned after 530 minutes.",high_intent_abandonment,targeted_reminder,approved,recovered,9788.19,1
CASE_01412,checkout_abandonment,475.59,Customer history score: 0.59,Checkout worth ₹475.59 was abandoned after 220 minutes.,repeated_abandonment,stop_outreach,approved,failed,0.0,0
CASE_01413,checkout_abandonment,17157.76,Customer history score: 0.98,"Checkout worth ₹17,157.76 was abandoned after 1411 minutes.",high_intent_abandonment,targeted_reminder,approved,recovered,17157.76,2
CASE_01414,checkout_abandonment,12776.19,Customer history score: 0.96,"Checkout worth ₹12,776.19 was abandoned after 1271 minutes.",high_intent_abandonment,targeted_reminder,approved,recovered,12776.19,2
CASE_01415,checkout_abandonment,2195.35,Customer history score: 0.69,"Checkout worth ₹2,195.35 was abandoned after 532 minutes.",checkout_hesitation,reminder,approved,failed,0.0,0
CASE_01416,checkout_abandonment,2026.03,Customer history score: 0.79,"Checkout worth ₹2,026.03 was abandoned after 280 minutes.",checkout_hesitation,reminder,approved,failed,0.0,0
CASE_01417,checkout_abandonment,9610.57,Customer history score: 0.99,"Checkout worth ₹9,610.57 was abandoned after 470 minutes.",high_intent_abandonment,targeted_reminder,approved,partial,4584.33,2
CASE_01418,checkout_abandonment,1656.68,Customer history score: 0.99,"Checkout worth ₹1,656.68 was abandoned after 706 minutes.",high_intent_abandonment,targeted_reminder,approved,recovered,1656.68,2
CASE_01419,checkout_abandonment,3033.65,Customer history score: 0.49,"Checkout worth ₹3,033.65 was abandoned after 167 minutes.",repeated_abandonment,stop_outreach,approved,failed,0.0,0
CASE_01420,checkout_abandonment,2125.63,Customer history score: 0.89,"Checkout worth ₹2,125.63 was abandoned after 948 minutes.",high_intent_abandonment,targeted_reminder,approved,recovered,2125.63,2
CASE_01421,checkout_abandonment,540.33,Customer history score: 0.69,Checkout worth ₹540.33 was abandoned after 951 minutes.,checkout_hesitation,reminder,approved,failed,0.0,0
CASE_01422,checkout_abandonment,611.71,Customer history score: 0.96,Checkout worth ₹611.71 was abandoned after 40 minutes.,high_intent_abandonment,targeted_reminder,approved,recovered,611.71,1
CASE_01423,checkout_abandonment,516.26,Customer history score: 0.69,Checkout worth ₹516.26 was abandoned after 851 minutes.,checkout_hesitation,reminder,approved,failed,0.0,0
CASE_01424,checkout_abandonment,6425.86,Customer history score: 0.70,"Checkout worth ₹6,425.86 was abandoned after 836 minutes.",checkout_hesitation,reminder,approved,recovered,6425.86,1
CASE_01425,checkout_abandonment,8055.98,Customer history score: 0.59,"Checkout worth ₹8,055.98 was abandoned after 796 minutes.",repeated_abandonment,stop_outreach,approved,failed,0.0,0
CASE_01426,checkout_abandonment,57837.72,Customer history score: 0.69,"Checkout worth ₹57,837.72 was abandoned after 1425 minutes.",checkout_hesitation,reminder,approved,recovered,57837.72,2
CASE_01427,checkout_abandonment,711.31,Customer history score: 0.98,Checkout worth ₹711.31 was abandoned after 756 minutes.,high_intent_abandonment,targeted_reminder,approved,recovered,711.31,1
CASE_01428,checkout_abandonment,62216.8,Customer history score: 0.69,"Checkout worth ₹62,216.80 was abandoned after 303 minutes.",checkout_hesitation,reminder,approved,failed,0.0,0
CASE_01429,checkout_abandonment,3629.59,Customer history score: 0.79,"Checkout worth ₹3,629.59 was abandoned after 638 minutes.",checkout_hesitation,reminder,approved,failed,0.0,0
CASE_01430,checkout_abandonment,324.53,Customer history score: 0.69,Checkout worth ₹324.53 was abandoned after 669 minutes.,checkout_hesitation,reminder,approved,recovered,324.53,2
CASE_01431,checkout_abandonment,3505.92,Customer history score: 0.90,"Checkout worth ₹3,505.92 was abandoned after 1099 minutes.",high_intent_abandonment,targeted_reminder,approved,partial,2334.02,2
CASE_01432,checkout_abandonment,3674.41,Customer history score: 0.49,"Checkout worth ₹3,674.41 was abandoned after 410 minutes.",repeated_abandonment,stop_outreach,approved,failed,0.0,0
CASE_01433,checkout_abandonment,310.42,Customer history score: 0.50,Checkout worth ₹310.42 was abandoned after 252 minutes.,repeated_abandonment,stop_outreach,approved,failed,0.0,0
CASE_01434,checkout_abandonment,14488.48,Customer history score: 0.79,"Checkout worth ₹14,488.48 was abandoned after 476 minutes.",checkout_hesitation,reminder,approved,failed,0.0,0
CASE_01435,checkout_abandonment,7155.43,Customer history score: 0.88,"Checkout worth ₹7,155.43 was abandoned after 1046 minutes.",high_intent_abandonment,targeted_reminder,approved,recovered,7155.43,1
CASE_01436,checkout_abandonment,3731.68,Customer history score: 0.60,"Checkout worth ₹3,731.68 was abandoned after 439 minutes.",repeated_abandonment,stop_outreach,approved,recovered,3731.68,2
CASE_01437,checkout_abandonment,11762.76,Customer history score: 0.79,"Checkout worth ₹11,762.76 was abandoned after 1167 minutes.",checkout_hesitation,reminder,approved,recovered,11762.76,1
CASE_01438,checkout_abandonment,679.77,Customer history score: 0.89,Checkout worth ₹679.77 was abandoned after 812 minutes.,high_intent_abandonment,targeted_reminder,approved,recovered,679.77,1
CASE_01439,checkout_abandonment,5775.14,Customer history score: 0.70,"Checkout worth ₹5,775.14 was abandoned after 132 minutes.",checkout_hesitation,reminder,approved,failed,0.0,0
CASE_01440,checkout_abandonment,698.03,Customer history score: 0.59,Checkout worth ₹698.03 was abandoned after 1371 minutes.,repeated_abandonment,stop_outreach,approved,failed,0.0,0
CASE_01441,checkout_abandonment,134210.17,Customer history score: 0.59,"Checkout worth ₹134,210.17 was abandoned after 1283 minutes.",repeated_abandonment,stop_outreach,approved,failed,0.0,0
CASE_01442,checkout_abandonment,803.44,Customer history score: 0.49,Checkout worth ₹803.44 was abandoned after 492 minutes.,repeated_abandonment,stop_outreach,approved,recovered,803.44,1
CASE_01443,checkout_abandonment,5621.59,Customer history score: 0.80,"Checkout worth ₹5,621.59 was abandoned after 186 minutes.",checkout_hesitation,reminder,approved,recovered,5621.59,2
CASE_01444,checkout_abandonment,6646.64,Customer history score: 0.79,"Checkout worth ₹6,646.64 was abandoned after 1399 minutes.",checkout_hesitation,reminder,approved,recovered,6646.64,2
CASE_01445,checkout_abandonment,2537.31,Customer history score: 0.96,"Checkout worth ₹2,537.31 was abandoned after 204 minutes.",high_intent_abandonment,targeted_reminder,approved,recovered,2537.31,1
CASE_01446,checkout_abandonment,6440.8,Customer history score: 0.70,"Checkout worth ₹6,440.80 was abandoned after 1224 minutes.",checkout_hesitation,reminder,approved,failed,0.0,0
CASE_01447,checkout_abandonment,6097.18,Customer history score: 0.80,"Checkout worth ₹6,097.18 was abandoned after 763 minutes.",checkout_hesitation,reminder,approved,recovered,6097.18,1
CASE_01448,checkout_abandonment,8780.57,Customer history score: 0.69,"Checkout worth ₹8,780.57 was abandoned after 49 minutes.",checkout_hesitation,reminder,approved,partial,6335.91,2
CASE_01449,checkout_abandonment,463.97,Customer history score: 0.69,Checkout worth ₹463.97 was abandoned after 1184 minutes.,checkout_hesitation,reminder,approved,recovered,463.97,1
CASE_01450,checkout_abandonment,254.81,Customer history score: 0.89,Checkout worth ₹254.81 was abandoned after 640 minutes.,high_intent_abandonment,targeted_reminder,approved,partial,123.47,4
CASE_01451,checkout_abandonment,14459.43,Customer history score: 0.89,"Checkout worth ₹14,459.43 was abandoned after 607 minutes.",high_intent_abandonment,targeted_reminder,approved,partial,7209.1,3
CASE_01452,checkout_abandonment,14272.68,Customer history score: 0.69,"Checkout worth ₹14,272.68 was abandoned after 380 minutes.",checkout_hesitation,reminder,approved,recovered,14272.68,2
CASE_01453,checkout_abandonment,454.01,Customer history score: 0.89,Checkout worth ₹454.01 was abandoned after 819 minutes.,high_intent_abandonment,targeted_reminder,approved,recovered,454.01,2
CASE_01454,checkout_abandonment,21113.54,Customer history score: 0.70,"Checkout worth ₹21,113.54 was abandoned after 429 minutes.",checkout_hesitation,reminder,approved,recovered,21113.54,1
CASE_01455,checkout_abandonment,8947.4,Customer history score: 0.80,"Checkout worth ₹8,947.40 was abandoned after 221 minutes.",checkout_hesitation,reminder,approved,failed,0.0,0
CASE_01456,checkout_abandonment,7772.95,Customer history score: 0.79,"Checkout worth ₹7,772.95 was abandoned after 1336 minutes.",checkout_hesitation,reminder,approved,partial,4380.09,1
CASE_01457,checkout_abandonment,4020.52,Customer history score: 0.79,"Checkout worth ₹4,020.52 was abandoned after 1383 minutes.",checkout_hesitation,reminder,approved,failed,0.0,0
CASE_01458,checkout_abandonment,10597.44,Customer history score: 0.88,"Checkout worth ₹10,597.44 was abandoned after 1160 minutes.",high_intent_abandonment,targeted_reminder,approved,recovered,10597.44,1
CASE_01459,checkout_abandonment,942.05,Customer history score: 0.69,Checkout worth ₹942.05 was abandoned after 950 minutes.,checkout_hesitation,reminder,approved,recovered,942.05,2
CASE_01460,checkout_abandonment,275.56,Customer history score: 0.99,Checkout worth ₹275.56 was abandoned after 384 minutes.,high_intent_abandonment,targeted_reminder,approved,partial,128.4,4
CASE_01461,checkout_abandonment,7586.2,Customer history score: 0.79,"Checkout worth ₹7,586.20 was abandoned after 213 minutes.",checkout_hesitation,reminder,approved,partial,3072.99,3
CASE_01462,checkout_abandonment,7148.79,Customer history score: 0.79,"Checkout worth ₹7,148.79 was abandoned after 1261 minutes.",checkout_hesitation,reminder,approved,recovered,7148.79,2
CASE_01463,checkout_abandonment,334.49,Customer history score: 0.98,Checkout worth ₹334.49 was abandoned after 228 minutes.,high_intent_abandonment,targeted_reminder,approved,failed,0.0,0
CASE_01464,checkout_abandonment,1895.72,Customer history score: 0.49,"Checkout worth ₹1,895.72 was abandoned after 585 minutes.",repeated_abandonment,stop_outreach,approved,failed,0.0,0
CASE_01465,checkout_abandonment,1933.07,Customer history score: 0.88,"Checkout worth ₹1,933.07 was abandoned after 1169 minutes.",high_intent_abandonment,targeted_reminder,approved,recovered,1933.07,1
CASE_01466,checkout_abandonment,254.81,Customer history score: 0.59,Checkout worth ₹254.81 was abandoned after 729 minutes.,repeated_abandonment,stop_outreach,approved,failed,0.0,0
CASE_01467,checkout_abandonment,156.04,Customer history score: 0.80,Checkout worth ₹156.04 was abandoned after 789 minutes.,checkout_hesitation,reminder,approved,recovered,156.04,1
CASE_01468,checkout_abandonment,5918.73,Customer history score: 0.59,"Checkout worth ₹5,918.73 was abandoned after 1066 minutes.",repeated_abandonment,stop_outreach,approved,failed,0.0,0
CASE_01469,checkout_abandonment,573.53,Customer history score: 0.99,Checkout worth ₹573.53 was abandoned after 168 minutes.,high_intent_abandonment,targeted_reminder,approved,recovered,573.53,2
CASE_01470,checkout_abandonment,151.89,Customer history score: 0.89,Checkout worth ₹151.89 was abandoned after 1050 minutes.,high_intent_abandonment,targeted_reminder,approved,recovered,151.89,2
CASE_01471,checkout_abandonment,2982.19,Customer history score: 0.89,"Checkout worth ₹2,982.19 was abandoned after 718 minutes.",high_intent_abandonment,targeted_reminder,approved,recovered,2982.19,1
CASE_01472,checkout_abandonment,509.62,Customer history score: 0.79,Checkout worth ₹509.62 was abandoned after 511 minutes.,checkout_hesitation,reminder,approved,recovered,509.62,2
CASE_01473,checkout_abandonment,1150.38,Customer history score: 0.88,"Checkout worth ₹1,150.38 was abandoned after 945 minutes.",high_intent_abandonment,targeted_reminder,approved,failed,0.0,0
CASE_01474,checkout_abandonment,6064.81,Customer history score: 0.50,"Checkout worth ₹6,064.81 was abandoned after 884 minutes.",repeated_abandonment,stop_outreach,approved,recovered,6064.81,1
CASE_01475,checkout_abandonment,894.74,Customer history score: 0.69,Checkout worth ₹894.74 was abandoned after 188 minutes.,checkout_hesitation,reminder,approved,recovered,894.74,1
CASE_01476,checkout_abandonment,1269.9,Customer history score: 0.80,"Checkout worth ₹1,269.90 was abandoned after 942 minutes.",checkout_hesitation,reminder,approved,failed,0.0,0
CASE_01477,checkout_abandonment,131.97,Customer history score: 0.49,Checkout worth ₹131.97 was abandoned after 737 minutes.,repeated_abandonment,stop_outreach,approved,failed,0.0,0
CASE_01478,checkout_abandonment,984.38,Customer history score: 0.69,Checkout worth ₹984.38 was abandoned after 879 minutes.,checkout_hesitation,reminder,approved,recovered,984.38,1
CASE_01479,checkout_abandonment,7330.56,Customer history score: 0.80,"Checkout worth ₹7,330.56 was abandoned after 57 minutes.",high_intent_abandonment,targeted_reminder,approved,recovered,7330.56,2
CASE_01480,checkout_abandonment,105.41,Customer history score: 0.79,Checkout worth ₹105.41 was abandoned after 189 minutes.,checkout_hesitation,reminder,approved,recovered,105.41,1
CASE_01481,checkout_abandonment,3683.54,Customer history score: 0.80,"Checkout worth ₹3,683.54 was abandoned after 193 minutes.",high_intent_abandonment,targeted_reminder,approved,recovered,3683.54,1
CASE_01482,checkout_abandonment,12105.55,Customer history score: 0.79,"Checkout worth ₹12,105.55 was abandoned after 936 minutes.",checkout_hesitation,reminder,approved,recovered,12105.55,2
CASE_01483,checkout_abandonment,5905.45,Customer history score: 0.50,"Checkout worth ₹5,905.45 was abandoned after 1256 minutes.",repeated_abandonment,stop_outreach,approved,failed,0.0,0
CASE_01484,checkout_abandonment,5870.59,Customer history score: 0.89,"Checkout worth ₹5,870.59 was abandoned after 764 minutes.",high_intent_abandonment,targeted_reminder,approved,recovered,5870.59,1
CASE_01485,checkout_abandonment,15843.87,Customer history score: 0.70,"Checkout worth ₹15,843.87 was abandoned after 939 minutes.",checkout_hesitation,reminder,approved,recovered,15843.87,1
CASE_01486,checkout_abandonment,6195.95,Customer history score: 0.59,"Checkout worth ₹6,195.95 was abandoned after 688 minutes.",repeated_abandonment,stop_outreach,approved,failed,0.0,0
CASE_01487,checkout_abandonment,773.56,Customer history score: 0.59,Checkout worth ₹773.56 was abandoned after 322 minutes.,repeated_abandonment,stop_outreach,approved,recovered,773.56,1
CASE_01488,checkout_abandonment,3383.91,Customer history score: 0.79,"Checkout worth ₹3,383.91 was abandoned after 308 minutes.",checkout_hesitation,reminder,approved,recovered,3383.91,1
CASE_01489,checkout_abandonment,3007.09,Customer history score: 0.49,"Checkout worth ₹3,007.09 was abandoned after 1181 minutes.",repeated_abandonment,stop_outreach,approved,failed,0.0,0
CASE_01490,checkout_abandonment,10559.26,Customer history score: 0.69,"Checkout worth ₹10,559.26 was abandoned after 407 minutes.",checkout_hesitation,reminder,approved,recovered,10559.26,1
CASE_01491,checkout_abandonment,6165.24,Customer history score: 0.89,"Checkout worth ₹6,165.24 was abandoned after 512 minutes.",high_intent_abandonment,targeted_reminder,approved,recovered,6165.24,1
CASE_01492,checkout_abandonment,193.39,Customer history score: 0.69,Checkout worth ₹193.39 was abandoned after 506 minutes.,checkout_hesitation,reminder,approved,recovered,193.39,2
CASE_01493,checkout_abandonment,2372.14,Customer history score: 0.70,"Checkout worth ₹2,372.14 was abandoned after 751 minutes.",checkout_hesitation,reminder,approved,failed,0.0,0
CASE_01494,checkout_abandonment,6815.13,Customer history score: 0.70,"Checkout worth ₹6,815.13 was abandoned after 32 minutes.",checkout_hesitation,reminder,approved,failed,0.0,0
CASE_01495,checkout_abandonment,7564.62,Customer history score: 0.49,"Checkout worth ₹7,564.62 was abandoned after 136 minutes.",repeated_abandonment,stop_outreach,approved,partial,3189.43,2
CASE_01496,checkout_abandonment,6610.95,Customer history score: 0.69,"Checkout worth ₹6,610.95 was abandoned after 48 minutes.",checkout_hesitation,reminder,approved,recovered,6610.95,2
CASE_01497,checkout_abandonment,7522.29,Customer history score: 0.69,"Checkout worth ₹7,522.29 was abandoned after 714 minutes.",checkout_hesitation,reminder,approved,failed,0.0,0
CASE_01498,checkout_abandonment,3929.22,Customer history score: 0.99,"Checkout worth ₹3,929.22 was abandoned after 432 minutes.",high_intent_abandonment,targeted_reminder,approved,failed,0.0,0
CASE_01499,checkout_abandonment,8493.39,Customer history score: 0.99,"Checkout worth ₹8,493.39 was abandoned after 1121 minutes.",high_intent_abandonment,targeted_reminder,approved,recovered,8493.39,1
CASE_01500,checkout_abandonment,6541.23,Customer history score: 0.69,"Checkout worth ₹6,541.23 was abandoned after 495 minutes.",checkout_hesitation,reminder,approved,recovered,6541.23,2
CASE_01501,checkout_abandonment,4046.25,Customer history score: 0.99,"Checkout worth ₹4,046.25 was abandoned after 708 minutes.",high_intent_abandonment,targeted_reminder,approved,recovered,4046.25,2
CASE_01502,checkout_abandonment,18831.04,Customer history score: 0.69,"Checkout worth ₹18,831.04 was abandoned after 858 minutes.",checkout_hesitation,reminder,approved,recovered,18831.04,1
CASE_01503,checkout_abandonment,9883.64,Customer history score: 0.79,"Checkout worth ₹9,883.64 was abandoned after 1246 minutes.",checkout_hesitation,reminder,approved,failed,0.0,0
CASE_01504,checkout_abandonment,1670.79,Customer history score: 0.69,"Checkout worth ₹1,670.79 was abandoned after 1009 minutes.",checkout_hesitation,reminder,approved,recovered,1670.79,1
CASE_01505,checkout_abandonment,452.35,Customer history score: 0.50,Checkout worth ₹452.35 was abandoned after 897 minutes.,repeated_abandonment,stop_outreach,approved,recovered,452.35,2
CASE_01506,checkout_abandonment,6440.8,Customer history score: 0.70,"Checkout worth ₹6,440.80 was abandoned after 1224 minutes.",checkout_hesitation,reminder,approved,failed,0.0,0
CASE_01507,checkout_abandonment,3937.52,Customer history score: 0.79,"Checkout worth ₹3,937.52 was abandoned after 1119 minutes.",checkout_hesitation,reminder,approved,recovered,3937.52,1
CASE_01508,checkout_abandonment,13948.15,Customer history score: 0.69,"Checkout worth ₹13,948.15 was abandoned after 905 minutes.",checkout_hesitation,reminder,approved,recovered,13948.15,1
CASE_01509,checkout_abandonment,3181.39,Customer history score: 0.99,"Checkout worth ₹3,181.39 was abandoned after 852 minutes.",high_intent_abandonment,targeted_reminder,approved,recovered,3181.39,2
CASE_01510,checkout_abandonment,48154.94,Customer history score: 0.60,"Checkout worth ₹48,154.94 was abandoned after 1269 minutes.",repeated_abandonment,stop_outreach,approved,recovered,48154.94,1
CASE_01511,checkout_abandonment,579.34,Customer history score: 0.70,Checkout worth ₹579.34 was abandoned after 715 minutes.,checkout_hesitation,reminder,approved,failed,0.0,0
CASE_01512,checkout_abandonment,3061.04,Customer history score: 0.89,"Checkout worth ₹3,061.04 was abandoned after 435 minutes.",high_intent_abandonment,targeted_reminder,approved,recovered,3061.04,2
CASE_01513,checkout_abandonment,4819.81,Customer history score: 0.60,"Checkout worth ₹4,819.81 was abandoned after 1100 minutes.",checkout_hesitation,reminder,approved,partial,2337.05,1
CASE_01514,checkout_abandonment,9034.55,Customer history score: 0.78,"Checkout worth ₹9,034.55 was abandoned after 1354 minutes.",checkout_hesitation,reminder,approved,failed,0.0,0
CASE_01515,checkout_abandonment,805.1,Customer history score: 0.80,Checkout worth ₹805.10 was abandoned after 825 minutes.,checkout_hesitation,reminder,approved,failed,0.0,0
CASE_01516,checkout_abandonment,14529.98,Customer history score: 0.69,"Checkout worth ₹14,529.98 was abandoned after 988 minutes.",checkout_hesitation,reminder,approved,recovered,14529.98,1
CASE_01517,checkout_abandonment,2680.07,Customer history score: 0.69,"Checkout worth ₹2,680.07 was abandoned after 846 minutes.",checkout_hesitation,reminder,approved,recovered,2680.07,2
CASE_01518,checkout_abandonment,15189.83,Customer history score: 0.97,"Checkout worth ₹15,189.83 was abandoned after 454 minutes.",high_intent_abandonment,targeted_reminder,approved,recovered,15189.83,2
CASE_01519,checkout_abandonment,7582.05,Customer history score: 0.89,"Checkout worth ₹7,582.05 was abandoned after 843 minutes.",high_intent_abandonment,targeted_reminder,approved,recovered,7582.05,2
CASE_01520,checkout_abandonment,3241.98,Customer history score: 0.79,"Checkout worth ₹3,241.98 was abandoned after 624 minutes.",checkout_hesitation,reminder,approved,recovered,3241.98,1
CASE_01521,checkout_abandonment,1411.0,Customer history score: 0.70,"Checkout worth ₹1,411.00 was abandoned after 123 minutes.",checkout_hesitation,reminder,approved,failed,0.0,0
CASE_01522,checkout_abandonment,5404.96,Customer history score: 0.89,"Checkout worth ₹5,404.96 was abandoned after 653 minutes.",high_intent_abandonment,targeted_reminder,approved,recovered,5404.96,2
CASE_01523,checkout_abandonment,1584.47,Customer history score: 0.98,"Checkout worth ₹1,584.47 was abandoned after 50 minutes.",high_intent_abandonment,targeted_reminder,approved,recovered,1584.47,1
CASE_01524,checkout_abandonment,215.8,Customer history score: 0.99,Checkout worth ₹215.80 was abandoned after 705 minutes.,high_intent_abandonment,targeted_reminder,approved,partial,75.11,1
CASE_01525,checkout_abandonment,1162.83,Customer history score: 0.96,"Checkout worth ₹1,162.83 was abandoned after 1056 minutes.",high_intent_abandonment,targeted_reminder,approved,failed,0.0,0
CASE_01526,checkout_abandonment,16806.67,Customer history score: 0.70,"Checkout worth ₹16,806.67 was abandoned after 1203 minutes.",checkout_hesitation,reminder,approved,recovered,16806.67,1
CASE_01527,checkout_abandonment,5878.06,Customer history score: 0.79,"Checkout worth ₹5,878.06 was abandoned after 337 minutes.",checkout_hesitation,reminder,approved,failed,0.0,0
CASE_01528,checkout_abandonment,4894.51,Customer history score: 0.69,"Checkout worth ₹4,894.51 was abandoned after 368 minutes.",checkout_hesitation,reminder,approved,failed,0.0,0
CASE_01529,checkout_abandonment,193.39,Customer history score: 0.69,Checkout worth ₹193.39 was abandoned after 506 minutes.,checkout_hesitation,reminder,approved,recovered,193.39,1
CASE_01530,checkout_abandonment,7714.02,Customer history score: 0.70,"Checkout worth ₹7,714.02 was abandoned after 201 minutes.",checkout_hesitation,reminder,approved,recovered,7714.02,1
CASE_01531,checkout_abandonment,9040.36,Customer history score: 0.89,"Checkout worth ₹9,040.36 was abandoned after 187 minutes.",high_intent_abandonment,targeted_reminder,approved,recovered,9040.36,2
CASE_01532,checkout_abandonment,3273.52,Customer history score: 0.69,"Checkout worth ₹3,273.52 was abandoned after 518 minutes.",checkout_hesitation,reminder,approved,failed,0.0,0
CASE_01533,checkout_abandonment,8055.98,Customer history score: 0.59,"Checkout worth ₹8,055.98 was abandoned after 796 minutes.",repeated_abandonment,stop_outreach,approved,failed,0.0,0
CASE_01534,checkout_abandonment,1223.42,Customer history score: 0.59,"Checkout worth ₹1,223.42 was abandoned after 710 minutes.",repeated_abandonment,stop_outreach,approved,failed,0.0,0
CASE_01535,checkout_abandonment,325.36,Customer history score: 0.79,Checkout worth ₹325.36 was abandoned after 1368 minutes.,checkout_hesitation,reminder,approved,recovered,325.36,1
CASE_01536,checkout_abandonment,10588.31,Customer history score: 0.78,"Checkout worth ₹10,588.31 was abandoned after 903 minutes.",checkout_hesitation,reminder,approved,recovered,10588.31,1
CASE_01537,checkout_abandonment,452.35,Customer history score: 0.50,Checkout worth ₹452.35 was abandoned after 897 minutes.,repeated_abandonment,stop_outreach,approved,failed,0.0,0
CASE_01538,checkout_abandonment,8895.94,Customer history score: 0.70,"Checkout worth ₹8,895.94 was abandoned after 802 minutes.",checkout_hesitation,reminder,approved,failed,0.0,0
CASE_01539,checkout_abandonment,1710.63,Customer history score: 0.69,"Checkout worth ₹1,710.63 was abandoned after 225 minutes.",checkout_hesitation,reminder,approved,failed,0.0,0
CASE_01540,checkout_abandonment,8956.53,Customer history score: 0.79,"Checkout worth ₹8,956.53 was abandoned after 466 minutes.",checkout_hesitation,reminder,approved,failed,0.0,0
CASE_01541,checkout_abandonment,2442.69,Customer history score: 0.99,"Checkout worth ₹2,442.69 was abandoned after 913 minutes.",high_intent_abandonment,targeted_reminder,approved,recovered,2442.69,1
CASE_01542,checkout_abandonment,3049.42,Customer history score: 0.89,"Checkout worth ₹3,049.42 was abandoned after 612 minutes.",high_intent_abandonment,targeted_reminder,approved,recovered,3049.42,2
CASE_01543,checkout_abandonment,11117.02,Customer history score: 0.79,"Checkout worth ₹11,117.02 was abandoned after 1017 minutes.",checkout_hesitation,reminder,approved,failed,0.0,0
CASE_01544,checkout_abandonment,3887.72,Customer history score: 0.80,"Checkout worth ₹3,887.72 was abandoned after 232 minutes.",checkout_hesitation,reminder,approved,recovered,3887.72,1
CASE_01545,checkout_abandonment,6962.87,Customer history score: 0.90,"Checkout worth ₹6,962.87 was abandoned after 1423 minutes.",high_intent_abandonment,targeted_reminder,approved,recovered,6962.87,1
CASE_01546,checkout_abandonment,130.31,Customer history score: 0.89,Checkout worth ₹130.31 was abandoned after 840 minutes.,high_intent_abandonment,targeted_reminder,approved,recovered,130.31,1
CASE_01547,checkout_abandonment,956.99,Customer history score: 0.69,Checkout worth ₹956.99 was abandoned after 370 minutes.,checkout_hesitation,reminder,approved,failed,0.0,0
CASE_01548,checkout_abandonment,7005.2,Customer history score: 0.69,"Checkout worth ₹7,005.20 was abandoned after 1151 minutes.",checkout_hesitation,reminder,approved,recovered,7005.2,2
CASE_01549,checkout_abandonment,48154.94,Customer history score: 0.60,"Checkout worth ₹48,154.94 was abandoned after 1269 minutes.",repeated_abandonment,stop_outreach,approved,recovered,48154.94,2
CASE_01550,checkout_abandonment,817.55,Customer history score: 0.69,Checkout worth ₹817.55 was abandoned after 548 minutes.,checkout_hesitation,reminder,approved,failed,0.0,0
CASE_01551,checkout_abandonment,5329.43,Customer history score: 0.99,"Checkout worth ₹5,329.43 was abandoned after 1344 minutes.",high_intent_abandonment,targeted_reminder,approved,failed,0.0,0
CASE_01552,checkout_abandonment,16508.7,Customer history score: 0.89,"Checkout worth ₹16,508.70 was abandoned after 1110 minutes.",high_intent_abandonment,targeted_reminder,approved,partial,11476.19,3
CASE_01553,checkout_abandonment,4395.68,Customer history score: 0.49,"Checkout worth ₹4,395.68 was abandoned after 1264 minutes.",repeated_abandonment,stop_outreach,approved,failed,0.0,0
CASE_01554,checkout_abandonment,2841.09,Customer history score: 0.49,"Checkout worth ₹2,841.09 was abandoned after 1170 minutes.",repeated_abandonment,stop_outreach,approved,failed,0.0,0
CASE_01555,checkout_abandonment,30656.88,Customer history score: 0.79,"Checkout worth ₹30,656.88 was abandoned after 594 minutes.",checkout_hesitation,reminder,approved,failed,0.0,0
CASE_01556,checkout_abandonment,112.05,Customer history score: 0.80,Checkout worth ₹112.05 was abandoned after 1080 minutes.,checkout_hesitation,reminder,approved,recovered,112.05,2
CASE_01557,checkout_abandonment,53087.63,Customer history score: 0.79,"Checkout worth ₹53,087.63 was abandoned after 181 minutes.",checkout_hesitation,reminder,approved,failed,0.0,0
CASE_01558,checkout_abandonment,304.61,Customer history score: 0.59,Checkout worth ₹304.61 was abandoned after 225 minutes.,repeated_abandonment,stop_outreach,approved,failed,0.0,0
CASE_01559,checkout_abandonment,4987.47,Customer history score: 0.59,"Checkout worth ₹4,987.47 was abandoned after 507 minutes.",repeated_abandonment,stop_outreach,approved,failed,0.0,0
CASE_01560,checkout_abandonment,728.74,Customer history score: 0.99,Checkout worth ₹728.74 was abandoned after 1288 minutes.,high_intent_abandonment,targeted_reminder,approved,recovered,728.74,1
CASE_01561,checkout_abandonment,8101.63,Customer history score: 0.79,"Checkout worth ₹8,101.63 was abandoned after 580 minutes.",checkout_hesitation,reminder,approved,recovered,8101.63,1
CASE_01562,checkout_abandonment,6824.26,Customer history score: 0.68,"Checkout worth ₹6,824.26 was abandoned after 597 minutes.",checkout_hesitation,reminder,approved,failed,0.0,0
CASE_01563,checkout_abandonment,8057.64,Customer history score: 0.70,"Checkout worth ₹8,057.64 was abandoned after 557 minutes.",checkout_hesitation,reminder,approved,recovered,8057.64,2
CASE_01564,checkout_abandonment,7031.76,Customer history score: 0.50,"Checkout worth ₹7,031.76 was abandoned after 928 minutes.",repeated_abandonment,stop_outreach,approved,failed,0.0,0
CASE_01565,checkout_abandonment,6360.29,Customer history score: 0.70,"Checkout worth ₹6,360.29 was abandoned after 405 minutes.",checkout_hesitation,reminder,approved,recovered,6360.29,1
CASE_01566,checkout_abandonment,7052.51,Customer history score: 0.59,"Checkout worth ₹7,052.51 was abandoned after 1258 minutes.",repeated_abandonment,stop_outreach,approved,failed,0.0,0
CASE_01567,checkout_abandonment,226.59,Customer history score: 0.79,Checkout worth ₹226.59 was abandoned after 883 minutes.,checkout_hesitation,reminder,approved,recovered,226.59,2
CASE_01568,checkout_abandonment,1765.41,Customer history score: 0.90,"Checkout worth ₹1,765.41 was abandoned after 1146 minutes.",high_intent_abandonment,targeted_reminder,approved,recovered,1765.41,1
CASE_01569,checkout_abandonment,6686.48,Customer history score: 0.69,"Checkout worth ₹6,686.48 was abandoned after 38 minutes.",checkout_hesitation,reminder,approved,failed,0.0,0
CASE_01570,checkout_abandonment,18467.5,Customer history score: 0.98,"Checkout worth ₹18,467.50 was abandoned after 622 minutes.",high_intent_abandonment,targeted_reminder,approved,recovered,18467.5,1
CASE_01571,checkout_abandonment,27737.77,Customer history score: 0.69,"Checkout worth ₹27,737.77 was abandoned after 1243 minutes.",checkout_hesitation,reminder,approved,recovered,27737.77,2
CASE_01572,checkout_abandonment,4019.69,Customer history score: 0.60,"Checkout worth ₹4,019.69 was abandoned after 471 minutes.",repeated_abandonment,stop_outreach,approved,failed,0.0,0
CASE_01573,checkout_abandonment,1221.76,Customer history score: 0.89,"Checkout worth ₹1,221.76 was abandoned after 499 minutes.",high_intent_abandonment,targeted_reminder,approved,failed,0.0,0
CASE_01574,checkout_abandonment,44976.04,Customer history score: 0.50,"Checkout worth ₹44,976.04 was abandoned after 508 minutes.",repeated_abandonment,stop_outreach,approved,failed,0.0,0
CASE_01575,checkout_abandonment,11877.3,Customer history score: 0.99,"Checkout worth ₹11,877.30 was abandoned after 1359 minutes.",high_intent_abandonment,targeted_reminder,approved,failed,0.0,0
CASE_01576,checkout_abandonment,13377.94,Customer history score: 0.80,"Checkout worth ₹13,377.94 was abandoned after 1187 minutes.",checkout_hesitation,reminder,approved,failed,0.0,0
CASE_01577,checkout_abandonment,363.54,Customer history score: 0.59,Checkout worth ₹363.54 was abandoned after 1083 minutes.,repeated_abandonment,stop_outreach,approved,failed,0.0,0
CASE_01578,checkout_abandonment,606.73,Customer history score: 0.99,Checkout worth ₹606.73 was abandoned after 698 minutes.,high_intent_abandonment,targeted_reminder,approved,recovered,606.73,1
CASE_01579,checkout_abandonment,16403.29,Customer history score: 0.89,"Checkout worth ₹16,403.29 was abandoned after 1283 minutes.",high_intent_abandonment,targeted_reminder,approved,failed,0.0,0
CASE_01580,checkout_abandonment,11090.46,Customer history score: 0.60,"Checkout worth ₹11,090.46 was abandoned after 1433 minutes.",repeated_abandonment,stop_outreach,approved,recovered,11090.46,1
CASE_01581,checkout_abandonment,11135.28,Customer history score: 0.69,"Checkout worth ₹11,135.28 was abandoned after 736 minutes.",checkout_hesitation,reminder,approved,recovered,11135.28,1
CASE_01582,checkout_abandonment,6192.63,Customer history score: 0.69,"Checkout worth ₹6,192.63 was abandoned after 1411 minutes.",checkout_hesitation,reminder,approved,recovered,6192.63,2
CASE_01583,checkout_abandonment,3915.94,Customer history score: 0.90,"Checkout worth ₹3,915.94 was abandoned after 661 minutes.",high_intent_abandonment,targeted_reminder,approved,recovered,3915.94,2
CASE_01584,checkout_abandonment,494.68,Customer history score: 1.00,Checkout worth ₹494.68 was abandoned after 673 minutes.,high_intent_abandonment,targeted_reminder,approved,failed,0.0,0
CASE_01585,checkout_abandonment,3449.48,Customer history score: 0.79,"Checkout worth ₹3,449.48 was abandoned after 814 minutes.",checkout_hesitation,reminder,approved,recovered,3449.48,2
CASE_01586,checkout_abandonment,134.46,Customer history score: 0.70,Checkout worth ₹134.46 was abandoned after 118 minutes.,checkout_hesitation,reminder,approved,recovered,134.46,1
CASE_01587,checkout_abandonment,422.47,Customer history score: 0.59,Checkout worth ₹422.47 was abandoned after 629 minutes.,repeated_abandonment,stop_outreach,approved,failed,0.0,0
CASE_01588,checkout_abandonment,6504.71,Customer history score: 0.59,"Checkout worth ₹6,504.71 was abandoned after 526 minutes.",repeated_abandonment,stop_outreach,approved,failed,0.0,0
CASE_01589,checkout_abandonment,819.21,Customer history score: 0.60,Checkout worth ₹819.21 was abandoned after 757 minutes.,checkout_hesitation,reminder,approved,recovered,819.21,1
CASE_01590,checkout_abandonment,6582.73,Customer history score: 0.87,"Checkout worth ₹6,582.73 was abandoned after 1152 minutes.",high_intent_abandonment,targeted_reminder,approved,recovered,6582.73,1
CASE_01591,checkout_abandonment,356.9,Customer history score: 0.59,Checkout worth ₹356.90 was abandoned after 1317 minutes.,repeated_abandonment,stop_outreach,approved,partial,152.78,3
CASE_01592,checkout_abandonment,11877.3,Customer history score: 0.99,"Checkout worth ₹11,877.30 was abandoned after 1359 minutes.",high_intent_abandonment,targeted_reminder,approved,partial,6164.11,3
CASE_01593,checkout_abandonment,15806.52,Customer history score: 0.78,"Checkout worth ₹15,806.52 was abandoned after 141 minutes.",checkout_hesitation,reminder,approved,recovered,15806.52,2
CASE_01594,checkout_abandonment,1788.65,Customer history score: 0.80,"Checkout worth ₹1,788.65 was abandoned after 377 minutes.",checkout_hesitation,reminder,approved,recovered,1788.65,1
CASE_01595,checkout_abandonment,673.96,Customer history score: 0.80,Checkout worth ₹673.96 was abandoned after 550 minutes.,checkout_hesitation,reminder,approved,failed,0.0,0
CASE_01596,checkout_abandonment,1634.27,Customer history score: 0.69,"Checkout worth ₹1,634.27 was abandoned after 974 minutes.",checkout_hesitation,reminder,approved,recovered,1634.27,1
CASE_01597,checkout_abandonment,2503.28,Customer history score: 0.79,"Checkout worth ₹2,503.28 was abandoned after 676 minutes.",checkout_hesitation,reminder,approved,recovered,2503.28,2
CASE_01598,checkout_abandonment,4715.23,Customer history score: 0.69,"Checkout worth ₹4,715.23 was abandoned after 766 minutes.",checkout_hesitation,reminder,approved,failed,0.0,0
CASE_01599,checkout_abandonment,3507.58,Customer history score: 0.50,"Checkout worth ₹3,507.58 was abandoned after 1147 minutes.",repeated_abandonment,stop_outreach,approved,failed,0.0,0
CASE_01600,checkout_abandonment,670.64,Customer history score: 0.80,Checkout worth ₹670.64 was abandoned after 1374 minutes.,high_intent_abandonment,targeted_reminder,approved,recovered,670.64,1
CASE_01601,checkout_abandonment,4634.72,Customer history score: 0.69,"Checkout worth ₹4,634.72 was abandoned after 876 minutes.",checkout_hesitation,reminder,approved,failed,0.0,0
CASE_01602,checkout_abandonment,4661.28,Customer history score: 0.79,"Checkout worth ₹4,661.28 was abandoned after 1147 minutes.",checkout_hesitation,reminder,approved,recovered,4661.28,2
CASE_01603,checkout_abandonment,8808.79,Customer history score: 0.49,"Checkout worth ₹8,808.79 was abandoned after 81 minutes.",repeated_abandonment,stop_outreach,approved,recovered,8808.79,1
CASE_01604,checkout_abandonment,6225.0,Customer history score: 0.69,"Checkout worth ₹6,225.00 was abandoned after 979 minutes.",checkout_hesitation,reminder,approved,failed,0.0,0
CASE_01605,checkout_abandonment,406.7,Customer history score: 0.78,Checkout worth ₹406.70 was abandoned after 744 minutes.,checkout_hesitation,reminder,approved,failed,0.0,0
CASE_01606,checkout_abandonment,17927.17,Customer history score: 0.90,"Checkout worth ₹17,927.17 was abandoned after 1426 minutes.",high_intent_abandonment,targeted_reminder,approved,recovered,17927.17,2
CASE_01607,checkout_abandonment,1632.61,Customer history score: 0.98,"Checkout worth ₹1,632.61 was abandoned after 765 minutes.",high_intent_abandonment,targeted_reminder,approved,partial,1040.73,1
CASE_01608,checkout_abandonment,3056.89,Customer history score: 0.59,"Checkout worth ₹3,056.89 was abandoned after 216 minutes.",repeated_abandonment,stop_outreach,approved,failed,0.0,0
CASE_01609,checkout_abandonment,9955.02,Customer history score: 0.80,"Checkout worth ₹9,955.02 was abandoned after 1209 minutes.",checkout_hesitation,reminder,approved,failed,0.0,0
CASE_01610,checkout_abandonment,4594.88,Customer history score: 0.49,"Checkout worth ₹4,594.88 was abandoned after 59 minutes.",repeated_abandonment,stop_outreach,approved,failed,0.0,0
CASE_01611,checkout_abandonment,9610.57,Customer history score: 0.99,"Checkout worth ₹9,610.57 was abandoned after 470 minutes.",high_intent_abandonment,targeted_reminder,approved,recovered,9610.57,2
CASE_01612,checkout_abandonment,2752.28,Customer history score: 0.49,"Checkout worth ₹2,752.28 was abandoned after 812 minutes.",repeated_abandonment,stop_outreach,approved,recovered,2752.28,2
CASE_01613,checkout_abandonment,7572.09,Customer history score: 0.80,"Checkout worth ₹7,572.09 was abandoned after 242 minutes.",high_intent_abandonment,targeted_reminder,approved,recovered,7572.09,1
CASE_01614,checkout_abandonment,604.24,Customer history score: 0.69,Checkout worth ₹604.24 was abandoned after 728 minutes.,checkout_hesitation,reminder,approved,failed,0.0,0
CASE_01615,checkout_abandonment,7667.54,Customer history score: 0.59,"Checkout worth ₹7,667.54 was abandoned after 1191 minutes.",repeated_abandonment,stop_outreach,approved,failed,0.0,0
CASE_01616,checkout_abandonment,18499.04,Customer history score: 0.96,"Checkout worth ₹18,499.04 was abandoned after 1270 minutes.",high_intent_abandonment,targeted_reminder,approved,recovered,18499.04,2
CASE_01617,checkout_abandonment,5983.47,Customer history score: 0.79,"Checkout worth ₹5,983.47 was abandoned after 465 minutes.",checkout_hesitation,reminder,approved,recovered,5983.47,2
CASE_01618,checkout_abandonment,849.92,Customer history score: 0.69,Checkout worth ₹849.92 was abandoned after 1374 minutes.,checkout_hesitation,reminder,approved,failed,0.0,0
CASE_01619,checkout_abandonment,449.86,Customer history score: 0.81,Checkout worth ₹449.86 was abandoned after 482 minutes.,high_intent_abandonment,targeted_reminder,approved,recovered,449.86,1
CASE_01620,checkout_abandonment,2996.3,Customer history score: 0.96,"Checkout worth ₹2,996.30 was abandoned after 36 minutes.",high_intent_abandonment,targeted_reminder,approved,recovered,2996.3,1
CASE_01621,checkout_abandonment,502.98,Customer history score: 0.69,Checkout worth ₹502.98 was abandoned after 850 minutes.,checkout_hesitation,reminder,approved,failed,0.0,0
CASE_01622,checkout_abandonment,1543.8,Customer history score: 0.79,"Checkout worth ₹1,543.80 was abandoned after 684 minutes.",checkout_hesitation,reminder,approved,recovered,1543.8,1
CASE_01623,checkout_abandonment,7261.67,Customer history score: 0.79,"Checkout worth ₹7,261.67 was abandoned after 624 minutes.",checkout_hesitation,reminder,approved,failed,0.0,0
CASE_01624,checkout_abandonment,229.91,Customer history score: 0.79,Checkout worth ₹229.91 was abandoned after 146 minutes.,checkout_hesitation,reminder,approved,partial,141.36,4
CASE_01625,checkout_abandonment,9373.19,Customer history score: 0.59,"Checkout worth ₹9,373.19 was abandoned after 823 minutes.",repeated_abandonment,stop_outreach,approved,partial,4652.11,4
CASE_01626,checkout_abandonment,3969.06,Customer history score: 0.49,"Checkout worth ₹3,969.06 was abandoned after 344 minutes.",repeated_abandonment,stop_outreach,approved,partial,1775.42,3
CASE_01627,checkout_abandonment,273.9,Customer history score: 0.79,Checkout worth ₹273.90 was abandoned after 550 minutes.,checkout_hesitation,reminder,approved,failed,0.0,0
CASE_01628,checkout_abandonment,785.18,Customer history score: 0.70,Checkout worth ₹785.18 was abandoned after 345 minutes.,checkout_hesitation,reminder,approved,recovered,785.18,1
CASE_01629,checkout_abandonment,180.11,Customer history score: 0.69,Checkout worth ₹180.11 was abandoned after 1275 minutes.,checkout_hesitation,reminder,approved,recovered,180.11,1
CASE_01630,checkout_abandonment,200.03,Customer history score: 0.59,Checkout worth ₹200.03 was abandoned after 1376 minutes.,repeated_abandonment,stop_outreach,approved,partial,50.16,4
CASE_01631,checkout_abandonment,698.03,Customer history score: 0.59,Checkout worth ₹698.03 was abandoned after 1371 minutes.,repeated_abandonment,stop_outreach,approved,failed,0.0,0
CASE_01632,checkout_abandonment,7612.76,Customer history score: 0.69,"Checkout worth ₹7,612.76 was abandoned after 229 minutes.",checkout_hesitation,reminder,approved,recovered,7612.76,2
CASE_01633,checkout_abandonment,11688.06,Customer history score: 0.60,"Checkout worth ₹11,688.06 was abandoned after 372 minutes.",checkout_hesitation,reminder,approved,recovered,11688.06,1
CASE_01634,checkout_abandonment,4735.15,Customer history score: 0.59,"Checkout worth ₹4,735.15 was abandoned after 382 minutes.",repeated_abandonment,stop_outreach,approved,recovered,4735.15,1
CASE_01635,checkout_abandonment,7263.33,Customer history score: 0.99,"Checkout worth ₹7,263.33 was abandoned after 591 minutes.",high_intent_abandonment,targeted_reminder,approved,recovered,7263.33,1
CASE_01636,checkout_abandonment,7847.65,Customer history score: 0.80,"Checkout worth ₹7,847.65 was abandoned after 425 minutes.",checkout_hesitation,reminder,approved,failed,0.0,0
CASE_01637,checkout_abandonment,713.8,Customer history score: 0.89,Checkout worth ₹713.80 was abandoned after 139 minutes.,high_intent_abandonment,targeted_reminder,approved,recovered,713.8,2
CASE_01638,checkout_abandonment,5062.17,Customer history score: 0.49,"Checkout worth ₹5,062.17 was abandoned after 1011 minutes.",repeated_abandonment,stop_outreach,approved,failed,0.0,0
CASE_01639,checkout_abandonment,9216.32,Customer history score: 0.69,"Checkout worth ₹9,216.32 was abandoned after 1086 minutes.",checkout_hesitation,reminder,approved,recovered,9216.32,1
CASE_01640,checkout_abandonment,2976.38,Customer history score: 0.70,"Checkout worth ₹2,976.38 was abandoned after 267 minutes.",checkout_hesitation,reminder,approved,failed,0.0,0
CASE_01641,checkout_abandonment,678.94,Customer history score: 0.60,Checkout worth ₹678.94 was abandoned after 215 minutes.,repeated_abandonment,stop_outreach,approved,recovered,678.94,2
CASE_01642,checkout_abandonment,480.57,Customer history score: 0.90,Checkout worth ₹480.57 was abandoned after 249 minutes.,high_intent_abandonment,targeted_reminder,approved,recovered,480.57,2
CASE_01643,checkout_abandonment,12670.78,Customer history score: 0.78,"Checkout worth ₹12,670.78 was abandoned after 83 minutes.",checkout_hesitation,reminder,approved,partial,5243.95,4
CASE_01644,checkout_abandonment,4130.91,Customer history score: 0.88,"Checkout worth ₹4,130.91 was abandoned after 1165 minutes.",high_intent_abandonment,targeted_reminder,approved,recovered,4130.91,2
CASE_01645,checkout_abandonment,809.25,Customer history score: 0.59,Checkout worth ₹809.25 was abandoned after 530 minutes.,repeated_abandonment,stop_outreach,approved,failed,0.0,0
CASE_01646,checkout_abandonment,4441.33,Customer history score: 0.79,"Checkout worth ₹4,441.33 was abandoned after 885 minutes.",checkout_hesitation,reminder,approved,recovered,4441.33,2
CASE_01647,checkout_abandonment,5530.29,Customer history score: 0.89,"Checkout worth ₹5,530.29 was abandoned after 1358 minutes.",high_intent_abandonment,targeted_reminder,approved,recovered,5530.29,2
CASE_01648,checkout_abandonment,10098.61,Customer history score: 0.69,"Checkout worth ₹10,098.61 was abandoned after 197 minutes.",checkout_hesitation,reminder,approved,recovered,10098.61,1
CASE_01649,checkout_abandonment,662.34,Customer history score: 0.79,Checkout worth ₹662.34 was abandoned after 1196 minutes.,checkout_hesitation,reminder,approved,partial,482.13,2
CASE_01650,checkout_abandonment,8095.82,Customer history score: 0.89,"Checkout worth ₹8,095.82 was abandoned after 605 minutes.",high_intent_abandonment,targeted_reminder,approved,recovered,8095.82,2
CASE_01651,checkout_abandonment,1942.2,Customer history score: 0.60,"Checkout worth ₹1,942.20 was abandoned after 749 minutes.",checkout_hesitation,reminder,approved,failed,0.0,0
CASE_01652,checkout_abandonment,6442.46,Customer history score: 0.50,"Checkout worth ₹6,442.46 was abandoned after 424 minutes.",repeated_abandonment,stop_outreach,approved,failed,0.0,0
CASE_01653,checkout_abandonment,9955.02,Customer history score: 0.80,"Checkout worth ₹9,955.02 was abandoned after 1209 minutes.",checkout_hesitation,reminder,approved,recovered,9955.02,2
CASE_01654,checkout_abandonment,163.51,Customer history score: 0.59,Checkout worth ₹163.51 was abandoned after 582 minutes.,repeated_abandonment,stop_outreach,approved,failed,0.0,0
CASE_01655,checkout_abandonment,628.31,Customer history score: 0.89,Checkout worth ₹628.31 was abandoned after 1025 minutes.,high_intent_abandonment,targeted_reminder,approved,recovered,628.31,1
CASE_01656,checkout_abandonment,6610.95,Customer history score: 0.70,"Checkout worth ₹6,610.95 was abandoned after 214 minutes.",checkout_hesitation,reminder,approved,failed,0.0,0
CASE_01657,checkout_abandonment,1834.3,Customer history score: 0.88,"Checkout worth ₹1,834.30 was abandoned after 639 minutes.",high_intent_abandonment,targeted_reminder,approved,recovered,1834.3,2
CASE_01658,checkout_abandonment,1662.49,Customer history score: 0.99,"Checkout worth ₹1,662.49 was abandoned after 39 minutes.",high_intent_abandonment,targeted_reminder,approved,recovered,1662.49,2
CASE_01659,checkout_abandonment,422.47,Customer history score: 0.59,Checkout worth ₹422.47 was abandoned after 629 minutes.,repeated_abandonment,stop_outreach,approved,failed,0.0,0
CASE_01660,checkout_abandonment,829.17,Customer history score: 0.69,Checkout worth ₹829.17 was abandoned after 1318 minutes.,checkout_hesitation,reminder,approved,partial,443.62,4
CASE_01661,checkout_abandonment,375.16,Customer history score: 0.89,Checkout worth ₹375.16 was abandoned after 648 minutes.,high_intent_abandonment,targeted_reminder,approved,failed,0.0,0
CASE_01662,checkout_abandonment,3793.93,Customer history score: 0.79,"Checkout worth ₹3,793.93 was abandoned after 421 minutes.",checkout_hesitation,reminder,approved,recovered,3793.93,2
CASE_01663,checkout_abandonment,4130.91,Customer history score: 0.88,"Checkout worth ₹4,130.91 was abandoned after 1165 minutes.",high_intent_abandonment,targeted_reminder,approved,recovered,4130.91,2
CASE_01664,checkout_abandonment,1713.95,Customer history score: 0.80,"Checkout worth ₹1,713.95 was abandoned after 1161 minutes.",high_intent_abandonment,targeted_reminder,approved,recovered,1713.95,2
CASE_01665,checkout_abandonment,822.53,Customer history score: 0.69,Checkout worth ₹822.53 was abandoned after 730 minutes.,checkout_hesitation,reminder,approved,recovered,822.53,1
CASE_01666,checkout_abandonment,4659.62,Customer history score: 0.69,"Checkout worth ₹4,659.62 was abandoned after 47 minutes.",checkout_hesitation,reminder,approved,partial,1680.99,4
CASE_01667,checkout_abandonment,12714.77,Customer history score: 0.49,"Checkout worth ₹12,714.77 was abandoned after 437 minutes.",repeated_abandonment,stop_outreach,approved,failed,0.0,0
CASE_01668,checkout_abandonment,7470.0,Customer history score: 0.69,"Checkout worth ₹7,470.00 was abandoned after 944 minutes.",checkout_hesitation,reminder,approved,failed,0.0,0
CASE_01669,checkout_abandonment,4913.6,Customer history score: 0.79,"Checkout worth ₹4,913.60 was abandoned after 1251 minutes.",checkout_hesitation,reminder,approved,recovered,4913.6,1
CASE_01670,checkout_abandonment,9183.12,Customer history score: 0.79,"Checkout worth ₹9,183.12 was abandoned after 538 minutes.",checkout_hesitation,reminder,approved,recovered,9183.12,2
CASE_01671,checkout_abandonment,8939.93,Customer history score: 0.90,"Checkout worth ₹8,939.93 was abandoned after 516 minutes.",high_intent_abandonment,targeted_reminder,approved,partial,4337.23,2
CASE_01672,checkout_abandonment,488.87,Customer history score: 0.69,Checkout worth ₹488.87 was abandoned after 182 minutes.,checkout_hesitation,reminder,approved,recovered,488.87,1
CASE_01673,checkout_abandonment,28376.04,Customer history score: 0.89,"Checkout worth ₹28,376.04 was abandoned after 992 minutes.",high_intent_abandonment,targeted_reminder,approved,recovered,28376.04,2
CASE_01674,checkout_abandonment,12376.13,Customer history score: 0.59,"Checkout worth ₹12,376.13 was abandoned after 165 minutes.",repeated_abandonment,stop_outreach,approved,failed,0.0,0
CASE_01675,checkout_abandonment,5867.27,Customer history score: 0.79,"Checkout worth ₹5,867.27 was abandoned after 1172 minutes.",checkout_hesitation,reminder,approved,partial,3522.36,1
CASE_01676,checkout_abandonment,4629.74,Customer history score: 0.80,"Checkout worth ₹4,629.74 was abandoned after 1270 minutes.",high_intent_abandonment,targeted_reminder,approved,recovered,4629.74,2
CASE_01677,checkout_abandonment,122.01,Customer history score: 0.98,Checkout worth ₹122.01 was abandoned after 89 minutes.,high_intent_abandonment,targeted_reminder,approved,recovered,122.01,2
CASE_01678,checkout_abandonment,5918.73,Customer history score: 0.59,"Checkout worth ₹5,918.73 was abandoned after 1066 minutes.",repeated_abandonment,stop_outreach,approved,failed,0.0,0
CASE_01679,checkout_abandonment,2278.35,Customer history score: 0.70,"Checkout worth ₹2,278.35 was abandoned after 615 minutes.",checkout_hesitation,reminder,approved,partial,1068.36,2
CASE_01680,checkout_abandonment,3463.59,Customer history score: 0.80,"Checkout worth ₹3,463.59 was abandoned after 516 minutes.",checkout_hesitation,reminder,approved,recovered,3463.59,2
CASE_01681,checkout_abandonment,105.41,Customer history score: 0.79,Checkout worth ₹105.41 was abandoned after 189 minutes.,checkout_hesitation,reminder,approved,failed,0.0,0
CASE_01682,checkout_abandonment,6693.12,Customer history score: 0.80,"Checkout worth ₹6,693.12 was abandoned after 814 minutes.",high_intent_abandonment,targeted_reminder,approved,failed,0.0,0
CASE_01683,checkout_abandonment,7322.26,Customer history score: 0.89,"Checkout worth ₹7,322.26 was abandoned after 417 minutes.",high_intent_abandonment,targeted_reminder,approved,recovered,7322.26,1
CASE_01684,checkout_abandonment,1225.91,Customer history score: 0.79,"Checkout worth ₹1,225.91 was abandoned after 1101 minutes.",checkout_hesitation,reminder,approved,recovered,1225.91,2
CASE_01685,checkout_abandonment,284.69,Customer history score: 0.80,Checkout worth ₹284.69 was abandoned after 1000 minutes.,checkout_hesitation,reminder,approved,failed,0.0,0
CASE_01686,checkout_abandonment,193.39,Customer history score: 0.69,Checkout worth ₹193.39 was abandoned after 506 minutes.,checkout_hesitation,reminder,approved,failed,0.0,0
CASE_01687,checkout_abandonment,1514.75,Customer history score: 0.90,"Checkout worth ₹1,514.75 was abandoned after 545 minutes.",high_intent_abandonment,targeted_reminder,approved,recovered,1514.75,1
CASE_01688,checkout_abandonment,11133.62,Customer history score: 0.89,"Checkout worth ₹11,133.62 was abandoned after 651 minutes.",high_intent_abandonment,targeted_reminder,approved,recovered,11133.62,2
CASE_01689,checkout_abandonment,7109.78,Customer history score: 0.99,"Checkout worth ₹7,109.78 was abandoned after 332 minutes.",high_intent_abandonment,targeted_reminder,approved,failed,0.0,0
CASE_01690,checkout_abandonment,221.61,Customer history score: 0.89,Checkout worth ₹221.61 was abandoned after 53 minutes.,high_intent_abandonment,targeted_reminder,approved,recovered,221.61,2
CASE_01691,checkout_abandonment,777.71,Customer history score: 0.99,Checkout worth ₹777.71 was abandoned after 627 minutes.,high_intent_abandonment,targeted_reminder,approved,recovered,777.71,1
CASE_01692,checkout_abandonment,3222.89,Customer history score: 0.98,"Checkout worth ₹3,222.89 was abandoned after 454 minutes.",high_intent_abandonment,targeted_reminder,approved,partial,978.27,4
CASE_01693,checkout_abandonment,4210.59,Customer history score: 0.79,"Checkout worth ₹4,210.59 was abandoned after 1395 minutes.",checkout_hesitation,reminder,approved,partial,1447.69,2
CASE_01694,checkout_abandonment,464.8,Customer history score: 0.69,Checkout worth ₹464.80 was abandoned after 567 minutes.,checkout_hesitation,reminder,approved,partial,266.55,2
CASE_01695,checkout_abandonment,4661.28,Customer history score: 0.79,"Checkout worth ₹4,661.28 was abandoned after 1147 minutes.",checkout_hesitation,reminder,approved,recovered,4661.28,1
CASE_01696,checkout_abandonment,652.38,Customer history score: 0.69,Checkout worth ₹652.38 was abandoned after 1044 minutes.,checkout_hesitation,reminder,approved,failed,0.0,0
CASE_01697,checkout_abandonment,756.96,Customer history score: 0.59,Checkout worth ₹756.96 was abandoned after 1339 minutes.,repeated_abandonment,stop_outreach,approved,failed,0.0,0
CASE_01698,checkout_abandonment,15179.87,Customer history score: 0.50,"Checkout worth ₹15,179.87 was abandoned after 140 minutes.",repeated_abandonment,stop_outreach,approved,failed,0.0,0
CASE_01699,checkout_abandonment,9566.58,Customer history score: 0.79,"Checkout worth ₹9,566.58 was abandoned after 829 minutes.",checkout_hesitation,reminder,approved,failed,0.0,0
CASE_01700,checkout_abandonment,452.35,Customer history score: 0.50,Checkout worth ₹452.35 was abandoned after 897 minutes.,repeated_abandonment,stop_outreach,approved,failed,0.0,0
CASE_01701,checkout_abandonment,4227.19,Customer history score: 0.49,"Checkout worth ₹4,227.19 was abandoned after 733 minutes.",repeated_abandonment,stop_outreach,approved,partial,1520.05,3
CASE_01702,checkout_abandonment,3007.92,Customer history score: 0.90,"Checkout worth ₹3,007.92 was abandoned after 706 minutes.",high_intent_abandonment,targeted_reminder,approved,recovered,3007.92,2
CASE_01703,checkout_abandonment,6225.0,Customer history score: 0.69,"Checkout worth ₹6,225.00 was abandoned after 979 minutes.",checkout_hesitation,reminder,approved,recovered,6225.0,2
CASE_01704,checkout_abandonment,18667.53,Customer history score: 0.98,"Checkout worth ₹18,667.53 was abandoned after 803 minutes.",high_intent_abandonment,targeted_reminder,approved,recovered,18667.53,1
CASE_01705,checkout_abandonment,4106.84,Customer history score: 0.87,"Checkout worth ₹4,106.84 was abandoned after 1231 minutes.",high_intent_abandonment,targeted_reminder,approved,failed,0.0,0
CASE_01706,checkout_abandonment,6847.5,Customer history score: 0.49,"Checkout worth ₹6,847.50 was abandoned after 522 minutes.",repeated_abandonment,stop_outreach,approved,failed,0.0,0
CASE_01707,checkout_abandonment,3532.48,Customer history score: 0.89,"Checkout worth ₹3,532.48 was abandoned after 792 minutes.",high_intent_abandonment,targeted_reminder,approved,failed,0.0,0
CASE_01708,checkout_abandonment,12161.99,Customer history score: 0.98,"Checkout worth ₹12,161.99 was abandoned after 218 minutes.",high_intent_abandonment,targeted_reminder,approved,recovered,12161.99,1
CASE_01709,checkout_abandonment,6227.49,Customer history score: 0.98,"Checkout worth ₹6,227.49 was abandoned after 529 minutes.",high_intent_abandonment,targeted_reminder,approved,failed,0.0,0
CASE_01710,checkout_abandonment,2503.28,Customer history score: 0.79,"Checkout worth ₹2,503.28 was abandoned after 676 minutes.",checkout_hesitation,reminder,approved,failed,0.0,0
CASE_01711,checkout_abandonment,8711.68,Customer history score: 0.69,"Checkout worth ₹8,711.68 was abandoned after 800 minutes.",checkout_hesitation,reminder,approved,recovered,8711.68,2
CASE_01712,checkout_abandonment,885.61,Customer history score: 0.89,Checkout worth ₹885.61 was abandoned after 923 minutes.,high_intent_abandonment,targeted_reminder,approved,recovered,885.61,1
CASE_01713,checkout_abandonment,8109.93,Customer history score: 0.79,"Checkout worth ₹8,109.93 was abandoned after 735 minutes.",checkout_hesitation,reminder,approved,failed,0.0,0
CASE_01714,checkout_abandonment,8755.67,Customer history score: 0.80,"Checkout worth ₹8,755.67 was abandoned after 866 minutes.",checkout_hesitation,reminder,approved,recovered,8755.67,2
CASE_01715,checkout_abandonment,579.34,Customer history score: 0.70,Checkout worth ₹579.34 was abandoned after 715 minutes.,checkout_hesitation,reminder,approved,failed,0.0,0
CASE_01716,checkout_abandonment,4290.27,Customer history score: 0.87,"Checkout worth ₹4,290.27 was abandoned after 845 minutes.",high_intent_abandonment,targeted_reminder,approved,recovered,4290.27,2
CASE_01717,checkout_abandonment,334.49,Customer history score: 0.98,Checkout worth ₹334.49 was abandoned after 228 minutes.,high_intent_abandonment,targeted_reminder,approved,recovered,334.49,2
CASE_01718,checkout_abandonment,591.79,Customer history score: 0.69,Checkout worth ₹591.79 was abandoned after 799 minutes.,checkout_hesitation,reminder,approved,recovered,591.79,1
CASE_01719,checkout_abandonment,695.54,Customer history score: 0.49,Checkout worth ₹695.54 was abandoned after 678 minutes.,repeated_abandonment,stop_outreach,approved,failed,0.0,0
CASE_01720,checkout_abandonment,3442.01,Customer history score: 0.70,"Checkout worth ₹3,442.01 was abandoned after 634 minutes.",checkout_hesitation,reminder,approved,failed,0.0,0
CASE_01721,checkout_abandonment,6613.44,Customer history score: 1.00,"Checkout worth ₹6,613.44 was abandoned after 972 minutes.",high_intent_abandonment,targeted_reminder,approved,recovered,6613.44,2
CASE_01722,checkout_abandonment,502.98,Customer history score: 0.69,Checkout worth ₹502.98 was abandoned after 502 minutes.,checkout_hesitation,reminder,approved,failed,0.0,0
CASE_01723,checkout_abandonment,3046.1,Customer history score: 0.69,"Checkout worth ₹3,046.10 was abandoned after 911 minutes.",checkout_hesitation,reminder,approved,recovered,3046.1,1
CASE_01724,checkout_abandonment,109.56,Customer history score: 0.69,Checkout worth ₹109.56 was abandoned after 1409 minutes.,checkout_hesitation,reminder,approved,recovered,109.56,1
CASE_01725,checkout_abandonment,6204.25,Customer history score: 0.79,"Checkout worth ₹6,204.25 was abandoned after 115 minutes.",checkout_hesitation,reminder,approved,recovered,6204.25,1
CASE_01726,checkout_abandonment,4919.41,Customer history score: 0.70,"Checkout worth ₹4,919.41 was abandoned after 1322 minutes.",checkout_hesitation,reminder,approved,failed,0.0,0
CASE_01727,checkout_abandonment,7904.09,Customer history score: 0.69,"Checkout worth ₹7,904.09 was abandoned after 206 minutes.",checkout_hesitation,reminder,approved,partial,3034.39,3
CASE_01728,checkout_abandonment,9740.88,Customer history score: 0.90,"Checkout worth ₹9,740.88 was abandoned after 1216 minutes.",high_intent_abandonment,targeted_reminder,approved,recovered,9740.88,1
CASE_01729,checkout_abandonment,3297.59,Customer history score: 0.89,"Checkout worth ₹3,297.59 was abandoned after 909 minutes.",high_intent_abandonment,targeted_reminder,approved,recovered,3297.59,2
CASE_01730,checkout_abandonment,7723.15,Customer history score: 0.80,"Checkout worth ₹7,723.15 was abandoned after 1302 minutes.",checkout_hesitation,reminder,approved,failed,0.0,0
CASE_01731,checkout_abandonment,64625.46,Customer history score: 0.99,"Checkout worth ₹64,625.46 was abandoned after 1036 minutes.",high_intent_abandonment,targeted_reminder,approved,recovered,64625.46,1
CASE_01732,checkout_abandonment,406.7,Customer history score: 0.80,Checkout worth ₹406.70 was abandoned after 1122 minutes.,high_intent_abandonment,targeted_reminder,approved,recovered,406.7,2
CASE_01733,checkout_abandonment,1743.0,Customer history score: 0.70,"Checkout worth ₹1,743.00 was abandoned after 118 minutes.",checkout_hesitation,reminder,approved,recovered,1743.0,2
CASE_01734,checkout_abandonment,387.61,Customer history score: 0.70,Checkout worth ₹387.61 was abandoned after 1032 minutes.,checkout_hesitation,reminder,approved,partial,231.42,2
CASE_01735,checkout_abandonment,6086.39,Customer history score: 0.98,"Checkout worth ₹6,086.39 was abandoned after 773 minutes.",high_intent_abandonment,targeted_reminder,approved,recovered,6086.39,2
CASE_01736,checkout_abandonment,352.75,Customer history score: 0.79,Checkout worth ₹352.75 was abandoned after 1415 minutes.,checkout_hesitation,reminder,approved,failed,0.0,0
CASE_01737,checkout_abandonment,56182.7,Customer history score: 0.98,"Checkout worth ₹56,182.70 was abandoned after 746 minutes.",high_intent_abandonment,targeted_reminder,approved,recovered,56182.7,1
CASE_01738,checkout_abandonment,10879.64,Customer history score: 0.89,"Checkout worth ₹10,879.64 was abandoned after 807 minutes.",high_intent_abandonment,targeted_reminder,approved,partial,4932.59,4
CASE_01739,checkout_abandonment,16232.31,Customer history score: 0.50,"Checkout worth ₹16,232.31 was abandoned after 128 minutes.",repeated_abandonment,stop_outreach,approved,failed,0.0,0
CASE_01740,checkout_abandonment,4974.19,Customer history score: 0.59,"Checkout worth ₹4,974.19 was abandoned after 237 minutes.",repeated_abandonment,stop_outreach,approved,recovered,4974.19,2
CASE_01741,checkout_abandonment,133.63,Customer history score: 0.60,Checkout worth ₹133.63 was abandoned after 644 minutes.,repeated_abandonment,stop_outreach,approved,failed,0.0,0
CASE_01742,checkout_abandonment,527.05,Customer history score: 0.96,Checkout worth ₹527.05 was abandoned after 1068 minutes.,high_intent_abandonment,targeted_reminder,approved,failed,0.0,0
CASE_01743,checkout_abandonment,2487.51,Customer history score: 0.59,"Checkout worth ₹2,487.51 was abandoned after 536 minutes.",repeated_abandonment,stop_outreach,approved,failed,0.0,0
CASE_01744,checkout_abandonment,5023.16,Customer history score: 0.59,"Checkout worth ₹5,023.16 was abandoned after 602 minutes.",repeated_abandonment,stop_outreach,approved,recovered,5023.16,2
CASE_01745,checkout_abandonment,6288.91,Customer history score: 0.70,"Checkout worth ₹6,288.91 was abandoned after 599 minutes.",checkout_hesitation,reminder,approved,partial,2557.97,4
CASE_01746,checkout_abandonment,6941.29,Customer history score: 0.79,"Checkout worth ₹6,941.29 was abandoned after 1031 minutes.",checkout_hesitation,reminder,approved,recovered,6941.29,2
CASE_01747,checkout_abandonment,4987.47,Customer history score: 0.59,"Checkout worth ₹4,987.47 was abandoned after 507 minutes.",repeated_abandonment,stop_outreach,approved,recovered,4987.47,1
CASE_01748,checkout_abandonment,1657.51,Customer history score: 0.80,"Checkout worth ₹1,657.51 was abandoned after 844 minutes.",high_intent_abandonment,targeted_reminder,approved,recovered,1657.51,1
CASE_01749,checkout_abandonment,1455.82,Customer history score: 0.59,"Checkout worth ₹1,455.82 was abandoned after 1206 minutes.",repeated_abandonment,stop_outreach,approved,failed,0.0,0
CASE_01750,checkout_abandonment,822.53,Customer history score: 0.69,Checkout worth ₹822.53 was abandoned after 730 minutes.,checkout_hesitation,reminder,approved,failed,0.0,0
CASE_01751,checkout_abandonment,130.31,Customer history score: 0.89,Checkout worth ₹130.31 was abandoned after 840 minutes.,high_intent_abandonment,targeted_reminder,approved,recovered,130.31,1
CASE_01752,checkout_abandonment,10659.69,Customer history score: 0.69,"Checkout worth ₹10,659.69 was abandoned after 1357 minutes.",checkout_hesitation,reminder,approved,failed,0.0,0
CASE_01753,checkout_abandonment,4987.47,Customer history score: 0.59,"Checkout worth ₹4,987.47 was abandoned after 507 minutes.",repeated_abandonment,stop_outreach,approved,recovered,4987.47,1
CASE_01754,checkout_abandonment,2057.57,Customer history score: 0.89,"Checkout worth ₹2,057.57 was abandoned after 548 minutes.",high_intent_abandonment,targeted_reminder,approved,recovered,2057.57,1
CASE_01755,checkout_abandonment,3507.58,Customer history score: 0.50,"Checkout worth ₹3,507.58 was abandoned after 1147 minutes.",repeated_abandonment,stop_outreach,approved,recovered,3507.58,1
CASE_01756,checkout_abandonment,380.97,Customer history score: 0.49,Checkout worth ₹380.97 was abandoned after 30 minutes.,repeated_abandonment,stop_outreach,approved,failed,0.0,0
CASE_01757,checkout_abandonment,10711.98,Customer history score: 0.60,"Checkout worth ₹10,711.98 was abandoned after 631 minutes.",checkout_hesitation,reminder,approved,recovered,10711.98,1
CASE_01758,checkout_abandonment,4723.53,Customer history score: 0.79,"Checkout worth ₹4,723.53 was abandoned after 552 minutes.",checkout_hesitation,reminder,approved,partial,3183.1,4
CASE_01759,checkout_abandonment,23304.74,Customer history score: 0.89,"Checkout worth ₹23,304.74 was abandoned after 78 minutes.",high_intent_abandonment,targeted_reminder,approved,recovered,23304.74,2
CASE_01760,checkout_abandonment,13948.15,Customer history score: 0.69,"Checkout worth ₹13,948.15 was abandoned after 905 minutes.",checkout_hesitation,reminder,approved,failed,0.0,0
CASE_01761,checkout_abandonment,141.1,Customer history score: 0.98,Checkout worth ₹141.10 was abandoned after 835 minutes.,high_intent_abandonment,targeted_reminder,approved,recovered,141.1,2
CASE_01762,checkout_abandonment,5351.01,Customer history score: 0.90,"Checkout worth ₹5,351.01 was abandoned after 745 minutes.",high_intent_abandonment,targeted_reminder,approved,recovered,5351.01,2
CASE_01763,checkout_abandonment,4186.52,Customer history score: 0.69,"Checkout worth ₹4,186.52 was abandoned after 1048 minutes.",checkout_hesitation,reminder,approved,recovered,4186.52,2
CASE_01764,checkout_abandonment,7452.57,Customer history score: 0.79,"Checkout worth ₹7,452.57 was abandoned after 405 minutes.",checkout_hesitation,reminder,approved,recovered,7452.57,2
CASE_01765,checkout_abandonment,8875.19,Customer history score: 0.79,"Checkout worth ₹8,875.19 was abandoned after 459 minutes.",checkout_hesitation,reminder,approved,partial,5608.56,2
CASE_01766,checkout_abandonment,17368.58,Customer history score: 1.00,"Checkout worth ₹17,368.58 was abandoned after 747 minutes.",high_intent_abandonment,targeted_reminder,approved,failed,0.0,0
CASE_01767,checkout_abandonment,6101.33,Customer history score: 0.59,"Checkout worth ₹6,101.33 was abandoned after 899 minutes.",repeated_abandonment,stop_outreach,approved,recovered,6101.33,2
CASE_01768,checkout_abandonment,2635.25,Customer history score: 0.89,"Checkout worth ₹2,635.25 was abandoned after 1159 minutes.",high_intent_abandonment,targeted_reminder,approved,recovered,2635.25,1
CASE_01769,checkout_abandonment,4728.51,Customer history score: 0.69,"Checkout worth ₹4,728.51 was abandoned after 1011 minutes.",checkout_hesitation,reminder,approved,failed,0.0,0
CASE_01770,checkout_abandonment,3652.83,Customer history score: 0.79,"Checkout worth ₹3,652.83 was abandoned after 164 minutes.",checkout_hesitation,reminder,approved,failed,0.0,0
CASE_01771,checkout_abandonment,10908.69,Customer history score: 0.49,"Checkout worth ₹10,908.69 was abandoned after 392 minutes.",repeated_abandonment,stop_outreach,approved,recovered,10908.69,1
CASE_01772,checkout_abandonment,1759.6,Customer history score: 0.89,"Checkout worth ₹1,759.60 was abandoned after 1297 minutes.",high_intent_abandonment,targeted_reminder,approved,recovered,1759.6,2
CASE_01773,checkout_abandonment,12977.05,Customer history score: 0.80,"Checkout worth ₹12,977.05 was abandoned after 1172 minutes.",high_intent_abandonment,targeted_reminder,approved,failed,0.0,0
CASE_01774,checkout_abandonment,847.43,Customer history score: 0.90,Checkout worth ₹847.43 was abandoned after 1134 minutes.,high_intent_abandonment,targeted_reminder,approved,recovered,847.43,2
CASE_01775,checkout_abandonment,805.1,Customer history score: 0.79,Checkout worth ₹805.10 was abandoned after 340 minutes.,checkout_hesitation,reminder,approved,recovered,805.1,1
CASE_01776,checkout_abandonment,10575.86,Customer history score: 0.79,"Checkout worth ₹10,575.86 was abandoned after 1277 minutes.",checkout_hesitation,reminder,approved,failed,0.0,0
CASE_01777,checkout_abandonment,600.09,Customer history score: 0.79,Checkout worth ₹600.09 was abandoned after 592 minutes.,checkout_hesitation,reminder,approved,failed,0.0,0
CASE_01778,checkout_abandonment,4153.32,Customer history score: 0.60,"Checkout worth ₹4,153.32 was abandoned after 130 minutes.",repeated_abandonment,stop_outreach,approved,failed,0.0,0
CASE_01779,checkout_abandonment,6528.78,Customer history score: 0.69,"Checkout worth ₹6,528.78 was abandoned after 623 minutes.",checkout_hesitation,reminder,approved,recovered,6528.78,2
CASE_01780,checkout_abandonment,7111.44,Customer history score: 0.69,"Checkout worth ₹7,111.44 was abandoned after 1107 minutes.",checkout_hesitation,reminder,approved,failed,0.0,0
CASE_01781,checkout_abandonment,4477.02,Customer history score: 0.70,"Checkout worth ₹4,477.02 was abandoned after 514 minutes.",checkout_hesitation,reminder,approved,recovered,4477.02,2
CASE_01782,checkout_abandonment,4968.38,Customer history score: 0.99,"Checkout worth ₹4,968.38 was abandoned after 1104 minutes.",high_intent_abandonment,targeted_reminder,approved,recovered,4968.38,1
CASE_01783,checkout_abandonment,6279.78,Customer history score: 0.50,"Checkout worth ₹6,279.78 was abandoned after 244 minutes.",repeated_abandonment,stop_outreach,approved,failed,0.0,0
CASE_01784,checkout_abandonment,781.86,Customer history score: 0.79,Checkout worth ₹781.86 was abandoned after 692 minutes.,checkout_hesitation,reminder,approved,failed,0.0,0
CASE_01785,checkout_abandonment,6064.81,Customer history score: 0.50,"Checkout worth ₹6,064.81 was abandoned after 884 minutes.",repeated_abandonment,stop_outreach,approved,failed,0.0,0
CASE_01786,checkout_abandonment,773.56,Customer history score: 0.59,Checkout worth ₹773.56 was abandoned after 265 minutes.,repeated_abandonment,stop_outreach,approved,failed,0.0,0
CASE_01787,checkout_abandonment,5919.56,Customer history score: 0.60,"Checkout worth ₹5,919.56 was abandoned after 253 minutes.",repeated_abandonment,stop_outreach,approved,failed,0.0,0
CASE_01788,checkout_abandonment,7035.91,Customer history score: 0.49,"Checkout worth ₹7,035.91 was abandoned after 767 minutes.",repeated_abandonment,stop_outreach,approved,failed,0.0,0
CASE_01789,checkout_abandonment,5404.96,Customer history score: 0.89,"Checkout worth ₹5,404.96 was abandoned after 653 minutes.",high_intent_abandonment,targeted_reminder,approved,recovered,5404.96,1
CASE_01790,checkout_abandonment,4728.51,Customer history score: 0.69,"Checkout worth ₹4,728.51 was abandoned after 1011 minutes.",checkout_hesitation,reminder,approved,recovered,4728.51,1
CASE_01791,checkout_abandonment,3947.48,Customer history score: 0.70,"Checkout worth ₹3,947.48 was abandoned after 232 minutes.",checkout_hesitation,reminder,approved,recovered,3947.48,2
CASE_01792,checkout_abandonment,6086.39,Customer history score: 0.98,"Checkout worth ₹6,086.39 was abandoned after 773 minutes.",high_intent_abandonment,targeted_reminder,approved,recovered,6086.39,1
CASE_01793,checkout_abandonment,3815.51,Customer history score: 0.69,"Checkout worth ₹3,815.51 was abandoned after 74 minutes.",checkout_hesitation,reminder,approved,partial,1784.66,2
CASE_01794,checkout_abandonment,6086.39,Customer history score: 0.98,"Checkout worth ₹6,086.39 was abandoned after 773 minutes.",high_intent_abandonment,targeted_reminder,approved,recovered,6086.39,1
CASE_01795,checkout_abandonment,5828.26,Customer history score: 0.79,"Checkout worth ₹5,828.26 was abandoned after 631 minutes.",checkout_hesitation,reminder,approved,recovered,5828.26,1
CASE_01796,checkout_abandonment,6619.25,Customer history score: 0.59,"Checkout worth ₹6,619.25 was abandoned after 809 minutes.",repeated_abandonment,stop_outreach,approved,recovered,6619.25,2
CASE_01797,checkout_abandonment,3210.44,Customer history score: 0.89,"Checkout worth ₹3,210.44 was abandoned after 407 minutes.",high_intent_abandonment,targeted_reminder,approved,recovered,3210.44,1
CASE_01798,checkout_abandonment,4413.94,Customer history score: 0.89,"Checkout worth ₹4,413.94 was abandoned after 1258 minutes.",high_intent_abandonment,targeted_reminder,approved,recovered,4413.94,2
CASE_01799,checkout_abandonment,14505.91,Customer history score: 0.96,"Checkout worth ₹14,505.91 was abandoned after 433 minutes.",high_intent_abandonment,targeted_reminder,approved,recovered,14505.91,1
CASE_01800,checkout_abandonment,727.08,Customer history score: 0.90,Checkout worth ₹727.08 was abandoned after 839 minutes.,high_intent_abandonment,targeted_reminder,approved,failed,0.0,0
CASE_01801,checkout_abandonment,180.11,Customer history score: 1.00,Checkout worth ₹180.11 was abandoned after 686 minutes.,high_intent_abandonment,targeted_reminder,approved,recovered,180.11,2
CASE_01802,checkout_abandonment,449.03,Customer history score: 0.69,Checkout worth ₹449.03 was abandoned after 1214 minutes.,checkout_hesitation,reminder,approved,failed,0.0,0
CASE_01803,checkout_abandonment,1445.86,Customer history score: 0.79,"Checkout worth ₹1,445.86 was abandoned after 1133 minutes.",checkout_hesitation,reminder,approved,recovered,1445.86,1
CASE_01804,checkout_abandonment,3081.79,Customer history score: 0.79,"Checkout worth ₹3,081.79 was abandoned after 170 minutes.",checkout_hesitation,reminder,approved,failed,0.0,0
CASE_01805,checkout_abandonment,10715.3,Customer history score: 0.99,"Checkout worth ₹10,715.30 was abandoned after 1177 minutes.",high_intent_abandonment,targeted_reminder,approved,recovered,10715.3,2
CASE_01806,checkout_abandonment,2104.05,Customer history score: 0.49,"Checkout worth ₹2,104.05 was abandoned after 486 minutes.",repeated_abandonment,stop_outreach,approved,failed,0.0,0
CASE_01807,checkout_abandonment,614.2,Customer history score: 1.00,Checkout worth ₹614.20 was abandoned after 554 minutes.,high_intent_abandonment,targeted_reminder,approved,recovered,614.2,1
CASE_01808,checkout_abandonment,8004.52,Customer history score: 0.69,"Checkout worth ₹8,004.52 was abandoned after 1178 minutes.",checkout_hesitation,reminder,approved,recovered,8004.52,1
CASE_01809,checkout_abandonment,6920.54,Customer history score: 0.89,"Checkout worth ₹6,920.54 was abandoned after 506 minutes.",high_intent_abandonment,targeted_reminder,approved,recovered,6920.54,2
CASE_01810,checkout_abandonment,86788.95,Customer history score: 0.69,"Checkout worth ₹86,788.95 was abandoned after 1095 minutes.",checkout_hesitation,reminder,approved,recovered,86788.95,1
CASE_01811,checkout_abandonment,2791.29,Customer history score: 0.98,"Checkout worth ₹2,791.29 was abandoned after 161 minutes.",high_intent_abandonment,targeted_reminder,approved,partial,1321.19,2
CASE_01812,checkout_abandonment,6506.37,Customer history score: 0.89,"Checkout worth ₹6,506.37 was abandoned after 1246 minutes.",high_intent_abandonment,targeted_reminder,approved,recovered,6506.37,1
CASE_01813,checkout_abandonment,6279.78,Customer history score: 0.50,"Checkout worth ₹6,279.78 was abandoned after 244 minutes.",repeated_abandonment,stop_outreach,approved,failed,0.0,0
CASE_01814,checkout_abandonment,772.73,Customer history score: 0.79,Checkout worth ₹772.73 was abandoned after 274 minutes.,checkout_hesitation,reminder,approved,failed,0.0,0
CASE_01815,checkout_abandonment,470.61,Customer history score: 0.59,Checkout worth ₹470.61 was abandoned after 178 minutes.,repeated_abandonment,stop_outreach,approved,partial,203.78,2
CASE_01816,checkout_abandonment,158.53,Customer history score: 0.88,Checkout worth ₹158.53 was abandoned after 553 minutes.,high_intent_abandonment,targeted_reminder,approved,recovered,158.53,2
CASE_01817,checkout_abandonment,415.0,Customer history score: 0.68,Checkout worth ₹415.00 was abandoned after 299 minutes.,checkout_hesitation,reminder,approved,recovered,415.0,2
CASE_01818,checkout_abandonment,1767.9,Customer history score: 0.50,"Checkout worth ₹1,767.90 was abandoned after 876 minutes.",repeated_abandonment,stop_outreach,approved,failed,0.0,0
CASE_01819,checkout_abandonment,4435.52,Customer history score: 0.89,"Checkout worth ₹4,435.52 was abandoned after 985 minutes.",high_intent_abandonment,targeted_reminder,approved,recovered,4435.52,1
CASE_01820,checkout_abandonment,126.16,Customer history score: 0.79,Checkout worth ₹126.16 was abandoned after 70 minutes.,checkout_hesitation,reminder,approved,failed,0.0,0
CASE_01821,checkout_abandonment,7389.49,Customer history score: 0.79,"Checkout worth ₹7,389.49 was abandoned after 1266 minutes.",checkout_hesitation,reminder,approved,failed,0.0,0
CASE_01822,checkout_abandonment,4902.81,Customer history score: 0.49,"Checkout worth ₹4,902.81 was abandoned after 1436 minutes.",repeated_abandonment,stop_outreach,approved,failed,0.0,0
CASE_01823,checkout_abandonment,1455.82,Customer history score: 0.59,"Checkout worth ₹1,455.82 was abandoned after 1206 minutes.",repeated_abandonment,stop_outreach,approved,failed,0.0,0
CASE_01824,checkout_abandonment,6529.61,Customer history score: 0.69,"Checkout worth ₹6,529.61 was abandoned after 51 minutes.",checkout_hesitation,reminder,approved,failed,0.0,0
CASE_01825,checkout_abandonment,329.51,Customer history score: 0.79,Checkout worth ₹329.51 was abandoned after 306 minutes.,checkout_hesitation,reminder,approved,recovered,329.51,1
CASE_01826,checkout_abandonment,4594.88,Customer history score: 0.49,"Checkout worth ₹4,594.88 was abandoned after 59 minutes.",repeated_abandonment,stop_outreach,approved,failed,0.0,0
CASE_01827,checkout_abandonment,297.97,Customer history score: 0.60,Checkout worth ₹297.97 was abandoned after 1098 minutes.,repeated_abandonment,stop_outreach,approved,failed,0.0,0
CASE_01828,checkout_abandonment,7693.27,Customer history score: 0.69,"Checkout worth ₹7,693.27 was abandoned after 1399 minutes.",checkout_hesitation,reminder,approved,failed,0.0,0
CASE_01829,checkout_abandonment,4510.22,Customer history score: 0.70,"Checkout worth ₹4,510.22 was abandoned after 824 minutes.",checkout_hesitation,reminder,approved,failed,0.0,0
CASE_01830,checkout_abandonment,3259.41,Customer history score: 0.80,"Checkout worth ₹3,259.41 was abandoned after 73 minutes.",checkout_hesitation,reminder,approved,partial,2327.4,4
CASE_01831,checkout_abandonment,2125.63,Customer history score: 0.89,"Checkout worth ₹2,125.63 was abandoned after 948 minutes.",high_intent_abandonment,targeted_reminder,approved,recovered,2125.63,2
CASE_01832,checkout_abandonment,304.61,Customer history score: 0.59,Checkout worth ₹304.61 was abandoned after 225 minutes.,repeated_abandonment,stop_outreach,approved,failed,0.0,0
CASE_01833,checkout_abandonment,11259.78,Customer history score: 0.90,"Checkout worth ₹11,259.78 was abandoned after 1184 minutes.",high_intent_abandonment,targeted_reminder,approved,recovered,11259.78,1
CASE_01834,checkout_abandonment,7604.46,Customer history score: 0.88,"Checkout worth ₹7,604.46 was abandoned after 1268 minutes.",high_intent_abandonment,targeted_reminder,approved,recovered,7604.46,1
CASE_01835,checkout_abandonment,2948.16,Customer history score: 0.59,"Checkout worth ₹2,948.16 was abandoned after 114 minutes.",repeated_abandonment,stop_outreach,approved,failed,0.0,0
CASE_01836,checkout_abandonment,699.69,Customer history score: 0.59,Checkout worth ₹699.69 was abandoned after 364 minutes.,repeated_abandonment,stop_outreach,approved,failed,0.0,0
CASE_01837,checkout_abandonment,349.43,Customer history score: 0.80,Checkout worth ₹349.43 was abandoned after 949 minutes.,checkout_hesitation,reminder,approved,recovered,349.43,2
CASE_01838,checkout_abandonment,2906.66,Customer history score: 0.98,"Checkout worth ₹2,906.66 was abandoned after 972 minutes.",high_intent_abandonment,targeted_reminder,approved,recovered,2906.66,2
CASE_01839,checkout_abandonment,3325.81,Customer history score: 0.70,"Checkout worth ₹3,325.81 was abandoned after 1114 minutes.",checkout_hesitation,reminder,approved,failed,0.0,0
CASE_01840,checkout_abandonment,16232.31,Customer history score: 0.50,"Checkout worth ₹16,232.31 was abandoned after 128 minutes.",repeated_abandonment,stop_outreach,approved,failed,0.0,0
CASE_01841,checkout_abandonment,13898.35,Customer history score: 0.50,"Checkout worth ₹13,898.35 was abandoned after 59 minutes.",repeated_abandonment,stop_outreach,approved,failed,0.0,0
CASE_01842,checkout_abandonment,561.91,Customer history score: 0.90,Checkout worth ₹561.91 was abandoned after 1379 minutes.,high_intent_abandonment,targeted_reminder,approved,recovered,561.91,2
CASE_01843,checkout_abandonment,3920.09,Customer history score: 0.70,"Checkout worth ₹3,920.09 was abandoned after 940 minutes.",checkout_hesitation,reminder,approved,recovered,3920.09,2
CASE_01844,checkout_abandonment,742.02,Customer history score: 0.79,Checkout worth ₹742.02 was abandoned after 135 minutes.,checkout_hesitation,reminder,approved,failed,0.0,0
CASE_01845,checkout_abandonment,3918.43,Customer history score: 0.50,"Checkout worth ₹3,918.43 was abandoned after 1130 minutes.",repeated_abandonment,stop_outreach,approved,recovered,3918.43,1
CASE_01846,checkout_abandonment,475.59,Customer history score: 0.59,Checkout worth ₹475.59 was abandoned after 220 minutes.,repeated_abandonment,stop_outreach,approved,recovered,475.59,2
CASE_01847,checkout_abandonment,772.73,Customer history score: 0.79,Checkout worth ₹772.73 was abandoned after 274 minutes.,checkout_hesitation,reminder,approved,partial,379.62,1
CASE_01848,checkout_abandonment,643.25,Customer history score: 0.89,Checkout worth ₹643.25 was abandoned after 579 minutes.,high_intent_abandonment,targeted_reminder,approved,recovered,643.25,2
CASE_01849,checkout_abandonment,7035.91,Customer history score: 0.49,"Checkout worth ₹7,035.91 was abandoned after 767 minutes.",repeated_abandonment,stop_outreach,approved,partial,3519.82,2
CASE_01850,checkout_abandonment,5498.75,Customer history score: 0.70,"Checkout worth ₹5,498.75 was abandoned after 848 minutes.",checkout_hesitation,reminder,approved,recovered,5498.75,1
CASE_01851,checkout_abandonment,11299.62,Customer history score: 0.59,"Checkout worth ₹11,299.62 was abandoned after 893 minutes.",repeated_abandonment,stop_outreach,approved,failed,0.0,0
CASE_01852,checkout_abandonment,5805.85,Customer history score: 0.79,"Checkout worth ₹5,805.85 was abandoned after 124 minutes.",checkout_hesitation,reminder,approved,recovered,5805.85,2
CASE_01853,checkout_abandonment,219.12,Customer history score: 0.89,Checkout worth ₹219.12 was abandoned after 396 minutes.,high_intent_abandonment,targeted_reminder,approved,partial,88.39,2
CASE_01854,checkout_abandonment,7904.09,Customer history score: 0.69,"Checkout worth ₹7,904.09 was abandoned after 206 minutes.",checkout_hesitation,reminder,approved,recovered,7904.09,1
CASE_01855,checkout_abandonment,12284.0,Customer history score: 0.79,"Checkout worth ₹12,284.00 was abandoned after 1390 minutes.",checkout_hesitation,reminder,approved,partial,3518.46,3
CASE_01856,checkout_abandonment,1224.25,Customer history score: 0.99,"Checkout worth ₹1,224.25 was abandoned after 464 minutes.",high_intent_abandonment,targeted_reminder,approved,partial,888.54,4
CASE_01857,checkout_abandonment,2982.19,Customer history score: 0.89,"Checkout worth ₹2,982.19 was abandoned after 718 minutes.",high_intent_abandonment,targeted_reminder,approved,failed,0.0,0
CASE_01858,checkout_abandonment,4896.17,Customer history score: 0.79,"Checkout worth ₹4,896.17 was abandoned after 501 minutes.",checkout_hesitation,reminder,approved,recovered,4896.17,2
CASE_01859,checkout_abandonment,5273.82,Customer history score: 0.59,"Checkout worth ₹5,273.82 was abandoned after 464 minutes.",repeated_abandonment,stop_outreach,approved,failed,0.0,0
CASE_01860,checkout_abandonment,13085.78,Customer history score: 0.79,"Checkout worth ₹13,085.78 was abandoned after 240 minutes.",checkout_hesitation,reminder,approved,recovered,13085.78,2
CASE_01861,checkout_abandonment,773.56,Customer history score: 0.59,Checkout worth ₹773.56 was abandoned after 322 minutes.,repeated_abandonment,stop_outreach,approved,failed,0.0,0
CASE_01862,checkout_abandonment,785.18,Customer history score: 0.70,Checkout worth ₹785.18 was abandoned after 1401 minutes.,checkout_hesitation,reminder,approved,recovered,785.18,2
CASE_01863,checkout_abandonment,703.01,Customer history score: 0.80,Checkout worth ₹703.01 was abandoned after 681 minutes.,high_intent_abandonment,targeted_reminder,approved,partial,397.55,1
CASE_01864,checkout_abandonment,18289.05,Customer history score: 0.79,"Checkout worth ₹18,289.05 was abandoned after 1293 minutes.",checkout_hesitation,reminder,approved,recovered,18289.05,1
CASE_01865,checkout_abandonment,502.98,Customer history score: 0.69,Checkout worth ₹502.98 was abandoned after 502 minutes.,checkout_hesitation,reminder,approved,recovered,502.98,2
CASE_01866,checkout_abandonment,15498.59,Customer history score: 0.99,"Checkout worth ₹15,498.59 was abandoned after 1154 minutes.",high_intent_abandonment,targeted_reminder,approved,recovered,15498.59,2
CASE_01867,checkout_abandonment,4715.23,Customer history score: 0.69,"Checkout worth ₹4,715.23 was abandoned after 766 minutes.",checkout_hesitation,reminder,approved,recovered,4715.23,1
CASE_01868,checkout_abandonment,194.22,Customer history score: 0.49,Checkout worth ₹194.22 was abandoned after 524 minutes.,repeated_abandonment,stop_outreach,approved,failed,0.0,0
CASE_01869,checkout_abandonment,10879.64,Customer history score: 0.89,"Checkout worth ₹10,879.64 was abandoned after 807 minutes.",high_intent_abandonment,targeted_reminder,approved,failed,0.0,0
CASE_01870,checkout_abandonment,7691.61,Customer history score: 0.49,"Checkout worth ₹7,691.61 was abandoned after 1053 minutes.",repeated_abandonment,stop_outreach,approved,failed,0.0,0
CASE_01871,checkout_abandonment,1161.17,Customer history score: 0.59,"Checkout worth ₹1,161.17 was abandoned after 1066 minutes.",repeated_abandonment,stop_outreach,approved,partial,341.39,1
CASE_01872,checkout_abandonment,1192.71,Customer history score: 0.70,"Checkout worth ₹1,192.71 was abandoned after 504 minutes.",checkout_hesitation,reminder,approved,failed,0.0,0
CASE_01873,checkout_abandonment,673.96,Customer history score: 0.80,Checkout worth ₹673.96 was abandoned after 550 minutes.,checkout_hesitation,reminder,approved,recovered,673.96,1
CASE_01874,checkout_abandonment,600.09,Customer history score: 0.79,Checkout worth ₹600.09 was abandoned after 592 minutes.,checkout_hesitation,reminder,approved,failed,0.0,0
CASE_01875,checkout_abandonment,244.85,Customer history score: 0.59,Checkout worth ₹244.85 was abandoned after 266 minutes.,repeated_abandonment,stop_outreach,approved,failed,0.0,0
CASE_01876,checkout_abandonment,16961.05,Customer history score: 0.69,"Checkout worth ₹16,961.05 was abandoned after 113 minutes.",checkout_hesitation,reminder,approved,failed,0.0,0
CASE_01877,checkout_abandonment,4092.73,Customer history score: 0.79,"Checkout worth ₹4,092.73 was abandoned after 1243 minutes.",checkout_hesitation,reminder,approved,failed,0.0,0
CASE_01878,checkout_abandonment,613.37,Customer history score: 0.90,Checkout worth ₹613.37 was abandoned after 1193 minutes.,high_intent_abandonment,targeted_reminder,approved,recovered,613.37,1
CASE_01879,checkout_abandonment,4671.24,Customer history score: 0.69,"Checkout worth ₹4,671.24 was abandoned after 239 minutes.",checkout_hesitation,reminder,approved,failed,0.0,0
CASE_01880,checkout_abandonment,2616.16,Customer history score: 0.69,"Checkout worth ₹2,616.16 was abandoned after 1251 minutes.",checkout_hesitation,reminder,approved,recovered,2616.16,1
CASE_01881,checkout_abandonment,375.16,Customer history score: 0.89,Checkout worth ₹375.16 was abandoned after 648 minutes.,high_intent_abandonment,targeted_reminder,approved,recovered,375.16,2
CASE_01882,checkout_abandonment,403.38,Customer history score: 0.80,Checkout worth ₹403.38 was abandoned after 786 minutes.,high_intent_abandonment,targeted_reminder,approved,recovered,403.38,1
CASE_01883,checkout_abandonment,5694.63,Customer history score: 0.79,"Checkout worth ₹5,694.63 was abandoned after 1110 minutes.",checkout_hesitation,reminder,approved,recovered,5694.63,2
CASE_01884,checkout_abandonment,9171.5,Customer history score: 0.59,"Checkout worth ₹9,171.50 was abandoned after 1019 minutes.",repeated_abandonment,stop_outreach,approved,failed,0.0,0
CASE_01885,checkout_abandonment,3936.69,Customer history score: 0.69,"Checkout worth ₹3,936.69 was abandoned after 128 minutes.",checkout_hesitation,reminder,approved,recovered,3936.69,1
CASE_01886,checkout_abandonment,7346.33,Customer history score: 0.69,"Checkout worth ₹7,346.33 was abandoned after 619 minutes.",checkout_hesitation,reminder,approved,recovered,7346.33,1
CASE_01887,checkout_abandonment,329.51,Customer history score: 0.79,Checkout worth ₹329.51 was abandoned after 306 minutes.,checkout_hesitation,reminder,approved,failed,0.0,0
CASE_01888,checkout_abandonment,4809.02,Customer history score: 0.59,"Checkout worth ₹4,809.02 was abandoned after 183 minutes.",repeated_abandonment,stop_outreach,approved,failed,0.0,0
CASE_01889,checkout_abandonment,820.87,Customer history score: 0.59,Checkout worth ₹820.87 was abandoned after 961 minutes.,repeated_abandonment,stop_outreach,approved,failed,0.0,0
CASE_01890,checkout_abandonment,910.51,Customer history score: 0.50,Checkout worth ₹910.51 was abandoned after 780 minutes.,repeated_abandonment,stop_outreach,approved,failed,0.0,0
CASE_01891,checkout_abandonment,305.44,Customer history score: 1.00,Checkout worth ₹305.44 was abandoned after 1301 minutes.,high_intent_abandonment,targeted_reminder,approved,recovered,305.44,1
CASE_01892,checkout_abandonment,9062.77,Customer history score: 0.99,"Checkout worth ₹9,062.77 was abandoned after 1028 minutes.",high_intent_abandonment,targeted_reminder,approved,failed,0.0,0
CASE_01893,checkout_abandonment,117.03,Customer history score: 0.49,Checkout worth ₹117.03 was abandoned after 333 minutes.,repeated_abandonment,stop_outreach,approved,recovered,117.03,2
CASE_01894,checkout_abandonment,4599.86,Customer history score: 0.50,"Checkout worth ₹4,599.86 was abandoned after 252 minutes.",repeated_abandonment,stop_outreach,approved,recovered,4599.86,1
CASE_01895,checkout_abandonment,7456.72,Customer history score: 0.70,"Checkout worth ₹7,456.72 was abandoned after 967 minutes.",checkout_hesitation,reminder,approved,failed,0.0,0
CASE_01896,checkout_abandonment,6192.63,Customer history score: 0.69,"Checkout worth ₹6,192.63 was abandoned after 1411 minutes.",checkout_hesitation,reminder,approved,recovered,6192.63,2
CASE_01897,checkout_abandonment,3449.48,Customer history score: 0.79,"Checkout worth ₹3,449.48 was abandoned after 814 minutes.",checkout_hesitation,reminder,approved,failed,0.0,0
CASE_01898,checkout_abandonment,1365.35,Customer history score: 0.69,"Checkout worth ₹1,365.35 was abandoned after 302 minutes.",checkout_hesitation,reminder,approved,failed,0.0,0
CASE_01899,checkout_abandonment,7808.64,Customer history score: 0.69,"Checkout worth ₹7,808.64 was abandoned after 406 minutes.",checkout_hesitation,reminder,approved,recovered,7808.64,2
CASE_01900,checkout_abandonment,1148.72,Customer history score: 0.59,"Checkout worth ₹1,148.72 was abandoned after 1129 minutes.",repeated_abandonment,stop_outreach,approved,failed,0.0,0
CASE_01901,checkout_abandonment,141.1,Customer history score: 0.98,Checkout worth ₹141.10 was abandoned after 835 minutes.,high_intent_abandonment,targeted_reminder,approved,failed,0.0,0
CASE_01902,checkout_abandonment,11133.62,Customer history score: 0.89,"Checkout worth ₹11,133.62 was abandoned after 651 minutes.",high_intent_abandonment,targeted_reminder,approved,failed,0.0,0
CASE_01903,checkout_abandonment,12977.05,Customer history score: 0.80,"Checkout worth ₹12,977.05 was abandoned after 1172 minutes.",high_intent_abandonment,targeted_reminder,approved,recovered,12977.05,2
CASE_01904,checkout_abandonment,8431.97,Customer history score: 0.69,"Checkout worth ₹8,431.97 was abandoned after 1016 minutes.",checkout_hesitation,reminder,approved,partial,3012.74,1
CASE_01905,checkout_abandonment,5116.12,Customer history score: 0.59,"Checkout worth ₹5,116.12 was abandoned after 958 minutes.",repeated_abandonment,stop_outreach,approved,recovered,5116.12,1
CASE_01906,checkout_abandonment,62354.58,Customer history score: 0.70,"Checkout worth ₹62,354.58 was abandoned after 577 minutes.",checkout_hesitation,reminder,approved,recovered,62354.58,1
CASE_01907,checkout_abandonment,18239.25,Customer history score: 0.80,"Checkout worth ₹18,239.25 was abandoned after 336 minutes.",checkout_hesitation,reminder,approved,failed,0.0,0
CASE_01908,checkout_abandonment,4227.19,Customer history score: 0.49,"Checkout worth ₹4,227.19 was abandoned after 733 minutes.",repeated_abandonment,stop_outreach,approved,recovered,4227.19,2
CASE_01909,checkout_abandonment,26086.9,Customer history score: 0.60,"Checkout worth ₹26,086.90 was abandoned after 875 minutes.",repeated_abandonment,stop_outreach,approved,recovered,26086.9,1
CASE_01910,checkout_abandonment,6225.0,Customer history score: 0.69,"Checkout worth ₹6,225.00 was abandoned after 979 minutes.",checkout_hesitation,reminder,approved,failed,0.0,0
CASE_01911,checkout_abandonment,10965.13,Customer history score: 0.79,"Checkout worth ₹10,965.13 was abandoned after 622 minutes.",checkout_hesitation,reminder,approved,recovered,10965.13,1
CASE_01912,checkout_abandonment,785.18,Customer history score: 0.60,Checkout worth ₹785.18 was abandoned after 296 minutes.,repeated_abandonment,stop_outreach,approved,failed,0.0,0
CASE_01913,checkout_abandonment,1654.19,Customer history score: 0.59,"Checkout worth ₹1,654.19 was abandoned after 313 minutes.",repeated_abandonment,stop_outreach,approved,failed,0.0,0
CASE_01914,checkout_abandonment,8601.29,Customer history score: 0.59,"Checkout worth ₹8,601.29 was abandoned after 1236 minutes.",repeated_abandonment,stop_outreach,approved,recovered,8601.29,1
CASE_01915,checkout_abandonment,5957.74,Customer history score: 0.79,"Checkout worth ₹5,957.74 was abandoned after 381 minutes.",checkout_hesitation,reminder,approved,recovered,5957.74,2
CASE_01916,checkout_abandonment,1488.19,Customer history score: 0.59,"Checkout worth ₹1,488.19 was abandoned after 1177 minutes.",repeated_abandonment,stop_outreach,approved,partial,972.45,4
CASE_01917,checkout_abandonment,9386.47,Customer history score: 0.69,"Checkout worth ₹9,386.47 was abandoned after 203 minutes.",checkout_hesitation,reminder,approved,recovered,9386.47,2
CASE_01918,checkout_abandonment,11399.22,Customer history score: 0.49,"Checkout worth ₹11,399.22 was abandoned after 1225 minutes.",repeated_abandonment,stop_outreach,approved,failed,0.0,0
CASE_01919,checkout_abandonment,297.14,Customer history score: 0.89,Checkout worth ₹297.14 was abandoned after 192 minutes.,high_intent_abandonment,targeted_reminder,approved,recovered,297.14,2
CASE_01920,checkout_abandonment,5077.11,Customer history score: 0.49,"Checkout worth ₹5,077.11 was abandoned after 347 minutes.",repeated_abandonment,stop_outreach,approved,recovered,5077.11,2
CASE_01921,checkout_abandonment,6219.19,Customer history score: 0.68,"Checkout worth ₹6,219.19 was abandoned after 446 minutes.",checkout_hesitation,reminder,approved,failed,0.0,0
CASE_01922,checkout_abandonment,2891.72,Customer history score: 0.69,"Checkout worth ₹2,891.72 was abandoned after 1142 minutes.",checkout_hesitation,reminder,approved,recovered,2891.72,2
CASE_01923,checkout_abandonment,9638.79,Customer history score: 0.96,"Checkout worth ₹9,638.79 was abandoned after 942 minutes.",high_intent_abandonment,targeted_reminder,approved,recovered,9638.79,2
CASE_01924,checkout_abandonment,4628.91,Customer history score: 0.59,"Checkout worth ₹4,628.91 was abandoned after 937 minutes.",repeated_abandonment,stop_outreach,approved,failed,0.0,0
CASE_01925,checkout_abandonment,297.14,Customer history score: 0.80,Checkout worth ₹297.14 was abandoned after 154 minutes.,high_intent_abandonment,targeted_reminder,approved,partial,97.59,3
CASE_01926,checkout_abandonment,5635.7,Customer history score: 0.69,"Checkout worth ₹5,635.70 was abandoned after 646 minutes.",checkout_hesitation,reminder,approved,failed,0.0,0
CASE_01927,checkout_abandonment,835.81,Customer history score: 0.79,Checkout worth ₹835.81 was abandoned after 934 minutes.,checkout_hesitation,reminder,approved,failed,0.0,0
CASE_01928,checkout_abandonment,4166.6,Customer history score: 0.59,"Checkout worth ₹4,166.60 was abandoned after 239 minutes.",repeated_abandonment,stop_outreach,approved,failed,0.0,0
CASE_01929,checkout_abandonment,10708.66,Customer history score: 0.80,"Checkout worth ₹10,708.66 was abandoned after 87 minutes.",high_intent_abandonment,targeted_reminder,approved,recovered,10708.66,2
CASE_01930,checkout_abandonment,509.62,Customer history score: 0.79,Checkout worth ₹509.62 was abandoned after 511 minutes.,checkout_hesitation,reminder,approved,recovered,509.62,2
CASE_01931,checkout_abandonment,3947.48,Customer history score: 0.70,"Checkout worth ₹3,947.48 was abandoned after 232 minutes.",checkout_hesitation,reminder,approved,failed,0.0,0
CASE_01932,checkout_abandonment,626.65,Customer history score: 0.70,Checkout worth ₹626.65 was abandoned after 86 minutes.,checkout_hesitation,reminder,approved,partial,302.79,1
CASE_01933,checkout_abandonment,6325.43,Customer history score: 0.69,"Checkout worth ₹6,325.43 was abandoned after 1396 minutes.",checkout_hesitation,reminder,approved,recovered,6325.43,1
CASE_01934,checkout_abandonment,7407.75,Customer history score: 0.80,"Checkout worth ₹7,407.75 was abandoned after 1348 minutes.",checkout_hesitation,reminder,approved,failed,0.0,0
CASE_01935,checkout_abandonment,106.24,Customer history score: 0.89,Checkout worth ₹106.24 was abandoned after 962 minutes.,high_intent_abandonment,targeted_reminder,approved,recovered,106.24,2
CASE_01936,checkout_abandonment,6688.14,Customer history score: 0.59,"Checkout worth ₹6,688.14 was abandoned after 1051 minutes.",repeated_abandonment,stop_outreach,approved,failed,0.0,0
CASE_01937,checkout_abandonment,5893.83,Customer history score: 0.69,"Checkout worth ₹5,893.83 was abandoned after 1241 minutes.",checkout_hesitation,reminder,approved,recovered,5893.83,2
CASE_01938,checkout_abandonment,5774.31,Customer history score: 0.99,"Checkout worth ₹5,774.31 was abandoned after 1332 minutes.",high_intent_abandonment,targeted_reminder,approved,recovered,5774.31,2
CASE_01939,checkout_abandonment,5863.12,Customer history score: 0.78,"Checkout worth ₹5,863.12 was abandoned after 986 minutes.",checkout_hesitation,reminder,approved,recovered,5863.12,1
CASE_01940,checkout_abandonment,5764.35,Customer history score: 0.69,"Checkout worth ₹5,764.35 was abandoned after 412 minutes.",checkout_hesitation,reminder,approved,recovered,5764.35,2
CASE_01941,checkout_abandonment,727.08,Customer history score: 0.90,Checkout worth ₹727.08 was abandoned after 839 minutes.,high_intent_abandonment,targeted_reminder,approved,recovered,727.08,2
CASE_01942,checkout_abandonment,468.95,Customer history score: 0.79,Checkout worth ₹468.95 was abandoned after 645 minutes.,checkout_hesitation,reminder,approved,failed,0.0,0
CASE_01943,checkout_abandonment,8343.99,Customer history score: 0.89,"Checkout worth ₹8,343.99 was abandoned after 738 minutes.",high_intent_abandonment,targeted_reminder,approved,recovered,8343.99,1
CASE_01944,checkout_abandonment,3265.22,Customer history score: 0.89,"Checkout worth ₹3,265.22 was abandoned after 273 minutes.",high_intent_abandonment,targeted_reminder,approved,recovered,3265.22,2
CASE_01945,checkout_abandonment,41018.6,Customer history score: 0.69,"Checkout worth ₹41,018.60 was abandoned after 1421 minutes.",checkout_hesitation,reminder,approved,failed,0.0,0
CASE_01946,checkout_abandonment,158.53,Customer history score: 0.88,Checkout worth ₹158.53 was abandoned after 553 minutes.,high_intent_abandonment,targeted_reminder,approved,recovered,158.53,2
CASE_01947,checkout_abandonment,40170.34,Customer history score: 0.49,"Checkout worth ₹40,170.34 was abandoned after 1247 minutes.",repeated_abandonment,stop_outreach,approved,failed,0.0,0
CASE_01948,checkout_abandonment,423.3,Customer history score: 0.79,Checkout worth ₹423.30 was abandoned after 754 minutes.,checkout_hesitation,reminder,approved,recovered,423.3,1
CASE_01949,checkout_abandonment,7155.43,Customer history score: 0.88,"Checkout worth ₹7,155.43 was abandoned after 1046 minutes.",high_intent_abandonment,targeted_reminder,approved,recovered,7155.43,1
CASE_01950,checkout_abandonment,65780.82,Customer history score: 0.99,"Checkout worth ₹65,780.82 was abandoned after 683 minutes.",high_intent_abandonment,targeted_reminder,approved,recovered,65780.82,2
CASE_01951,checkout_abandonment,778.54,Customer history score: 0.99,Checkout worth ₹778.54 was abandoned after 1231 minutes.,high_intent_abandonment,targeted_reminder,approved,recovered,778.54,2
CASE_01952,checkout_abandonment,611.71,Customer history score: 0.96,Checkout worth ₹611.71 was abandoned after 40 minutes.,high_intent_abandonment,targeted_reminder,approved,recovered,611.71,2
CASE_01953,checkout_abandonment,4764.2,Customer history score: 0.89,"Checkout worth ₹4,764.20 was abandoned after 614 minutes.",high_intent_abandonment,targeted_reminder,approved,recovered,4764.2,1
CASE_01954,checkout_abandonment,3666.94,Customer history score: 0.69,"Checkout worth ₹3,666.94 was abandoned after 901 minutes.",checkout_hesitation,reminder,approved,partial,2484.31,4
CASE_01955,checkout_abandonment,6327.92,Customer history score: 0.70,"Checkout worth ₹6,327.92 was abandoned after 905 minutes.",checkout_hesitation,reminder,approved,recovered,6327.92,2
CASE_01956,checkout_abandonment,3422.92,Customer history score: 0.70,"Checkout worth ₹3,422.92 was abandoned after 477 minutes.",checkout_hesitation,reminder,approved,failed,0.0,0
CASE_01957,checkout_abandonment,52462.64,Customer history score: 0.49,"Checkout worth ₹52,462.64 was abandoned after 266 minutes.",repeated_abandonment,stop_outreach,approved,failed,0.0,0
CASE_01958,checkout_abandonment,9383.98,Customer history score: 0.59,"Checkout worth ₹9,383.98 was abandoned after 747 minutes.",repeated_abandonment,stop_outreach,approved,recovered,9383.98,2
CASE_01959,checkout_abandonment,9388.96,Customer history score: 0.89,"Checkout worth ₹9,388.96 was abandoned after 611 minutes.",high_intent_abandonment,targeted_reminder,approved,recovered,9388.96,1
CASE_01960,checkout_abandonment,297.14,Customer history score: 0.69,Checkout worth ₹297.14 was abandoned after 964 minutes.,checkout_hesitation,reminder,approved,recovered,297.14,2
CASE_01961,checkout_abandonment,48154.94,Customer history score: 0.60,"Checkout worth ₹48,154.94 was abandoned after 1269 minutes.",repeated_abandonment,stop_outreach,approved,failed,0.0,0
CASE_01962,checkout_abandonment,518.75,Customer history score: 0.89,Checkout worth ₹518.75 was abandoned after 358 minutes.,high_intent_abandonment,targeted_reminder,approved,recovered,518.75,1
CASE_01963,checkout_abandonment,7964.68,Customer history score: 0.79,"Checkout worth ₹7,964.68 was abandoned after 1167 minutes.",checkout_hesitation,reminder,approved,failed,0.0,0
CASE_01964,checkout_abandonment,86788.95,Customer history score: 0.69,"Checkout worth ₹86,788.95 was abandoned after 1095 minutes.",checkout_hesitation,reminder,approved,partial,61180.49,4
CASE_01965,checkout_abandonment,7667.54,Customer history score: 0.79,"Checkout worth ₹7,667.54 was abandoned after 1345 minutes.",checkout_hesitation,reminder,approved,failed,0.0,0
CASE_01966,checkout_abandonment,105.41,Customer history score: 0.79,Checkout worth ₹105.41 was abandoned after 189 minutes.,checkout_hesitation,reminder,approved,partial,46.77,2
CASE_01967,checkout_abandonment,8890.96,Customer history score: 0.80,"Checkout worth ₹8,890.96 was abandoned after 210 minutes.",checkout_hesitation,reminder,approved,recovered,8890.96,2
CASE_01968,checkout_abandonment,449.86,Customer history score: 0.81,Checkout worth ₹449.86 was abandoned after 482 minutes.,high_intent_abandonment,targeted_reminder,approved,recovered,449.86,2
CASE_01969,checkout_abandonment,7564.62,Customer history score: 0.49,"Checkout worth ₹7,564.62 was abandoned after 136 minutes.",repeated_abandonment,stop_outreach,approved,failed,0.0,0
CASE_01970,checkout_abandonment,5694.63,Customer history score: 0.98,"Checkout worth ₹5,694.63 was abandoned after 44 minutes.",high_intent_abandonment,targeted_reminder,approved,recovered,5694.63,2
CASE_01971,checkout_abandonment,1684.07,Customer history score: 0.79,"Checkout worth ₹1,684.07 was abandoned after 1091 minutes.",checkout_hesitation,reminder,approved,failed,0.0,0
CASE_01972,checkout_abandonment,14041.11,Customer history score: 0.69,"Checkout worth ₹14,041.11 was abandoned after 1081 minutes.",checkout_hesitation,reminder,approved,failed,0.0,0
CASE_01973,checkout_abandonment,458.99,Customer history score: 0.99,Checkout worth ₹458.99 was abandoned after 323 minutes.,high_intent_abandonment,targeted_reminder,approved,recovered,458.99,1
CASE_01974,checkout_abandonment,21240.53,Customer history score: 0.99,"Checkout worth ₹21,240.53 was abandoned after 1116 minutes.",high_intent_abandonment,targeted_reminder,approved,recovered,21240.53,2
CASE_01975,checkout_abandonment,12342.93,Customer history score: 0.90,"Checkout worth ₹12,342.93 was abandoned after 973 minutes.",high_intent_abandonment,targeted_reminder,approved,partial,4896.68,4
CASE_01976,checkout_abandonment,1665.81,Customer history score: 0.50,"Checkout worth ₹1,665.81 was abandoned after 1093 minutes.",repeated_abandonment,stop_outreach,approved,failed,0.0,0
CASE_01977,checkout_abandonment,1269.9,Customer history score: 0.80,"Checkout worth ₹1,269.90 was abandoned after 942 minutes.",checkout_hesitation,reminder,approved,partial,690.26,1
CASE_01978,checkout_abandonment,2057.57,Customer history score: 0.89,"Checkout worth ₹2,057.57 was abandoned after 548 minutes.",high_intent_abandonment,targeted_reminder,approved,recovered,2057.57,1
CASE_01979,checkout_abandonment,83039.01,Customer history score: 0.89,"Checkout worth ₹83,039.01 was abandoned after 1120 minutes.",high_intent_abandonment,targeted_reminder,approved,recovered,83039.01,2
CASE_01980,checkout_abandonment,6688.14,Customer history score: 0.59,"Checkout worth ₹6,688.14 was abandoned after 1051 minutes.",repeated_abandonment,stop_outreach,approved,failed,0.0,0
CASE_01981,checkout_abandonment,3856.18,Customer history score: 0.80,"Checkout worth ₹3,856.18 was abandoned after 170 minutes.",high_intent_abandonment,targeted_reminder,approved,recovered,3856.18,2
CASE_01982,checkout_abandonment,811.74,Customer history score: 0.70,Checkout worth ₹811.74 was abandoned after 370 minutes.,checkout_hesitation,reminder,approved,failed,0.0,0
CASE_01983,checkout_abandonment,6278.12,Customer history score: 0.59,"Checkout worth ₹6,278.12 was abandoned after 582 minutes.",repeated_abandonment,stop_outreach,approved,recovered,6278.12,2
CASE_01984,checkout_abandonment,1456.65,Customer history score: 0.49,"Checkout worth ₹1,456.65 was abandoned after 992 minutes.",repeated_abandonment,stop_outreach,approved,failed,0.0,0
CASE_01985,checkout_abandonment,239.87,Customer history score: 0.89,Checkout worth ₹239.87 was abandoned after 30 minutes.,high_intent_abandonment,targeted_reminder,approved,recovered,239.87,2
CASE_01986,checkout_abandonment,8237.75,Customer history score: 0.79,"Checkout worth ₹8,237.75 was abandoned after 1157 minutes.",checkout_hesitation,reminder,approved,failed,0.0,0
CASE_01987,checkout_abandonment,3422.92,Customer history score: 0.70,"Checkout worth ₹3,422.92 was abandoned after 477 minutes.",checkout_hesitation,reminder,approved,recovered,3422.92,1
CASE_01988,checkout_abandonment,7914.88,Customer history score: 0.49,"Checkout worth ₹7,914.88 was abandoned after 1045 minutes.",repeated_abandonment,stop_outreach,approved,failed,0.0,0
CASE_01989,checkout_abandonment,518.75,Customer history score: 0.89,Checkout worth ₹518.75 was abandoned after 358 minutes.,high_intent_abandonment,targeted_reminder,approved,recovered,518.75,1
CASE_01990,checkout_abandonment,8983.09,Customer history score: 0.79,"Checkout worth ₹8,983.09 was abandoned after 471 minutes.",checkout_hesitation,reminder,approved,failed,0.0,0
CASE_01991,checkout_abandonment,177.62,Customer history score: 0.99,Checkout worth ₹177.62 was abandoned after 1394 minutes.,high_intent_abandonment,targeted_reminder,approved,recovered,177.62,2
CASE_01992,checkout_abandonment,463.97,Customer history score: 0.69,Checkout worth ₹463.97 was abandoned after 1184 minutes.,checkout_hesitation,reminder,approved,failed,0.0,0
CASE_01993,checkout_abandonment,11530.36,Customer history score: 0.49,"Checkout worth ₹11,530.36 was abandoned after 1171 minutes.",repeated_abandonment,stop_outreach,approved,recovered,11530.36,1
CASE_01994,checkout_abandonment,1981.21,Customer history score: 0.59,"Checkout worth ₹1,981.21 was abandoned after 576 minutes.",repeated_abandonment,stop_outreach,approved,failed,0.0,0
CASE_01995,checkout_abandonment,16077.93,Customer history score: 0.59,"Checkout worth ₹16,077.93 was abandoned after 827 minutes.",repeated_abandonment,stop_outreach,approved,failed,0.0,0
CASE_01996,checkout_abandonment,52462.64,Customer history score: 0.49,"Checkout worth ₹52,462.64 was abandoned after 266 minutes.",repeated_abandonment,stop_outreach,approved,failed,0.0,0
CASE_01997,checkout_abandonment,532.86,Customer history score: 0.88,Checkout worth ₹532.86 was abandoned after 678 minutes.,high_intent_abandonment,targeted_reminder,approved,recovered,532.86,2
CASE_01998,checkout_abandonment,234.06,Customer history score: 0.89,Checkout worth ₹234.06 was abandoned after 523 minutes.,high_intent_abandonment,targeted_reminder,approved,recovered,234.06,2
CASE_01999,checkout_abandonment,284.69,Customer history score: 0.80,Checkout worth ₹284.69 was abandoned after 1000 minutes.,checkout_hesitation,reminder,approved,failed,0.0,0
CASE_02000,checkout_abandonment,1654.19,Customer history score: 0.59,"Checkout worth ₹1,654.19 was abandoned after 313 minutes.",repeated_abandonment,stop_outreach,approved,recovered,1654.19,2
CASE_02001,checkout_abandonment,1268.24,Customer history score: 0.50,"Checkout worth ₹1,268.24 was abandoned after 205 minutes.",repeated_abandonment,stop_outreach,approved,failed,0.0,0
CASE_02002,checkout_abandonment,541.99,Customer history score: 0.50,Checkout worth ₹541.99 was abandoned after 677 minutes.,repeated_abandonment,stop_outreach,approved,failed,0.0,0
CASE_02003,checkout_abandonment,2782.16,Customer history score: 0.90,"Checkout worth ₹2,782.16 was abandoned after 943 minutes.",high_intent_abandonment,targeted_reminder,approved,recovered,2782.16,2
CASE_02004,checkout_abandonment,3947.48,Customer history score: 0.70,"Checkout worth ₹3,947.48 was abandoned after 232 minutes.",checkout_hesitation,reminder,approved,failed,0.0,0
CASE_02005,checkout_abandonment,4590.73,Customer history score: 0.59,"Checkout worth ₹4,590.73 was abandoned after 99 minutes.",repeated_abandonment,stop_outreach,approved,partial,2620.88,4
CASE_02006,checkout_abandonment,2104.05,Customer history score: 0.49,"Checkout worth ₹2,104.05 was abandoned after 486 minutes.",repeated_abandonment,stop_outreach,approved,partial,991.46,3
CASE_02007,checkout_abandonment,2026.03,Customer history score: 0.79,"Checkout worth ₹2,026.03 was abandoned after 280 minutes.",checkout_hesitation,reminder,approved,recovered,2026.03,2
CASE_02008,checkout_abandonment,11299.62,Customer history score: 0.59,"Checkout worth ₹11,299.62 was abandoned after 893 minutes.",repeated_abandonment,stop_outreach,approved,failed,0.0,0
CASE_02009,checkout_abandonment,5581.75,Customer history score: 0.69,"Checkout worth ₹5,581.75 was abandoned after 1401 minutes.",checkout_hesitation,reminder,approved,partial,1759.57,2
CASE_02010,checkout_abandonment,3987.32,Customer history score: 0.79,"Checkout worth ₹3,987.32 was abandoned after 383 minutes.",checkout_hesitation,reminder,approved,partial,2193.3,2
CASE_02011,checkout_abandonment,2992.98,Customer history score: 0.79,"Checkout worth ₹2,992.98 was abandoned after 1381 minutes.",checkout_hesitation,reminder,approved,failed,0.0,0
CASE_02012,checkout_abandonment,6507.2,Customer history score: 0.60,"Checkout worth ₹6,507.20 was abandoned after 1426 minutes.",repeated_abandonment,stop_outreach,approved,recovered,6507.2,1
CASE_02013,checkout_abandonment,798.46,Customer history score: 0.79,Checkout worth ₹798.46 was abandoned after 643 minutes.,checkout_hesitation,reminder,approved,recovered,798.46,2
CASE_02014,checkout_abandonment,1268.24,Customer history score: 0.50,"Checkout worth ₹1,268.24 was abandoned after 205 minutes.",repeated_abandonment,stop_outreach,approved,failed,0.0,0
CASE_02015,checkout_abandonment,6475.66,Customer history score: 0.60,"Checkout worth ₹6,475.66 was abandoned after 1124 minutes.",repeated_abandonment,stop_outreach,approved,failed,0.0,0
CASE_02016,checkout_abandonment,6243.26,Customer history score: 0.60,"Checkout worth ₹6,243.26 was abandoned after 739 minutes.",repeated_abandonment,stop_outreach,approved,failed,0.0,0
CASE_02017,checkout_abandonment,6322.94,Customer history score: 0.80,"Checkout worth ₹6,322.94 was abandoned after 226 minutes.",high_intent_abandonment,targeted_reminder,approved,recovered,6322.94,1
CASE_02018,checkout_abandonment,5621.59,Customer history score: 0.80,"Checkout worth ₹5,621.59 was abandoned after 186 minutes.",checkout_hesitation,reminder,approved,partial,3514.17,1
CASE_02019,checkout_abandonment,811.74,Customer history score: 0.79,Checkout worth ₹811.74 was abandoned after 1349 minutes.,checkout_hesitation,reminder,approved,failed,0.0,0
CASE_02020,checkout_abandonment,661.51,Customer history score: 0.59,Checkout worth ₹661.51 was abandoned after 1255 minutes.,repeated_abandonment,stop_outreach,approved,failed,0.0,0
CASE_02021,checkout_abandonment,2669.28,Customer history score: 0.49,"Checkout worth ₹2,669.28 was abandoned after 1026 minutes.",repeated_abandonment,stop_outreach,approved,failed,0.0,0
CASE_02022,checkout_abandonment,1404.36,Customer history score: 0.69,"Checkout worth ₹1,404.36 was abandoned after 863 minutes.",checkout_hesitation,reminder,approved,failed,0.0,0
CASE_02023,checkout_abandonment,2616.16,Customer history score: 0.69,"Checkout worth ₹2,616.16 was abandoned after 1251 minutes.",checkout_hesitation,reminder,approved,recovered,2616.16,1
CASE_02024,checkout_abandonment,244.85,Customer history score: 0.59,Checkout worth ₹244.85 was abandoned after 266 minutes.,repeated_abandonment,stop_outreach,approved,recovered,244.85,1
CASE_02025,checkout_abandonment,6204.25,Customer history score: 0.79,"Checkout worth ₹6,204.25 was abandoned after 115 minutes.",checkout_hesitation,reminder,approved,failed,0.0,0
CASE_02026,checkout_abandonment,8755.67,Customer history score: 0.80,"Checkout worth ₹8,755.67 was abandoned after 866 minutes.",checkout_hesitation,reminder,approved,recovered,8755.67,1
CASE_02027,checkout_abandonment,498.0,Customer history score: 0.59,Checkout worth ₹498.00 was abandoned after 700 minutes.,repeated_abandonment,stop_outreach,approved,partial,343.53,3
CASE_02028,checkout_abandonment,4153.32,Customer history score: 0.60,"Checkout worth ₹4,153.32 was abandoned after 130 minutes.",repeated_abandonment,stop_outreach,approved,failed,0.0,0
CASE_02029,checkout_abandonment,3921.75,Customer history score: 0.69,"Checkout worth ₹3,921.75 was abandoned after 866 minutes.",checkout_hesitation,reminder,approved,recovered,3921.75,1
CASE_02030,checkout_abandonment,15189.83,Customer history score: 0.97,"Checkout worth ₹15,189.83 was abandoned after 454 minutes.",high_intent_abandonment,targeted_reminder,approved,recovered,15189.83,1
CASE_02031,checkout_abandonment,7875.87,Customer history score: 0.96,"Checkout worth ₹7,875.87 was abandoned after 307 minutes.",high_intent_abandonment,targeted_reminder,approved,recovered,7875.87,2
CASE_02032,checkout_abandonment,14443.66,Customer history score: 0.69,"Checkout worth ₹14,443.66 was abandoned after 177 minutes.",checkout_hesitation,reminder,approved,recovered,14443.66,2
CASE_02033,checkout_abandonment,4130.91,Customer history score: 0.88,"Checkout worth ₹4,130.91 was abandoned after 1165 minutes.",high_intent_abandonment,targeted_reminder,approved,recovered,4130.91,2
CASE_02034,checkout_abandonment,10341.8,Customer history score: 0.78,"Checkout worth ₹10,341.80 was abandoned after 799 minutes.",checkout_hesitation,reminder,approved,recovered,10341.8,1
CASE_02035,checkout_abandonment,1018.41,Customer history score: 0.49,"Checkout worth ₹1,018.41 was abandoned after 1075 minutes.",repeated_abandonment,stop_outreach,approved,failed,0.0,0
CASE_02036,checkout_abandonment,4583.26,Customer history score: 0.79,"Checkout worth ₹4,583.26 was abandoned after 1335 minutes.",checkout_hesitation,reminder,approved,failed,0.0,0
CASE_02037,checkout_abandonment,1765.41,Customer history score: 0.90,"Checkout worth ₹1,765.41 was abandoned after 1146 minutes.",high_intent_abandonment,targeted_reminder,approved,recovered,1765.41,1
CASE_02038,checkout_abandonment,3007.09,Customer history score: 0.49,"Checkout worth ₹3,007.09 was abandoned after 1181 minutes.",repeated_abandonment,stop_outreach,approved,failed,0.0,0
CASE_02039,checkout_abandonment,2242.66,Customer history score: 0.69,"Checkout worth ₹2,242.66 was abandoned after 880 minutes.",checkout_hesitation,reminder,approved,failed,0.0,0
CASE_02040,checkout_abandonment,941.22,Customer history score: 0.59,Checkout worth ₹941.22 was abandoned after 1428 minutes.,repeated_abandonment,stop_outreach,approved,failed,0.0,0
CASE_02041,checkout_abandonment,534.52,Customer history score: 0.70,Checkout worth ₹534.52 was abandoned after 1149 minutes.,checkout_hesitation,reminder,approved,failed,0.0,0
CASE_02042,checkout_abandonment,7384.51,Customer history score: 0.59,"Checkout worth ₹7,384.51 was abandoned after 1232 minutes.",repeated_abandonment,stop_outreach,approved,recovered,7384.51,1
CASE_02043,checkout_abandonment,1738.85,Customer history score: 0.70,"Checkout worth ₹1,738.85 was abandoned after 1291 minutes.",checkout_hesitation,reminder,approved,failed,0.0,0
CASE_02044,checkout_abandonment,25572.3,Customer history score: 0.80,"Checkout worth ₹25,572.30 was abandoned after 651 minutes.",checkout_hesitation,reminder,approved,recovered,25572.3,2
CASE_02045,checkout_abandonment,9994.86,Customer history score: 0.79,"Checkout worth ₹9,994.86 was abandoned after 997 minutes.",checkout_hesitation,reminder,approved,recovered,9994.86,2
CASE_02046,checkout_abandonment,2045.95,Customer history score: 1.00,"Checkout worth ₹2,045.95 was abandoned after 931 minutes.",high_intent_abandonment,targeted_reminder,approved,recovered,2045.95,2
CASE_02047,checkout_abandonment,11162.67,Customer history score: 0.79,"Checkout worth ₹11,162.67 was abandoned after 90 minutes.",checkout_hesitation,reminder,approved,failed,0.0,0
CASE_02048,checkout_abandonment,3383.08,Customer history score: 0.79,"Checkout worth ₹3,383.08 was abandoned after 1205 minutes.",checkout_hesitation,reminder,approved,recovered,3383.08,2
CASE_02049,checkout_abandonment,1517.24,Customer history score: 0.99,"Checkout worth ₹1,517.24 was abandoned after 248 minutes.",high_intent_abandonment,targeted_reminder,approved,recovered,1517.24,1
CASE_02050,checkout_abandonment,15077.78,Customer history score: 0.69,"Checkout worth ₹15,077.78 was abandoned after 1179 minutes.",checkout_hesitation,reminder,approved,recovered,15077.78,1
CASE_02051,checkout_abandonment,673.96,Customer history score: 0.80,Checkout worth ₹673.96 was abandoned after 550 minutes.,checkout_hesitation,reminder,approved,recovered,673.96,2
CASE_02052,checkout_abandonment,174.3,Customer history score: 0.89,Checkout worth ₹174.30 was abandoned after 1252 minutes.,high_intent_abandonment,targeted_reminder,approved,recovered,174.3,1
CASE_02053,checkout_abandonment,4781.63,Customer history score: 0.89,"Checkout worth ₹4,781.63 was abandoned after 31 minutes.",high_intent_abandonment,targeted_reminder,approved,failed,0.0,0
CASE_02054,checkout_abandonment,219.95,Customer history score: 0.70,Checkout worth ₹219.95 was abandoned after 368 minutes.,checkout_hesitation,reminder,approved,recovered,219.95,1
CASE_02055,checkout_abandonment,4487.81,Customer history score: 0.69,"Checkout worth ₹4,487.81 was abandoned after 1362 minutes.",checkout_hesitation,reminder,approved,recovered,4487.81,1
CASE_02056,checkout_abandonment,553.61,Customer history score: 0.90,Checkout worth ₹553.61 was abandoned after 1221 minutes.,high_intent_abandonment,targeted_reminder,approved,recovered,553.61,1
CASE_02057,checkout_abandonment,7582.05,Customer history score: 0.89,"Checkout worth ₹7,582.05 was abandoned after 843 minutes.",high_intent_abandonment,targeted_reminder,approved,failed,0.0,0
CASE_02058,checkout_abandonment,703.84,Customer history score: 0.99,Checkout worth ₹703.84 was abandoned after 1004 minutes.,high_intent_abandonment,targeted_reminder,approved,failed,0.0,0
CASE_02059,checkout_abandonment,4503.58,Customer history score: 0.69,"Checkout worth ₹4,503.58 was abandoned after 922 minutes.",checkout_hesitation,reminder,approved,recovered,4503.58,1
CASE_02060,checkout_abandonment,8843.65,Customer history score: 0.80,"Checkout worth ₹8,843.65 was abandoned after 362 minutes.",checkout_hesitation,reminder,approved,failed,0.0,0
CASE_02061,checkout_abandonment,184.26,Customer history score: 0.88,Checkout worth ₹184.26 was abandoned after 657 minutes.,high_intent_abandonment,targeted_reminder,approved,recovered,184.26,1
CASE_02062,checkout_abandonment,5624.91,Customer history score: 0.79,"Checkout worth ₹5,624.91 was abandoned after 496 minutes.",checkout_hesitation,reminder,approved,recovered,5624.91,2
CASE_02063,checkout_abandonment,275.56,Customer history score: 0.99,Checkout worth ₹275.56 was abandoned after 384 minutes.,high_intent_abandonment,targeted_reminder,approved,partial,138.06,1
CASE_02064,checkout_abandonment,8289.21,Customer history score: 0.78,"Checkout worth ₹8,289.21 was abandoned after 434 minutes.",checkout_hesitation,reminder,approved,failed,0.0,0
CASE_02065,checkout_abandonment,3929.22,Customer history score: 0.99,"Checkout worth ₹3,929.22 was abandoned after 432 minutes.",high_intent_abandonment,targeted_reminder,approved,failed,0.0,0
CASE_02066,checkout_abandonment,1740.51,Customer history score: 0.99,"Checkout worth ₹1,740.51 was abandoned after 870 minutes.",high_intent_abandonment,targeted_reminder,approved,recovered,1740.51,2
CASE_02067,checkout_abandonment,770.24,Customer history score: 0.69,Checkout worth ₹770.24 was abandoned after 1237 minutes.,checkout_hesitation,reminder,approved,failed,0.0,0
CASE_02068,checkout_abandonment,16309.5,Customer history score: 0.79,"Checkout worth ₹16,309.50 was abandoned after 625 minutes.",checkout_hesitation,reminder,approved,recovered,16309.5,1
CASE_02069,checkout_abandonment,8237.75,Customer history score: 0.79,"Checkout worth ₹8,237.75 was abandoned after 1157 minutes.",checkout_hesitation,reminder,approved,recovered,8237.75,2
CASE_02070,checkout_abandonment,7135.51,Customer history score: 0.80,"Checkout worth ₹7,135.51 was abandoned after 545 minutes.",checkout_hesitation,reminder,approved,failed,0.0,0
CASE_02071,checkout_abandonment,27690.46,Customer history score: 0.70,"Checkout worth ₹27,690.46 was abandoned after 110 minutes.",checkout_hesitation,reminder,approved,recovered,27690.46,2
CASE_02072,checkout_abandonment,7898.28,Customer history score: 0.59,"Checkout worth ₹7,898.28 was abandoned after 227 minutes.",repeated_abandonment,stop_outreach,approved,failed,0.0,0
CASE_02073,checkout_abandonment,180.11,Customer history score: 0.69,Checkout worth ₹180.11 was abandoned after 1275 minutes.,checkout_hesitation,reminder,approved,recovered,180.11,1
CASE_02074,checkout_abandonment,2205.31,Customer history score: 0.79,"Checkout worth ₹2,205.31 was abandoned after 160 minutes.",checkout_hesitation,reminder,approved,failed,0.0,0
CASE_02075,checkout_abandonment,2635.25,Customer history score: 0.89,"Checkout worth ₹2,635.25 was abandoned after 1159 minutes.",high_intent_abandonment,targeted_reminder,approved,recovered,2635.25,2
CASE_02076,checkout_abandonment,4583.26,Customer history score: 0.79,"Checkout worth ₹4,583.26 was abandoned after 1335 minutes.",checkout_hesitation,reminder,approved,failed,0.0,0
CASE_02077,checkout_abandonment,4397.34,Customer history score: 0.79,"Checkout worth ₹4,397.34 was abandoned after 962 minutes.",checkout_hesitation,reminder,approved,failed,0.0,0
CASE_02078,checkout_abandonment,5410.77,Customer history score: 0.89,"Checkout worth ₹5,410.77 was abandoned after 1261 minutes.",high_intent_abandonment,targeted_reminder,approved,recovered,5410.77,1
CASE_02079,checkout_abandonment,3103.37,Customer history score: 0.69,"Checkout worth ₹3,103.37 was abandoned after 230 minutes.",checkout_hesitation,reminder,approved,recovered,3103.37,1
CASE_02080,checkout_abandonment,1657.51,Customer history score: 0.80,"Checkout worth ₹1,657.51 was abandoned after 844 minutes.",high_intent_abandonment,targeted_reminder,approved,failed,0.0,0
CASE_02081,checkout_abandonment,586.81,Customer history score: 0.99,Checkout worth ₹586.81 was abandoned after 1372 minutes.,high_intent_abandonment,targeted_reminder,approved,recovered,586.81,1
CASE_02082,checkout_abandonment,334.49,Customer history score: 0.98,Checkout worth ₹334.49 was abandoned after 228 minutes.,high_intent_abandonment,targeted_reminder,approved,recovered,334.49,2
CASE_02083,checkout_abandonment,254.81,Customer history score: 0.59,Checkout worth ₹254.81 was abandoned after 729 minutes.,repeated_abandonment,stop_outreach,approved,failed,0.0,0
CASE_02084,checkout_abandonment,33404.18,Customer history score: 0.69,"Checkout worth ₹33,404.18 was abandoned after 1009 minutes.",checkout_hesitation,reminder,approved,recovered,33404.18,1
CASE_02085,checkout_abandonment,703.84,Customer history score: 0.99,Checkout worth ₹703.84 was abandoned after 1004 minutes.,high_intent_abandonment,targeted_reminder,approved,recovered,703.84,1
CASE_02086,checkout_abandonment,1962.95,Customer history score: 0.70,"Checkout worth ₹1,962.95 was abandoned after 353 minutes.",checkout_hesitation,reminder,approved,recovered,1962.95,2
CASE_02087,checkout_abandonment,811.74,Customer history score: 0.79,Checkout worth ₹811.74 was abandoned after 237 minutes.,checkout_hesitation,reminder,approved,failed,0.0,0
CASE_02088,checkout_abandonment,5937.82,Customer history score: 0.79,"Checkout worth ₹5,937.82 was abandoned after 309 minutes.",checkout_hesitation,reminder,approved,failed,0.0,0
CASE_02089,checkout_abandonment,1624.31,Customer history score: 0.89,"Checkout worth ₹1,624.31 was abandoned after 787 minutes.",high_intent_abandonment,targeted_reminder,approved,recovered,1624.31,1
CASE_02090,checkout_abandonment,494.68,Customer history score: 0.79,Checkout worth ₹494.68 was abandoned after 513 minutes.,checkout_hesitation,reminder,approved,recovered,494.68,1
CASE_02091,checkout_abandonment,2587.94,Customer history score: 0.80,"Checkout worth ₹2,587.94 was abandoned after 983 minutes.",checkout_hesitation,reminder,approved,partial,1621.01,4
CASE_02092,checkout_abandonment,239.87,Customer history score: 0.89,Checkout worth ₹239.87 was abandoned after 30 minutes.,high_intent_abandonment,targeted_reminder,approved,recovered,239.87,2
CASE_02093,checkout_abandonment,4299.4,Customer history score: 0.69,"Checkout worth ₹4,299.40 was abandoned after 782 minutes.",checkout_hesitation,reminder,approved,failed,0.0,0
CASE_02094,checkout_abandonment,494.68,Customer history score: 1.00,Checkout worth ₹494.68 was abandoned after 673 minutes.,high_intent_abandonment,targeted_reminder,approved,partial,145.72,1
CASE_02095,checkout_abandonment,3932.54,Customer history score: 0.89,"Checkout worth ₹3,932.54 was abandoned after 1078 minutes.",high_intent_abandonment,targeted_reminder,approved,failed,0.0,0
CASE_02096,checkout_abandonment,426.62,Customer history score: 0.69,Checkout worth ₹426.62 was abandoned after 535 minutes.,checkout_hesitation,reminder,approved,recovered,426.62,2
CASE_02097,checkout_abandonment,10814.9,Customer history score: 0.89,"Checkout worth ₹10,814.90 was abandoned after 79 minutes.",high_intent_abandonment,targeted_reminder,approved,partial,5085.34,4
CASE_02098,checkout_abandonment,6449.93,Customer history score: 0.80,"Checkout worth ₹6,449.93 was abandoned after 261 minutes.",checkout_hesitation,reminder,approved,recovered,6449.93,1
CASE_02099,checkout_abandonment,822.53,Customer history score: 0.80,Checkout worth ₹822.53 was abandoned after 1109 minutes.,checkout_hesitation,reminder,approved,failed,0.0,0
CASE_02100,checkout_abandonment,7224.32,Customer history score: 0.89,"Checkout worth ₹7,224.32 was abandoned after 250 minutes.",high_intent_abandonment,targeted_reminder,approved,recovered,7224.32,1
CASE_02101,checkout_abandonment,1202.67,Customer history score: 0.59,"Checkout worth ₹1,202.67 was abandoned after 1284 minutes.",repeated_abandonment,stop_outreach,approved,failed,0.0,0
CASE_02102,checkout_abandonment,4296.91,Customer history score: 0.59,"Checkout worth ₹4,296.91 was abandoned after 599 minutes.",repeated_abandonment,stop_outreach,approved,failed,0.0,0
CASE_02103,checkout_abandonment,134210.17,Customer history score: 0.59,"Checkout worth ₹134,210.17 was abandoned after 1283 minutes.",repeated_abandonment,stop_outreach,approved,recovered,134210.17,2
CASE_02104,checkout_abandonment,126.16,Customer history score: 0.79,Checkout worth ₹126.16 was abandoned after 70 minutes.,checkout_hesitation,reminder,approved,failed,0.0,0
CASE_02105,checkout_abandonment,131.97,Customer history score: 0.49,Checkout worth ₹131.97 was abandoned after 737 minutes.,repeated_abandonment,stop_outreach,approved,failed,0.0,0
CASE_02106,checkout_abandonment,910.51,Customer history score: 0.50,Checkout worth ₹910.51 was abandoned after 780 minutes.,repeated_abandonment,stop_outreach,approved,failed,0.0,0
CASE_02107,checkout_abandonment,5355.99,Customer history score: 0.69,"Checkout worth ₹5,355.99 was abandoned after 1153 minutes.",checkout_hesitation,reminder,approved,recovered,5355.99,2
CASE_02108,checkout_abandonment,7588.69,Customer history score: 0.89,"Checkout worth ₹7,588.69 was abandoned after 325 minutes.",high_intent_abandonment,targeted_reminder,approved,failed,0.0,0
CASE_02109,checkout_abandonment,8095.82,Customer history score: 0.89,"Checkout worth ₹8,095.82 was abandoned after 605 minutes.",high_intent_abandonment,targeted_reminder,approved,recovered,8095.82,2
CASE_02110,checkout_abandonment,4451.29,Customer history score: 0.89,"Checkout worth ₹4,451.29 was abandoned after 468 minutes.",high_intent_abandonment,targeted_reminder,approved,recovered,4451.29,1
CASE_02111,checkout_abandonment,5877.23,Customer history score: 0.90,"Checkout worth ₹5,877.23 was abandoned after 919 minutes.",high_intent_abandonment,targeted_reminder,approved,failed,0.0,0
CASE_02112,checkout_abandonment,44976.04,Customer history score: 0.50,"Checkout worth ₹44,976.04 was abandoned after 508 minutes.",repeated_abandonment,stop_outreach,approved,failed,0.0,0
CASE_02113,checkout_abandonment,1743.0,Customer history score: 0.70,"Checkout worth ₹1,743.00 was abandoned after 118 minutes.",checkout_hesitation,reminder,approved,recovered,1743.0,1
CASE_02114,checkout_abandonment,15077.78,Customer history score: 0.69,"Checkout worth ₹15,077.78 was abandoned after 1179 minutes.",checkout_hesitation,reminder,approved,recovered,15077.78,1
CASE_02115,checkout_abandonment,6002.56,Customer history score: 0.80,"Checkout worth ₹6,002.56 was abandoned after 414 minutes.",checkout_hesitation,reminder,approved,failed,0.0,0
CASE_02116,checkout_abandonment,53087.63,Customer history score: 0.79,"Checkout worth ₹53,087.63 was abandoned after 181 minutes.",checkout_hesitation,reminder,approved,failed,0.0,0
CASE_02117,checkout_abandonment,9040.36,Customer history score: 0.89,"Checkout worth ₹9,040.36 was abandoned after 187 minutes.",high_intent_abandonment,targeted_reminder,approved,failed,0.0,0
CASE_02118,checkout_abandonment,8468.49,Customer history score: 0.59,"Checkout worth ₹8,468.49 was abandoned after 525 minutes.",repeated_abandonment,stop_outreach,approved,failed,0.0,0
CASE_02119,checkout_abandonment,83039.01,Customer history score: 0.89,"Checkout worth ₹83,039.01 was abandoned after 1120 minutes.",high_intent_abandonment,targeted_reminder,approved,recovered,83039.01,2
CASE_02120,checkout_abandonment,6181.01,Customer history score: 0.89,"Checkout worth ₹6,181.01 was abandoned after 861 minutes.",high_intent_abandonment,targeted_reminder,approved,recovered,6181.01,1
CASE_02121,checkout_abandonment,7031.76,Customer history score: 0.50,"Checkout worth ₹7,031.76 was abandoned after 928 minutes.",repeated_abandonment,stop_outreach,approved,recovered,7031.76,1
CASE_02122,checkout_abandonment,452.35,Customer history score: 0.50,Checkout worth ₹452.35 was abandoned after 245 minutes.,repeated_abandonment,stop_outreach,approved,recovered,452.35,2
CASE_02123,checkout_abandonment,7540.55,Customer history score: 0.59,"Checkout worth ₹7,540.55 was abandoned after 151 minutes.",repeated_abandonment,stop_outreach,approved,failed,0.0,0
CASE_02124,checkout_abandonment,409.19,Customer history score: 0.89,Checkout worth ₹409.19 was abandoned after 1217 minutes.,high_intent_abandonment,targeted_reminder,approved,failed,0.0,0
CASE_02125,checkout_abandonment,294.65,Customer history score: 0.60,Checkout worth ₹294.65 was abandoned after 1155 minutes.,checkout_hesitation,reminder,approved,recovered,294.65,2
CASE_02126,checkout_abandonment,1011.77,Customer history score: 0.69,"Checkout worth ₹1,011.77 was abandoned after 299 minutes.",checkout_hesitation,reminder,approved,recovered,1011.77,1
CASE_02127,checkout_abandonment,304.61,Customer history score: 0.59,Checkout worth ₹304.61 was abandoned after 225 minutes.,repeated_abandonment,stop_outreach,approved,failed,0.0,0
CASE_02128,checkout_abandonment,10657.2,Customer history score: 0.60,"Checkout worth ₹10,657.20 was abandoned after 959 minutes.",repeated_abandonment,stop_outreach,approved,failed,0.0,0
CASE_02129,checkout_abandonment,3520.03,Customer history score: 0.60,"Checkout worth ₹3,520.03 was abandoned after 719 minutes.",checkout_hesitation,reminder,approved,partial,1918.9,2
CASE_02130,checkout_abandonment,4565.83,Customer history score: 0.80,"Checkout worth ₹4,565.83 was abandoned after 1376 minutes.",checkout_hesitation,reminder,approved,failed,0.0,0
CASE_02131,checkout_abandonment,346.11,Customer history score: 0.79,Checkout worth ₹346.11 was abandoned after 902 minutes.,checkout_hesitation,reminder,approved,recovered,346.11,2
CASE_02132,checkout_abandonment,48154.94,Customer history score: 0.60,"Checkout worth ₹48,154.94 was abandoned after 1269 minutes.",repeated_abandonment,stop_outreach,approved,failed,0.0,0
CASE_02133,checkout_abandonment,6997.73,Customer history score: 0.79,"Checkout worth ₹6,997.73 was abandoned after 1294 minutes.",checkout_hesitation,reminder,approved,recovered,6997.73,2
CASE_02134,checkout_abandonment,246.51,Customer history score: 0.89,Checkout worth ₹246.51 was abandoned after 57 minutes.,high_intent_abandonment,targeted_reminder,approved,recovered,246.51,2
CASE_02135,checkout_abandonment,10909.52,Customer history score: 0.69,"Checkout worth ₹10,909.52 was abandoned after 1230 minutes.",checkout_hesitation,reminder,approved,recovered,10909.52,2
CASE_02136,checkout_abandonment,7522.29,Customer history score: 0.69,"Checkout worth ₹7,522.29 was abandoned after 714 minutes.",checkout_hesitation,reminder,approved,recovered,7522.29,1
CASE_02137,checkout_abandonment,5575.94,Customer history score: 0.90,"Checkout worth ₹5,575.94 was abandoned after 1096 minutes.",high_intent_abandonment,targeted_reminder,approved,failed,0.0,0
CASE_02138,checkout_abandonment,3666.94,Customer history score: 0.69,"Checkout worth ₹3,666.94 was abandoned after 901 minutes.",checkout_hesitation,reminder,approved,recovered,3666.94,1
CASE_02139,checkout_abandonment,21113.54,Customer history score: 0.70,"Checkout worth ₹21,113.54 was abandoned after 429 minutes.",checkout_hesitation,reminder,approved,recovered,21113.54,2
CASE_02140,checkout_abandonment,4228.85,Customer history score: 0.60,"Checkout worth ₹4,228.85 was abandoned after 272 minutes.",repeated_abandonment,stop_outreach,approved,failed,0.0,0
CASE_02141,checkout_abandonment,805.1,Customer history score: 0.49,Checkout worth ₹805.10 was abandoned after 172 minutes.,repeated_abandonment,stop_outreach,approved,failed,0.0,0
CASE_02142,checkout_abandonment,6683.99,Customer history score: 0.58,"Checkout worth ₹6,683.99 was abandoned after 403 minutes.",repeated_abandonment,stop_outreach,approved,partial,3078.47,1
CASE_02143,checkout_abandonment,797.63,Customer history score: 0.59,Checkout worth ₹797.63 was abandoned after 869 minutes.,repeated_abandonment,stop_outreach,approved,failed,0.0,0
CASE_02144,checkout_abandonment,266.43,Customer history score: 0.60,Checkout worth ₹266.43 was abandoned after 32 minutes.,repeated_abandonment,stop_outreach,approved,failed,0.0,0
CASE_02145,checkout_abandonment,6815.96,Customer history score: 0.80,"Checkout worth ₹6,815.96 was abandoned after 1321 minutes.",high_intent_abandonment,targeted_reminder,approved,recovered,6815.96,2
CASE_02146,checkout_abandonment,3371.46,Customer history score: 0.68,"Checkout worth ₹3,371.46 was abandoned after 76 minutes.",checkout_hesitation,reminder,approved,recovered,3371.46,1
CASE_02147,checkout_abandonment,8386.32,Customer history score: 0.69,"Checkout worth ₹8,386.32 was abandoned after 402 minutes.",checkout_hesitation,reminder,approved,recovered,8386.32,1
CASE_02148,checkout_abandonment,703.84,Customer history score: 0.99,Checkout worth ₹703.84 was abandoned after 1004 minutes.,high_intent_abandonment,targeted_reminder,approved,partial,214.45,3
CASE_02149,checkout_abandonment,1699.01,Customer history score: 0.79,"Checkout worth ₹1,699.01 was abandoned after 1166 minutes.",checkout_hesitation,reminder,approved,partial,1082.23,1
CASE_02150,checkout_abandonment,751.15,Customer history score: 0.79,Checkout worth ₹751.15 was abandoned after 513 minutes.,checkout_hesitation,reminder,approved,failed,0.0,0
CASE_02151,checkout_abandonment,9379.83,Customer history score: 0.89,"Checkout worth ₹9,379.83 was abandoned after 1404 minutes.",high_intent_abandonment,targeted_reminder,approved,recovered,9379.83,1
CASE_02152,checkout_abandonment,6419.22,Customer history score: 0.90,"Checkout worth ₹6,419.22 was abandoned after 461 minutes.",high_intent_abandonment,targeted_reminder,approved,partial,3550.91,4
CASE_02153,checkout_abandonment,1624.31,Customer history score: 0.89,"Checkout worth ₹1,624.31 was abandoned after 787 minutes.",high_intent_abandonment,targeted_reminder,approved,recovered,1624.31,2
CASE_02154,checkout_abandonment,3947.48,Customer history score: 0.70,"Checkout worth ₹3,947.48 was abandoned after 232 minutes.",checkout_hesitation,reminder,approved,failed,0.0,0
CASE_02155,checkout_abandonment,3979.85,Customer history score: 0.79,"Checkout worth ₹3,979.85 was abandoned after 1306 minutes.",checkout_hesitation,reminder,approved,recovered,3979.85,2
CASE_02156,checkout_abandonment,10240.54,Customer history score: 0.60,"Checkout worth ₹10,240.54 was abandoned after 965 minutes.",repeated_abandonment,stop_outreach,approved,failed,0.0,0
CASE_02157,checkout_abandonment,229.91,Customer history score: 0.79,Checkout worth ₹229.91 was abandoned after 146 minutes.,checkout_hesitation,reminder,approved,recovered,229.91,1
CASE_02158,checkout_abandonment,28146.96,Customer history score: 0.79,"Checkout worth ₹28,146.96 was abandoned after 1313 minutes.",checkout_hesitation,reminder,approved,failed,0.0,0
CASE_02159,checkout_abandonment,4728.51,Customer history score: 0.69,"Checkout worth ₹4,728.51 was abandoned after 1011 minutes.",checkout_hesitation,reminder,approved,recovered,4728.51,1
CASE_02160,checkout_abandonment,559.42,Customer history score: 0.96,Checkout worth ₹559.42 was abandoned after 531 minutes.,high_intent_abandonment,targeted_reminder,approved,recovered,559.42,2
CASE_02161,checkout_abandonment,16232.31,Customer history score: 0.50,"Checkout worth ₹16,232.31 was abandoned after 128 minutes.",repeated_abandonment,stop_outreach,approved,failed,0.0,0
CASE_02162,checkout_abandonment,11762.76,Customer history score: 0.79,"Checkout worth ₹11,762.76 was abandoned after 1167 minutes.",checkout_hesitation,reminder,approved,recovered,11762.76,2
CASE_02163,checkout_abandonment,1529.69,Customer history score: 0.59,"Checkout worth ₹1,529.69 was abandoned after 1113 minutes.",repeated_abandonment,stop_outreach,approved,failed,0.0,0
CASE_02164,checkout_abandonment,7118.08,Customer history score: 0.79,"Checkout worth ₹7,118.08 was abandoned after 493 minutes.",checkout_hesitation,reminder,approved,recovered,7118.08,2
CASE_02165,checkout_abandonment,9715.98,Customer history score: 0.69,"Checkout worth ₹9,715.98 was abandoned after 1030 minutes.",checkout_hesitation,reminder,approved,recovered,9715.98,2
CASE_02166,checkout_abandonment,163.51,Customer history score: 0.90,Checkout worth ₹163.51 was abandoned after 136 minutes.,high_intent_abandonment,targeted_reminder,approved,recovered,163.51,1
CASE_02167,checkout_abandonment,4628.91,Customer history score: 0.59,"Checkout worth ₹4,628.91 was abandoned after 937 minutes.",repeated_abandonment,stop_outreach,approved,recovered,4628.91,2
CASE_02168,checkout_abandonment,27956.06,Customer history score: 0.59,"Checkout worth ₹27,956.06 was abandoned after 199 minutes.",repeated_abandonment,stop_outreach,approved,failed,0.0,0
CASE_02169,checkout_abandonment,8394.62,Customer history score: 0.59,"Checkout worth ₹8,394.62 was abandoned after 952 minutes.",repeated_abandonment,stop_outreach,approved,failed,0.0,0
CASE_02170,checkout_abandonment,2487.51,Customer history score: 0.59,"Checkout worth ₹2,487.51 was abandoned after 536 minutes.",repeated_abandonment,stop_outreach,approved,failed,0.0,0
CASE_02171,checkout_abandonment,687.24,Customer history score: 0.69,Checkout worth ₹687.24 was abandoned after 1435 minutes.,checkout_hesitation,reminder,approved,recovered,687.24,1
CASE_02172,checkout_abandonment,431.6,Customer history score: 0.50,Checkout worth ₹431.60 was abandoned after 163 minutes.,repeated_abandonment,stop_outreach,approved,failed,0.0,0
CASE_02173,checkout_abandonment,5410.77,Customer history score: 0.89,"Checkout worth ₹5,410.77 was abandoned after 1261 minutes.",high_intent_abandonment,targeted_reminder,approved,recovered,5410.77,1
CASE_02174,checkout_abandonment,334.49,Customer history score: 0.98,Checkout worth ₹334.49 was abandoned after 228 minutes.,high_intent_abandonment,targeted_reminder,approved,partial,95.24,3
CASE_02175,checkout_abandonment,2402.02,Customer history score: 0.60,"Checkout worth ₹2,402.02 was abandoned after 925 minutes.",repeated_abandonment,stop_outreach,approved,failed,0.0,0
CASE_02176,checkout_abandonment,234.06,Customer history score: 0.89,Checkout worth ₹234.06 was abandoned after 523 minutes.,high_intent_abandonment,targeted_reminder,approved,recovered,234.06,2
CASE_02177,checkout_abandonment,499.66,Customer history score: 0.70,Checkout worth ₹499.66 was abandoned after 365 minutes.,checkout_hesitation,reminder,approved,recovered,499.66,1
CASE_02178,checkout_abandonment,3099.22,Customer history score: 0.69,"Checkout worth ₹3,099.22 was abandoned after 242 minutes.",checkout_hesitation,reminder,approved,recovered,3099.22,2
CASE_02179,checkout_abandonment,18984.59,Customer history score: 0.69,"Checkout worth ₹18,984.59 was abandoned after 887 minutes.",checkout_hesitation,reminder,approved,recovered,18984.59,1
CASE_02180,checkout_abandonment,3383.08,Customer history score: 0.79,"Checkout worth ₹3,383.08 was abandoned after 1205 minutes.",checkout_hesitation,reminder,approved,recovered,3383.08,2
CASE_02181,checkout_abandonment,4227.19,Customer history score: 0.79,"Checkout worth ₹4,227.19 was abandoned after 793 minutes.",checkout_hesitation,reminder,approved,recovered,4227.19,2
CASE_02182,checkout_abandonment,807.59,Customer history score: 0.79,Checkout worth ₹807.59 was abandoned after 254 minutes.,checkout_hesitation,reminder,approved,partial,562.75,3
CASE_02183,checkout_abandonment,6400.96,Customer history score: 0.79,"Checkout worth ₹6,400.96 was abandoned after 1299 minutes.",checkout_hesitation,reminder,approved,recovered,6400.96,1
CASE_02184,checkout_abandonment,44976.04,Customer history score: 0.50,"Checkout worth ₹44,976.04 was abandoned after 508 minutes.",repeated_abandonment,stop_outreach,approved,failed,0.0,0
CASE_02185,checkout_abandonment,161.85,Customer history score: 0.70,Checkout worth ₹161.85 was abandoned after 365 minutes.,checkout_hesitation,reminder,approved,recovered,161.85,1
CASE_02186,checkout_abandonment,6619.25,Customer history score: 0.59,"Checkout worth ₹6,619.25 was abandoned after 809 minutes.",repeated_abandonment,stop_outreach,approved,recovered,6619.25,2
CASE_02187,checkout_abandonment,847.43,Customer history score: 0.90,Checkout worth ₹847.43 was abandoned after 1134 minutes.,high_intent_abandonment,targeted_reminder,approved,failed,0.0,0
CASE_02188,checkout_abandonment,13900.01,Customer history score: 0.98,"Checkout worth ₹13,900.01 was abandoned after 762 minutes.",high_intent_abandonment,targeted_reminder,approved,failed,0.0,0
CASE_02189,checkout_abandonment,8109.93,Customer history score: 0.79,"Checkout worth ₹8,109.93 was abandoned after 735 minutes.",checkout_hesitation,reminder,approved,recovered,8109.93,1
CASE_02190,checkout_abandonment,570.21,Customer history score: 0.87,Checkout worth ₹570.21 was abandoned after 709 minutes.,high_intent_abandonment,targeted_reminder,approved,recovered,570.21,1
CASE_02191,checkout_abandonment,786.01,Customer history score: 0.70,Checkout worth ₹786.01 was abandoned after 1310 minutes.,checkout_hesitation,reminder,approved,partial,573.56,3
CASE_02192,checkout_abandonment,5893.83,Customer history score: 0.69,"Checkout worth ₹5,893.83 was abandoned after 1241 minutes.",checkout_hesitation,reminder,approved,failed,0.0,0
CASE_02193,checkout_abandonment,247.34,Customer history score: 0.89,Checkout worth ₹247.34 was abandoned after 355 minutes.,high_intent_abandonment,targeted_reminder,approved,recovered,247.34,2
CASE_02194,checkout_abandonment,6686.48,Customer history score: 0.69,"Checkout worth ₹6,686.48 was abandoned after 38 minutes.",checkout_hesitation,reminder,approved,partial,2244.0,4
CASE_02195,checkout_abandonment,7771.29,Customer history score: 0.98,"Checkout worth ₹7,771.29 was abandoned after 533 minutes.",high_intent_abandonment,targeted_reminder,approved,recovered,7771.29,2
CASE_02196,checkout_abandonment,1478.23,Customer history score: 0.49,"Checkout worth ₹1,478.23 was abandoned after 351 minutes.",repeated_abandonment,stop_outreach,approved,failed,0.0,0
CASE_02197,checkout_abandonment,8941.59,Customer history score: 0.79,"Checkout worth ₹8,941.59 was abandoned after 1333 minutes.",checkout_hesitation,reminder,approved,recovered,8941.59,1
CASE_02198,checkout_abandonment,18726.46,Customer history score: 0.78,"Checkout worth ₹18,726.46 was abandoned after 1064 minutes.",checkout_hesitation,reminder,approved,partial,9506.79,4
CASE_02199,checkout_abandonment,8431.97,Customer history score: 0.69,"Checkout worth ₹8,431.97 was abandoned after 1016 minutes.",checkout_hesitation,reminder,approved,recovered,8431.97,1
CASE_02200,checkout_abandonment,574.36,Customer history score: 0.99,Checkout worth ₹574.36 was abandoned after 872 minutes.,high_intent_abandonment,targeted_reminder,approved,recovered,574.36,1
CASE_02201,checkout_abandonment,4226.36,Customer history score: 0.70,"Checkout worth ₹4,226.36 was abandoned after 543 minutes.",checkout_hesitation,reminder,approved,recovered,4226.36,1
CASE_02202,checkout_abandonment,553.61,Customer history score: 0.90,Checkout worth ₹553.61 was abandoned after 1221 minutes.,high_intent_abandonment,targeted_reminder,approved,partial,243.22,3
CASE_02203,checkout_abandonment,5619.93,Customer history score: 0.69,"Checkout worth ₹5,619.93 was abandoned after 588 minutes.",checkout_hesitation,reminder,approved,recovered,5619.93,2
CASE_02204,checkout_abandonment,18334.7,Customer history score: 0.69,"Checkout worth ₹18,334.70 was abandoned after 348 minutes.",checkout_hesitation,reminder,approved,recovered,18334.7,2
CASE_02205,checkout_abandonment,2067.53,Customer history score: 0.90,"Checkout worth ₹2,067.53 was abandoned after 1102 minutes.",high_intent_abandonment,targeted_reminder,approved,recovered,2067.53,2
CASE_02206,checkout_abandonment,1406.85,Customer history score: 0.59,"Checkout worth ₹1,406.85 was abandoned after 849 minutes.",repeated_abandonment,stop_outreach,approved,failed,0.0,0
CASE_02207,checkout_abandonment,2242.66,Customer history score: 0.69,"Checkout worth ₹2,242.66 was abandoned after 880 minutes.",checkout_hesitation,reminder,approved,failed,0.0,0
CASE_02208,checkout_abandonment,4069.49,Customer history score: 0.69,"Checkout worth ₹4,069.49 was abandoned after 375 minutes.",checkout_hesitation,reminder,approved,failed,0.0,0
CASE_02209,checkout_abandonment,311.25,Customer history score: 0.70,Checkout worth ₹311.25 was abandoned after 549 minutes.,checkout_hesitation,reminder,approved,partial,208.3,3
CASE_02210,checkout_abandonment,2297.44,Customer history score: 0.89,"Checkout worth ₹2,297.44 was abandoned after 1418 minutes.",high_intent_abandonment,targeted_reminder,approved,failed,0.0,0
CASE_02211,checkout_abandonment,8463.51,Customer history score: 0.49,"Checkout worth ₹8,463.51 was abandoned after 72 minutes.",repeated_abandonment,stop_outreach,approved,failed,0.0,0
CASE_02212,checkout_abandonment,297.14,Customer history score: 0.89,Checkout worth ₹297.14 was abandoned after 192 minutes.,high_intent_abandonment,targeted_reminder,approved,recovered,297.14,2
CASE_02213,checkout_abandonment,7234.28,Customer history score: 0.99,"Checkout worth ₹7,234.28 was abandoned after 1315 minutes.",high_intent_abandonment,targeted_reminder,approved,recovered,7234.28,1
CASE_02214,checkout_abandonment,4388.21,Customer history score: 0.90,"Checkout worth ₹4,388.21 was abandoned after 491 minutes.",high_intent_abandonment,targeted_reminder,approved,partial,2830.15,4
CASE_02215,checkout_abandonment,5917.9,Customer history score: 0.59,"Checkout worth ₹5,917.90 was abandoned after 1033 minutes.",repeated_abandonment,stop_outreach,approved,failed,0.0,0
CASE_02216,checkout_abandonment,2307.4,Customer history score: 0.50,"Checkout worth ₹2,307.40 was abandoned after 831 minutes.",repeated_abandonment,stop_outreach,approved,recovered,2307.4,2
CASE_02217,checkout_abandonment,1674.94,Customer history score: 0.79,"Checkout worth ₹1,674.94 was abandoned after 558 minutes.",checkout_hesitation,reminder,approved,partial,919.07,1
CASE_02218,checkout_abandonment,141.1,Customer history score: 0.98,Checkout worth ₹141.10 was abandoned after 835 minutes.,high_intent_abandonment,targeted_reminder,approved,failed,0.0,0
CASE_02219,checkout_abandonment,2127.29,Customer history score: 0.96,"Checkout worth ₹2,127.29 was abandoned after 456 minutes.",high_intent_abandonment,targeted_reminder,approved,failed,0.0,0
CASE_02220,checkout_abandonment,1198.52,Customer history score: 0.88,"Checkout worth ₹1,198.52 was abandoned after 1307 minutes.",high_intent_abandonment,targeted_reminder,approved,recovered,1198.52,1
CASE_02221,checkout_abandonment,4599.86,Customer history score: 0.50,"Checkout worth ₹4,599.86 was abandoned after 252 minutes.",repeated_abandonment,stop_outreach,approved,recovered,4599.86,2
CASE_02222,checkout_abandonment,7540.55,Customer history score: 0.59,"Checkout worth ₹7,540.55 was abandoned after 151 minutes.",repeated_abandonment,stop_outreach,approved,failed,0.0,0
CASE_02223,checkout_abandonment,1701.5,Customer history score: 0.59,"Checkout worth ₹1,701.50 was abandoned after 335 minutes.",repeated_abandonment,stop_outreach,approved,partial,521.26,4
CASE_02224,checkout_abandonment,3947.48,Customer history score: 0.70,"Checkout worth ₹3,947.48 was abandoned after 232 minutes.",checkout_hesitation,reminder,approved,failed,0.0,0
CASE_02225,checkout_abandonment,4271.18,Customer history score: 0.69,"Checkout worth ₹4,271.18 was abandoned after 893 minutes.",checkout_hesitation,reminder,approved,recovered,4271.18,1
CASE_02226,checkout_abandonment,1819.36,Customer history score: 0.99,"Checkout worth ₹1,819.36 was abandoned after 111 minutes.",high_intent_abandonment,targeted_reminder,approved,recovered,1819.36,2
CASE_02227,checkout_abandonment,16174.21,Customer history score: 0.98,"Checkout worth ₹16,174.21 was abandoned after 573 minutes.",high_intent_abandonment,targeted_reminder,approved,recovered,16174.21,1
CASE_02228,checkout_abandonment,688.07,Customer history score: 0.79,Checkout worth ₹688.07 was abandoned after 1087 minutes.,checkout_hesitation,reminder,approved,failed,0.0,0
CASE_02229,checkout_abandonment,6718.85,Customer history score: 0.59,"Checkout worth ₹6,718.85 was abandoned after 742 minutes.",repeated_abandonment,stop_outreach,approved,partial,2529.39,3
CASE_02230,checkout_abandonment,5408.28,Customer history score: 0.50,"Checkout worth ₹5,408.28 was abandoned after 1084 minutes.",repeated_abandonment,stop_outreach,approved,partial,2783.55,1
CASE_02231,checkout_abandonment,2537.31,Customer history score: 0.96,"Checkout worth ₹2,537.31 was abandoned after 204 minutes.",high_intent_abandonment,targeted_reminder,approved,partial,767.24,3
CASE_02232,checkout_abandonment,493.02,Customer history score: 0.49,Checkout worth ₹493.02 was abandoned after 426 minutes.,repeated_abandonment,stop_outreach,approved,failed,0.0,0
CASE_02233,checkout_abandonment,121.18,Customer history score: 0.88,Checkout worth ₹121.18 was abandoned after 542 minutes.,high_intent_abandonment,targeted_reminder,approved,recovered,121.18,1
CASE_02234,checkout_abandonment,2286.65,Customer history score: 0.59,"Checkout worth ₹2,286.65 was abandoned after 626 minutes.",repeated_abandonment,stop_outreach,approved,recovered,2286.65,1
CASE_02235,checkout_abandonment,440.73,Customer history score: 0.90,Checkout worth ₹440.73 was abandoned after 1169 minutes.,high_intent_abandonment,targeted_reminder,approved,recovered,440.73,1
CASE_02236,checkout_abandonment,2533.16,Customer history score: 0.69,"Checkout worth ₹2,533.16 was abandoned after 1281 minutes.",checkout_hesitation,reminder,approved,recovered,2533.16,1
CASE_02237,checkout_abandonment,232.4,Customer history score: 0.60,Checkout worth ₹232.40 was abandoned after 1048 minutes.,repeated_abandonment,stop_outreach,approved,partial,172.15,4
CASE_02238,checkout_abandonment,823.36,Customer history score: 0.69,Checkout worth ₹823.36 was abandoned after 1386 minutes.,checkout_hesitation,reminder,approved,failed,0.0,0
CASE_02239,checkout_abandonment,244.85,Customer history score: 0.59,Checkout worth ₹244.85 was abandoned after 266 minutes.,repeated_abandonment,stop_outreach,approved,recovered,244.85,2
CASE_02240,checkout_abandonment,17913.06,Customer history score: 0.99,"Checkout worth ₹17,913.06 was abandoned after 1026 minutes.",high_intent_abandonment,targeted_reminder,approved,recovered,17913.06,1
CASE_02241,checkout_abandonment,3081.79,Customer history score: 0.79,"Checkout worth ₹3,081.79 was abandoned after 170 minutes.",checkout_hesitation,reminder,approved,recovered,3081.79,2
CASE_02242,checkout_abandonment,6417.56,Customer history score: 0.70,"Checkout worth ₹6,417.56 was abandoned after 285 minutes.",checkout_hesitation,reminder,approved,recovered,6417.56,1
CASE_02243,checkout_abandonment,8918.35,Customer history score: 0.89,"Checkout worth ₹8,918.35 was abandoned after 539 minutes.",high_intent_abandonment,targeted_reminder,approved,recovered,8918.35,1
CASE_02244,checkout_abandonment,3332.45,Customer history score: 0.79,"Checkout worth ₹3,332.45 was abandoned after 402 minutes.",checkout_hesitation,reminder,approved,recovered,3332.45,1
CASE_02245,checkout_abandonment,219.95,Customer history score: 0.59,Checkout worth ₹219.95 was abandoned after 96 minutes.,repeated_abandonment,stop_outreach,approved,failed,0.0,0
CASE_02246,checkout_abandonment,6786.08,Customer history score: 0.49,"Checkout worth ₹6,786.08 was abandoned after 491 minutes.",repeated_abandonment,stop_outreach,approved,failed,0.0,0
CASE_02247,checkout_abandonment,167.66,Customer history score: 0.79,Checkout worth ₹167.66 was abandoned after 1039 minutes.,checkout_hesitation,reminder,approved,failed,0.0,0
CASE_02248,checkout_abandonment,8948.23,Customer history score: 0.89,"Checkout worth ₹8,948.23 was abandoned after 932 minutes.",high_intent_abandonment,targeted_reminder,approved,recovered,8948.23,2
CASE_02249,checkout_abandonment,85.49,Customer history score: 0.69,Checkout worth ₹85.49 was abandoned after 1007 minutes.,checkout_hesitation,reminder,approved,recovered,85.49,2
CASE_02250,checkout_abandonment,2206.97,Customer history score: 0.70,"Checkout worth ₹2,206.97 was abandoned after 862 minutes.",checkout_hesitation,reminder,approved,failed,0.0,0
CASE_02251,overdue_invoice,68666.67,11 previous invoices; 2 previous late payments.,"Invoice of ₹68,666.67 is 50 days overdue.",customer_dispute,human_review,escalated,partial,18237.52,9
CASE_02252,overdue_invoice,89717.98,12 previous invoices; 2 previous late payments.,"Invoice of ₹89,717.98 is 33 days overdue.",repeated_late_payer,promise_to_pay,approved,recovered,89717.98,13
CASE_02253,overdue_invoice,83762.05,4 previous invoices; 0 previous late payments.,"Invoice of ₹83,762.05 is 114 days overdue.",repeated_late_payer,promise_to_pay,approved,partial,39772.3,19
CASE_02254,overdue_invoice,51911.49,13 previous invoices; 3 previous late payments.,"Invoice of ₹51,911.49 is 14 days overdue.",recently_overdue,payment_reminder,approved,failed,0.0,0
CASE_02255,overdue_invoice,83219.45,4 previous invoices; 0 previous late payments.,"Invoice of ₹83,219.45 is 58 days overdue.",repeated_late_payer,promise_to_pay,approved,failed,0.0,0
CASE_02256,overdue_invoice,13679.89,9 previous invoices; 2 previous late payments.,"Invoice of ₹13,679.89 is 74 days overdue.",repeated_late_payer,promise_to_pay,approved,recovered,13679.89,10
CASE_02257,overdue_invoice,19895.87,6 previous invoices; 0 previous late payments.,"Invoice of ₹19,895.87 is 101 days overdue.",repeated_late_payer,promise_to_pay,approved,recovered,19895.87,6
CASE_02258,overdue_invoice,166252.22,7 previous invoices; 2 previous late payments.,"Invoice of ₹166,252.22 is 46 days overdue.",repeated_late_payer,promise_to_pay,approved,partial,55060.92,17
CASE_02259,overdue_invoice,31177.16,13 previous invoices; 1 previous late payments.,"Invoice of ₹31,177.16 is 33 days overdue.",repeated_late_payer,promise_to_pay,approved,recovered,31177.16,5
CASE_02260,overdue_invoice,52514.59,10 previous invoices; 9 previous late payments.,"Invoice of ₹52,514.59 is 23 days overdue.",repeated_late_payer,promise_to_pay,approved,recovered,52514.59,8
CASE_02261,overdue_invoice,165948.52,13 previous invoices; 4 previous late payments.,"Invoice of ₹165,948.52 is 43 days overdue.",repeated_late_payer,promise_to_pay,approved,recovered,165948.52,14
CASE_02262,overdue_invoice,156684.29,3 previous invoices; 0 previous late payments.,"Invoice of ₹156,684.29 is 81 days overdue.",repeated_late_payer,promise_to_pay,approved,recovered,156684.29,3
CASE_02263,overdue_invoice,84262.57,6 previous invoices; 2 previous late payments.,"Invoice of ₹84,262.57 is 48 days overdue.",repeated_late_payer,promise_to_pay,approved,recovered,84262.57,10
CASE_02264,overdue_invoice,139291.41,12 previous invoices; 1 previous late payments.,"Invoice of ₹139,291.41 is 108 days overdue.",repeated_late_payer,promise_to_pay,approved,recovered,139291.41,5
CASE_02265,overdue_invoice,26691.07,10 previous invoices; 0 previous late payments.,"Invoice of ₹26,691.07 is 71 days overdue.",repeated_late_payer,promise_to_pay,approved,failed,0.0,0
CASE_02266,overdue_invoice,23658.09,11 previous invoices; 2 previous late payments.,"Invoice of ₹23,658.09 is 26 days overdue.",repeated_late_payer,promise_to_pay,approved,recovered,23658.09,10
CASE_02267,overdue_invoice,55167.01,13 previous invoices; 2 previous late payments.,"Invoice of ₹55,167.01 is 87 days overdue.",repeated_late_payer,promise_to_pay,approved,recovered,55167.01,8
CASE_02268,overdue_invoice,71968.16,13 previous invoices; 8 previous late payments.,"Invoice of ₹71,968.16 is 54 days overdue.",repeated_late_payer,promise_to_pay,approved,recovered,71968.16,5
CASE_02269,overdue_invoice,91159.3,7 previous invoices; 1 previous late payments.,"Invoice of ₹91,159.30 is 96 days overdue.",repeated_late_payer,promise_to_pay,approved,partial,37684.56,13
CASE_02270,overdue_invoice,125930.85,3 previous invoices; 0 previous late payments.,"Invoice of ₹125,930.85 is 42 days overdue.",repeated_late_payer,promise_to_pay,approved,recovered,125930.85,8
CASE_02271,overdue_invoice,289407.59,9 previous invoices; 1 previous late payments.,"Invoice of ₹289,407.59 is 44 days overdue.",customer_dispute,human_review,escalated,partial,155009.82,14
CASE_02272,overdue_invoice,16510.84,6 previous invoices; 0 previous late payments.,"Invoice of ₹16,510.84 is 117 days overdue.",repeated_late_payer,promise_to_pay,approved,recovered,16510.84,8
CASE_02273,overdue_invoice,10000.0,11 previous invoices; 5 previous late payments.,"Invoice of ₹10,000.00 is 47 days overdue.",repeated_late_payer,promise_to_pay,approved,recovered,10000.0,12
CASE_02274,overdue_invoice,164941.11,11 previous invoices; 2 previous late payments.,"Invoice of ₹164,941.11 is 92 days overdue.",repeated_late_payer,promise_to_pay,approved,recovered,164941.11,12
CASE_02275,overdue_invoice,36549.4,12 previous invoices; 3 previous late payments.,"Invoice of ₹36,549.40 is 22 days overdue.",repeated_late_payer,promise_to_pay,approved,recovered,36549.4,4
CASE_02276,overdue_invoice,252220.84,11 previous invoices; 1 previous late payments.,"Invoice of ₹252,220.84 is 91 days overdue.",repeated_late_payer,promise_to_pay,approved,recovered,252220.84,3
CASE_02277,overdue_invoice,167844.8,3 previous invoices; 0 previous late payments.,"Invoice of ₹167,844.80 is 11 days overdue.",recently_overdue,payment_reminder,approved,recovered,167844.8,8
CASE_02278,overdue_invoice,26098.68,8 previous invoices; 6 previous late payments.,"Invoice of ₹26,098.68 is 101 days overdue.",repeated_late_payer,promise_to_pay,approved,recovered,26098.68,10
CASE_02279,overdue_invoice,58147.42,4 previous invoices; 1 previous late payments.,"Invoice of ₹58,147.42 is 25 days overdue.",repeated_late_payer,promise_to_pay,approved,recovered,58147.42,10
CASE_02280,overdue_invoice,134055.44,5 previous invoices; 1 previous late payments.,"Invoice of ₹134,055.44 is 84 days overdue.",repeated_late_payer,promise_to_pay,approved,recovered,134055.44,2
CASE_02281,overdue_invoice,47360.94,13 previous invoices; 3 previous late payments.,"Invoice of ₹47,360.94 is 74 days overdue.",repeated_late_payer,promise_to_pay,approved,recovered,47360.94,10
CASE_02282,overdue_invoice,48383.93,4 previous invoices; 2 previous late payments.,"Invoice of ₹48,383.93 is 91 days overdue.",repeated_late_payer,promise_to_pay,approved,failed,0.0,0
CASE_02283,overdue_invoice,96146.0,14 previous invoices; 4 previous late payments.,"Invoice of ₹96,146.00 is 68 days overdue.",repeated_late_payer,promise_to_pay,approved,recovered,96146.0,2
CASE_02284,overdue_invoice,58576.32,3 previous invoices; 0 previous late payments.,"Invoice of ₹58,576.32 is 95 days overdue.",repeated_late_payer,promise_to_pay,approved,failed,0.0,0
CASE_02285,overdue_invoice,18246.21,5 previous invoices; 0 previous late payments.,"Invoice of ₹18,246.21 is 57 days overdue.",repeated_late_payer,promise_to_pay,approved,recovered,18246.21,11
CASE_02286,overdue_invoice,197022.89,5 previous invoices; 0 previous late payments.,"Invoice of ₹197,022.89 is 53 days overdue.",repeated_late_payer,promise_to_pay,approved,failed,0.0,0
CASE_02287,overdue_invoice,108295.82,10 previous invoices; 1 previous late payments.,"Invoice of ₹108,295.82 is 91 days overdue.",repeated_late_payer,promise_to_pay,approved,recovered,108295.82,12
CASE_02288,overdue_invoice,83219.45,4 previous invoices; 0 previous late payments.,"Invoice of ₹83,219.45 is 58 days overdue.",repeated_late_payer,promise_to_pay,approved,recovered,83219.45,3
CASE_02289,overdue_invoice,73454.4,9 previous invoices; 6 previous late payments.,"Invoice of ₹73,454.40 is 116 days overdue.",repeated_late_payer,promise_to_pay,approved,recovered,73454.4,9
CASE_02290,overdue_invoice,49546.28,13 previous invoices; 2 previous late payments.,"Invoice of ₹49,546.28 is 117 days overdue.",repeated_late_payer,promise_to_pay,approved,partial,32629.49,17
CASE_02291,overdue_invoice,123188.54,11 previous invoices; 2 previous late payments.,"Invoice of ₹123,188.54 is 18 days overdue.",customer_dispute,human_review,escalated,failed,0.0,0
CASE_02292,overdue_invoice,28439.11,8 previous invoices; 3 previous late payments.,"Invoice of ₹28,439.11 is 90 days overdue.",repeated_late_payer,promise_to_pay,approved,recovered,28439.11,13
CASE_02293,overdue_invoice,79511.16,12 previous invoices; 1 previous late payments.,"Invoice of ₹79,511.16 is 15 days overdue.",recently_overdue,payment_reminder,approved,recovered,79511.16,8
CASE_02294,overdue_invoice,58254.38,13 previous invoices; 6 previous late payments.,"Invoice of ₹58,254.38 is 93 days overdue.",repeated_late_payer,promise_to_pay,approved,recovered,58254.38,6
CASE_02295,overdue_invoice,65166.15,4 previous invoices; 2 previous late payments.,"Invoice of ₹65,166.15 is 116 days overdue.",repeated_late_payer,promise_to_pay,approved,recovered,65166.15,4
CASE_02296,overdue_invoice,171352.65,3 previous invoices; 0 previous late payments.,"Invoice of ₹171,352.65 is 117 days overdue.",repeated_late_payer,promise_to_pay,approved,recovered,171352.65,10
CASE_02297,overdue_invoice,68999.89,6 previous invoices; 2 previous late payments.,"Invoice of ₹68,999.89 is 50 days overdue.",repeated_late_payer,promise_to_pay,approved,recovered,68999.89,6
CASE_02298,overdue_invoice,45676.53,10 previous invoices; 3 previous late payments.,"Invoice of ₹45,676.53 is 79 days overdue.",repeated_late_payer,promise_to_pay,approved,failed,0.0,0
CASE_02299,overdue_invoice,68849.38,9 previous invoices; 0 previous late payments.,"Invoice of ₹68,849.38 is 114 days overdue.",repeated_late_payer,promise_to_pay,approved,failed,0.0,0
CASE_02300,overdue_invoice,48979.86,9 previous invoices; 2 previous late payments.,"Invoice of ₹48,979.86 is 9 days overdue.",recently_overdue,payment_reminder,approved,recovered,48979.86,9
CASE_02301,overdue_invoice,82417.12,9 previous invoices; 0 previous late payments.,"Invoice of ₹82,417.12 is 116 days overdue.",repeated_late_payer,promise_to_pay,approved,failed,0.0,0
CASE_02302,overdue_invoice,66790.09,10 previous invoices; 1 previous late payments.,"Invoice of ₹66,790.09 is 41 days overdue.",repeated_late_payer,promise_to_pay,approved,failed,0.0,0
CASE_02303,overdue_invoice,99489.16,9 previous invoices; 1 previous late payments.,"Invoice of ₹99,489.16 is 47 days overdue.",repeated_late_payer,promise_to_pay,approved,recovered,99489.16,7
CASE_02304,overdue_invoice,188287.88,4 previous invoices; 2 previous late payments.,"Invoice of ₹188,287.88 is 74 days overdue.",repeated_late_payer,promise_to_pay,approved,recovered,188287.88,2
CASE_02305,overdue_invoice,135370.82,12 previous invoices; 1 previous late payments.,"Invoice of ₹135,370.82 is 16 days overdue.",repeated_late_payer,promise_to_pay,approved,recovered,135370.82,2
CASE_02306,overdue_invoice,84805.97,4 previous invoices; 0 previous late payments.,"Invoice of ₹84,805.97 is 62 days overdue.",repeated_late_payer,promise_to_pay,approved,recovered,84805.97,10
CASE_02307,overdue_invoice,198035.56,3 previous invoices; 0 previous late payments.,"Invoice of ₹198,035.56 is 25 days overdue.",repeated_late_payer,promise_to_pay,approved,recovered,198035.56,11
CASE_02308,overdue_invoice,41278.85,3 previous invoices; 0 previous late payments.,"Invoice of ₹41,278.85 is 12 days overdue.",recently_overdue,payment_reminder,approved,recovered,41278.85,3
CASE_02309,overdue_invoice,99185.1,10 previous invoices; 1 previous late payments.,"Invoice of ₹99,185.10 is 63 days overdue.",repeated_late_payer,promise_to_pay,approved,recovered,99185.1,3
CASE_02310,overdue_invoice,12880.09,11 previous invoices; 1 previous late payments.,"Invoice of ₹12,880.09 is 57 days overdue.",repeated_late_payer,promise_to_pay,approved,recovered,12880.09,8
CASE_02311,overdue_invoice,82861.2,6 previous invoices; 0 previous late payments.,"Invoice of ₹82,861.20 is 101 days overdue.",customer_dispute,human_review,escalated,failed,0.0,0
CASE_02312,overdue_invoice,119908.2,7 previous invoices; 0 previous late payments.,"Invoice of ₹119,908.20 is 78 days overdue.",repeated_late_payer,promise_to_pay,approved,recovered,119908.2,13
CASE_02313,overdue_invoice,61066.8,11 previous invoices; 2 previous late payments.,"Invoice of ₹61,066.80 is 15 days overdue.",recently_overdue,payment_reminder,approved,recovered,61066.8,10
CASE_02314,overdue_invoice,66866.06,6 previous invoices; 1 previous late payments.,"Invoice of ₹66,866.06 is 97 days overdue.",repeated_late_payer,promise_to_pay,approved,recovered,66866.06,13
CASE_02315,overdue_invoice,43175.84,12 previous invoices; 3 previous late payments.,"Invoice of ₹43,175.84 is 64 days overdue.",repeated_late_payer,promise_to_pay,approved,partial,30483.11,9
CASE_02316,overdue_invoice,263533.29,3 previous invoices; 0 previous late payments.,"Invoice of ₹263,533.29 is 34 days overdue.",repeated_late_payer,promise_to_pay,approved,recovered,263533.29,3
CASE_02317,overdue_invoice,70582.79,13 previous invoices; 4 previous late payments.,"Invoice of ₹70,582.79 is 41 days overdue.",repeated_late_payer,promise_to_pay,approved,recovered,70582.79,11
CASE_02318,overdue_invoice,224106.24,10 previous invoices; 0 previous late payments.,"Invoice of ₹224,106.24 is 98 days overdue.",repeated_late_payer,promise_to_pay,approved,recovered,224106.24,2
CASE_02319,overdue_invoice,43231.22,9 previous invoices; 1 previous late payments.,"Invoice of ₹43,231.22 is 70 days overdue.",repeated_late_payer,promise_to_pay,approved,recovered,43231.22,3
CASE_02320,overdue_invoice,31065.89,13 previous invoices; 3 previous late payments.,"Invoice of ₹31,065.89 is 99 days overdue.",repeated_late_payer,promise_to_pay,approved,failed,0.0,0
CASE_02321,overdue_invoice,31458.38,4 previous invoices; 1 previous late payments.,"Invoice of ₹31,458.38 is 62 days overdue.",repeated_late_payer,promise_to_pay,approved,recovered,31458.38,12
CASE_02322,overdue_invoice,47499.9,10 previous invoices; 1 previous late payments.,"Invoice of ₹47,499.90 is 4 days overdue.",recently_overdue,payment_reminder,approved,recovered,47499.9,7
CASE_02323,overdue_invoice,101596.74,4 previous invoices; 0 previous late payments.,"Invoice of ₹101,596.74 is 14 days overdue.",recently_overdue,payment_reminder,approved,recovered,101596.74,9
CASE_02324,overdue_invoice,66318.38,14 previous invoices; 3 previous late payments.,"Invoice of ₹66,318.38 is 97 days overdue.",repeated_late_payer,promise_to_pay,approved,recovered,66318.38,13
CASE_02325,overdue_invoice,28220.72,10 previous invoices; 1 previous late payments.,"Invoice of ₹28,220.72 is 26 days overdue.",repeated_late_payer,promise_to_pay,approved,partial,15131.84,7
CASE_02326,overdue_invoice,68966.11,12 previous invoices; 0 previous late payments.,"Invoice of ₹68,966.11 is 86 days overdue.",repeated_late_payer,promise_to_pay,approved,recovered,68966.11,9
CASE_02327,overdue_invoice,48491.01,10 previous invoices; 1 previous late payments.,"Invoice of ₹48,491.01 is 22 days overdue.",repeated_late_payer,promise_to_pay,approved,failed,0.0,0
CASE_02328,overdue_invoice,181208.63,12 previous invoices; 5 previous late payments.,"Invoice of ₹181,208.63 is 96 days overdue.",repeated_late_payer,promise_to_pay,approved,partial,105841.85,7
CASE_02329,overdue_invoice,27822.52,3 previous invoices; 0 previous late payments.,"Invoice of ₹27,822.52 is 50 days overdue.",repeated_late_payer,promise_to_pay,approved,recovered,27822.52,12
CASE_02330,overdue_invoice,61526.9,11 previous invoices; 1 previous late payments.,"Invoice of ₹61,526.90 is 67 days overdue.",repeated_late_payer,promise_to_pay,approved,failed,0.0,0
CASE_02331,overdue_invoice,111783.23,8 previous invoices; 0 previous late payments.,"Invoice of ₹111,783.23 is 23 days overdue.",customer_dispute,human_review,escalated,recovered,111783.23,14
CASE_02332,overdue_invoice,76219.35,9 previous invoices; 1 previous late payments.,"Invoice of ₹76,219.35 is 75 days overdue.",repeated_late_payer,promise_to_pay,approved,failed,0.0,0
CASE_02333,overdue_invoice,128263.94,3 previous invoices; 1 previous late payments.,"Invoice of ₹128,263.94 is 53 days overdue.",repeated_late_payer,promise_to_pay,approved,recovered,128263.94,9
CASE_02334,overdue_invoice,187536.73,4 previous invoices; 1 previous late payments.,"Invoice of ₹187,536.73 is 73 days overdue.",repeated_late_payer,promise_to_pay,approved,recovered,187536.73,14
CASE_02335,overdue_invoice,125910.89,7 previous invoices; 0 previous late payments.,"Invoice of ₹125,910.89 is 17 days overdue.",repeated_late_payer,promise_to_pay,approved,failed,0.0,0
CASE_02336,overdue_invoice,150468.63,10 previous invoices; 3 previous late payments.,"Invoice of ₹150,468.63 is 35 days overdue.",repeated_late_payer,promise_to_pay,approved,recovered,150468.63,7
CASE_02337,overdue_invoice,83752.56,3 previous invoices; 1 previous late payments.,"Invoice of ₹83,752.56 is 42 days overdue.",repeated_late_payer,promise_to_pay,approved,recovered,83752.56,5
CASE_02338,overdue_invoice,72686.57,5 previous invoices; 1 previous late payments.,"Invoice of ₹72,686.57 is 65 days overdue.",repeated_late_payer,promise_to_pay,approved,failed,0.0,0
CASE_02339,overdue_invoice,13658.54,7 previous invoices; 1 previous late payments.,"Invoice of ₹13,658.54 is 72 days overdue.",repeated_late_payer,promise_to_pay,approved,partial,7641.06,6
CASE_02340,overdue_invoice,102992.17,8 previous invoices; 0 previous late payments.,"Invoice of ₹102,992.17 is 114 days overdue.",repeated_late_payer,promise_to_pay,approved,recovered,102992.17,4
CASE_02341,overdue_invoice,45737.43,13 previous invoices; 1 previous late payments.,"Invoice of ₹45,737.43 is 54 days overdue.",repeated_late_payer,promise_to_pay,approved,failed,0.0,0
CASE_02342,overdue_invoice,72378.15,11 previous invoices; 2 previous late payments.,"Invoice of ₹72,378.15 is 57 days overdue.",repeated_late_payer,promise_to_pay,approved,recovered,72378.15,10
CASE_02343,overdue_invoice,56984.36,6 previous invoices; 3 previous late payments.,"Invoice of ₹56,984.36 is 37 days overdue.",repeated_late_payer,promise_to_pay,approved,failed,0.0,0
CASE_02344,overdue_invoice,88778.66,12 previous invoices; 0 previous late payments.,"Invoice of ₹88,778.66 is 100 days overdue.",repeated_late_payer,promise_to_pay,approved,recovered,88778.66,4
CASE_02345,overdue_invoice,79511.16,12 previous invoices; 1 previous late payments.,"Invoice of ₹79,511.16 is 15 days overdue.",recently_overdue,payment_reminder,approved,failed,0.0,0
CASE_02346,overdue_invoice,132598.78,8 previous invoices; 1 previous late payments.,"Invoice of ₹132,598.78 is 99 days overdue.",repeated_late_payer,promise_to_pay,approved,recovered,132598.78,4
CASE_02347,overdue_invoice,39824.12,14 previous invoices; 0 previous late payments.,"Invoice of ₹39,824.12 is 21 days overdue.",repeated_late_payer,promise_to_pay,approved,recovered,39824.12,10
CASE_02348,overdue_invoice,72049.94,7 previous invoices; 2 previous late payments.,"Invoice of ₹72,049.94 is 119 days overdue.",repeated_late_payer,promise_to_pay,approved,failed,0.0,0
CASE_02349,overdue_invoice,52410.39,11 previous invoices; 2 previous late payments.,"Invoice of ₹52,410.39 is 112 days overdue.",repeated_late_payer,promise_to_pay,approved,failed,0.0,0
CASE_02350,overdue_invoice,32835.8,14 previous invoices; 6 previous late payments.,"Invoice of ₹32,835.80 is 55 days overdue.",repeated_late_payer,promise_to_pay,approved,recovered,32835.8,3
CASE_02351,overdue_invoice,41357.83,5 previous invoices; 0 previous late payments.,"Invoice of ₹41,357.83 is 115 days overdue.",customer_dispute,human_review,escalated,failed,0.0,0
CASE_02352,overdue_invoice,47003.12,12 previous invoices; 2 previous late payments.,"Invoice of ₹47,003.12 is 69 days overdue.",repeated_late_payer,promise_to_pay,approved,failed,0.0,0
CASE_02353,overdue_invoice,68834.22,6 previous invoices; 2 previous late payments.,"Invoice of ₹68,834.22 is 29 days overdue.",repeated_late_payer,promise_to_pay,approved,recovered,68834.22,7
CASE_02354,overdue_invoice,21574.7,7 previous invoices; 0 previous late payments.,"Invoice of ₹21,574.70 is 97 days overdue.",repeated_late_payer,promise_to_pay,approved,partial,14614.03,13
CASE_02355,overdue_invoice,14731.57,6 previous invoices; 1 previous late payments.,"Invoice of ₹14,731.57 is 32 days overdue.",repeated_late_payer,promise_to_pay,approved,recovered,14731.57,10
CASE_02356,overdue_invoice,54078.59,14 previous invoices; 0 previous late payments.,"Invoice of ₹54,078.59 is 27 days overdue.",repeated_late_payer,promise_to_pay,approved,partial,32729.26,10
CASE_02357,overdue_invoice,47825.16,3 previous invoices; 0 previous late payments.,"Invoice of ₹47,825.16 is 75 days overdue.",repeated_late_payer,promise_to_pay,approved,recovered,47825.16,13
CASE_02358,overdue_invoice,43859.37,11 previous invoices; 4 previous late payments.,"Invoice of ₹43,859.37 is 35 days overdue.",repeated_late_payer,promise_to_pay,approved,recovered,43859.37,5
CASE_02359,overdue_invoice,138579.03,4 previous invoices; 0 previous late payments.,"Invoice of ₹138,579.03 is 35 days overdue.",repeated_late_payer,promise_to_pay,approved,failed,0.0,0
CASE_02360,overdue_invoice,57924.87,9 previous invoices; 1 previous late payments.,"Invoice of ₹57,924.87 is 92 days overdue.",repeated_late_payer,promise_to_pay,approved,recovered,57924.87,2
CASE_02361,overdue_invoice,77634.05,6 previous invoices; 0 previous late payments.,"Invoice of ₹77,634.05 is 22 days overdue.",repeated_late_payer,promise_to_pay,approved,recovered,77634.05,7
CASE_02362,overdue_invoice,44671.19,5 previous invoices; 4 previous late payments.,"Invoice of ₹44,671.19 is 3 days overdue.",repeated_late_payer,promise_to_pay,approved,recovered,44671.19,11
CASE_02363,overdue_invoice,68354.62,5 previous invoices; 0 previous late payments.,"Invoice of ₹68,354.62 is 86 days overdue.",repeated_late_payer,promise_to_pay,approved,recovered,68354.62,5
CASE_02364,overdue_invoice,18127.93,14 previous invoices; 1 previous late payments.,"Invoice of ₹18,127.93 is 52 days overdue.",repeated_late_payer,promise_to_pay,approved,failed,0.0,0
CASE_02365,overdue_invoice,35209.87,5 previous invoices; 0 previous late payments.,"Invoice of ₹35,209.87 is 57 days overdue.",repeated_late_payer,promise_to_pay,approved,recovered,35209.87,2
CASE_02366,overdue_invoice,41862.68,4 previous invoices; 0 previous late payments.,"Invoice of ₹41,862.68 is 56 days overdue.",repeated_late_payer,promise_to_pay,approved,recovered,41862.68,14
CASE_02367,overdue_invoice,57114.46,12 previous invoices; 1 previous late payments.,"Invoice of ₹57,114.46 is 73 days overdue.",repeated_late_payer,promise_to_pay,approved,recovered,57114.46,2
CASE_02368,overdue_invoice,56904.9,6 previous invoices; 1 previous late payments.,"Invoice of ₹56,904.90 is 90 days overdue.",repeated_late_payer,promise_to_pay,approved,recovered,56904.9,6
CASE_02369,overdue_invoice,64809.27,7 previous invoices; 1 previous late payments.,"Invoice of ₹64,809.27 is 57 days overdue.",repeated_late_payer,promise_to_pay,approved,partial,37447.2,11
CASE_02370,overdue_invoice,41847.99,8 previous invoices; 3 previous late payments.,"Invoice of ₹41,847.99 is 77 days overdue.",repeated_late_payer,promise_to_pay,approved,recovered,41847.99,4
CASE_02371,overdue_invoice,38186.84,8 previous invoices; 1 previous late payments.,"Invoice of ₹38,186.84 is 48 days overdue.",customer_dispute,human_review,escalated,failed,0.0,0
CASE_02372,overdue_invoice,57924.37,7 previous invoices; 0 previous late payments.,"Invoice of ₹57,924.37 is 33 days overdue.",repeated_late_payer,promise_to_pay,approved,failed,0.0,0
CASE_02373,overdue_invoice,77006.34,4 previous invoices; 0 previous late payments.,"Invoice of ₹77,006.34 is 88 days overdue.",repeated_late_payer,promise_to_pay,approved,recovered,77006.34,12
CASE_02374,overdue_invoice,285797.83,5 previous invoices; 4 previous late payments.,"Invoice of ₹285,797.83 is 105 days overdue.",repeated_late_payer,promise_to_pay,approved,recovered,285797.83,12
CASE_02375,overdue_invoice,329207.66,11 previous invoices; 1 previous late payments.,"Invoice of ₹329,207.66 is 62 days overdue.",repeated_late_payer,promise_to_pay,approved,recovered,329207.66,7
CASE_02376,overdue_invoice,47773.88,5 previous invoices; 1 previous late payments.,"Invoice of ₹47,773.88 is 63 days overdue.",repeated_late_payer,promise_to_pay,approved,partial,32034.24,5
CASE_02377,overdue_invoice,168262.7,3 previous invoices; 0 previous late payments.,"Invoice of ₹168,262.70 is 78 days overdue.",repeated_late_payer,promise_to_pay,approved,recovered,168262.7,3
CASE_02378,overdue_invoice,105800.26,13 previous invoices; 3 previous late payments.,"Invoice of ₹105,800.26 is 79 days overdue.",repeated_late_payer,promise_to_pay,approved,recovered,105800.26,9
CASE_02379,overdue_invoice,44414.24,11 previous invoices; 2 previous late payments.,"Invoice of ₹44,414.24 is 42 days overdue.",repeated_late_payer,promise_to_pay,approved,recovered,44414.24,10
CASE_02380,overdue_invoice,52220.06,10 previous invoices; 1 previous late payments.,"Invoice of ₹52,220.06 is 101 days overdue.",repeated_late_payer,promise_to_pay,approved,recovered,52220.06,10
CASE_02381,overdue_invoice,100026.3,8 previous invoices; 2 previous late payments.,"Invoice of ₹100,026.30 is 98 days overdue.",repeated_late_payer,promise_to_pay,approved,recovered,100026.3,8
CASE_02382,overdue_invoice,36758.08,5 previous invoices; 0 previous late payments.,"Invoice of ₹36,758.08 is 40 days overdue.",repeated_late_payer,promise_to_pay,approved,recovered,36758.08,6
CASE_02383,overdue_invoice,119908.2,7 previous invoices; 0 previous late payments.,"Invoice of ₹119,908.20 is 78 days overdue.",repeated_late_payer,promise_to_pay,approved,recovered,119908.2,4
CASE_02384,overdue_invoice,226102.29,3 previous invoices; 0 previous late payments.,"Invoice of ₹226,102.29 is 57 days overdue.",repeated_late_payer,promise_to_pay,approved,recovered,226102.29,14
CASE_02385,overdue_invoice,22845.18,9 previous invoices; 1 previous late payments.,"Invoice of ₹22,845.18 is 86 days overdue.",repeated_late_payer,promise_to_pay,approved,recovered,22845.18,10
CASE_02386,overdue_invoice,59955.33,5 previous invoices; 0 previous late payments.,"Invoice of ₹59,955.33 is 98 days overdue.",repeated_late_payer,promise_to_pay,approved,recovered,59955.33,8
CASE_02387,overdue_invoice,130296.09,12 previous invoices; 3 previous late payments.,"Invoice of ₹130,296.09 is 53 days overdue.",repeated_late_payer,promise_to_pay,approved,recovered,130296.09,11
CASE_02388,overdue_invoice,23296.17,3 previous invoices; 1 previous late payments.,"Invoice of ₹23,296.17 is 50 days overdue.",repeated_late_payer,promise_to_pay,approved,recovered,23296.17,7
CASE_02389,overdue_invoice,100820.7,6 previous invoices; 1 previous late payments.,"Invoice of ₹100,820.70 is 110 days overdue.",repeated_late_payer,promise_to_pay,approved,recovered,100820.7,5
CASE_02390,overdue_invoice,52170.28,12 previous invoices; 3 previous late payments.,"Invoice of ₹52,170.28 is 36 days overdue.",repeated_late_payer,promise_to_pay,approved,recovered,52170.28,10
CASE_02391,overdue_invoice,67658.86,3 previous invoices; 0 previous late payments.,"Invoice of ₹67,658.86 is 46 days overdue.",customer_dispute,human_review,escalated,failed,0.0,0
CASE_02392,overdue_invoice,75902.86,6 previous invoices; 0 previous late payments.,"Invoice of ₹75,902.86 is 23 days overdue.",repeated_late_payer,promise_to_pay,approved,recovered,75902.86,4
CASE_02393,overdue_invoice,43175.84,12 previous invoices; 3 previous late payments.,"Invoice of ₹43,175.84 is 64 days overdue.",repeated_late_payer,promise_to_pay,approved,recovered,43175.84,12
CASE_02394,overdue_invoice,130808.2,4 previous invoices; 4 previous late payments.,"Invoice of ₹130,808.20 is 59 days overdue.",repeated_late_payer,promise_to_pay,approved,recovered,130808.2,2
CASE_02395,overdue_invoice,40506.15,12 previous invoices; 2 previous late payments.,"Invoice of ₹40,506.15 is 25 days overdue.",repeated_late_payer,promise_to_pay,approved,recovered,40506.15,12
CASE_02396,overdue_invoice,209034.6,7 previous invoices; 2 previous late payments.,"Invoice of ₹209,034.60 is 109 days overdue.",repeated_late_payer,promise_to_pay,approved,failed,0.0,0
CASE_02397,overdue_invoice,49822.9,4 previous invoices; 1 previous late payments.,"Invoice of ₹49,822.90 is 105 days overdue.",repeated_late_payer,promise_to_pay,approved,partial,34203.15,8
CASE_02398,overdue_invoice,24504.24,12 previous invoices; 3 previous late payments.,"Invoice of ₹24,504.24 is 114 days overdue.",repeated_late_payer,promise_to_pay,approved,recovered,24504.24,10
CASE_02399,overdue_invoice,187330.29,10 previous invoices; 0 previous late payments.,"Invoice of ₹187,330.29 is 75 days overdue.",repeated_late_payer,promise_to_pay,approved,recovered,187330.29,11
CASE_02400,overdue_invoice,48979.86,9 previous invoices; 2 previous late payments.,"Invoice of ₹48,979.86 is 9 days overdue.",recently_overdue,payment_reminder,approved,failed,0.0,0
CASE_02401,overdue_invoice,10000.0,9 previous invoices; 0 previous late payments.,"Invoice of ₹10,000.00 is 116 days overdue.",repeated_late_payer,promise_to_pay,approved,recovered,10000.0,12
CASE_02402,overdue_invoice,26098.68,8 previous invoices; 6 previous late payments.,"Invoice of ₹26,098.68 is 101 days overdue.",repeated_late_payer,promise_to_pay,approved,recovered,26098.68,13
CASE_02403,overdue_invoice,38286.5,4 previous invoices; 2 previous late payments.,"Invoice of ₹38,286.50 is 23 days overdue.",repeated_late_payer,promise_to_pay,approved,recovered,38286.5,2
CASE_02404,overdue_invoice,143452.64,6 previous invoices; 0 previous late payments.,"Invoice of ₹143,452.64 is 38 days overdue.",repeated_late_payer,promise_to_pay,approved,recovered,143452.64,3
CASE_02405,overdue_invoice,37391.28,7 previous invoices; 1 previous late payments.,"Invoice of ₹37,391.28 is 36 days overdue.",repeated_late_payer,promise_to_pay,approved,recovered,37391.28,3
CASE_02406,overdue_invoice,66790.09,10 previous invoices; 1 previous late payments.,"Invoice of ₹66,790.09 is 41 days overdue.",repeated_late_payer,promise_to_pay,approved,recovered,66790.09,11
CASE_02407,overdue_invoice,31457.02,5 previous invoices; 0 previous late payments.,"Invoice of ₹31,457.02 is 43 days overdue.",repeated_late_payer,promise_to_pay,approved,recovered,31457.02,3
CASE_02408,overdue_invoice,45379.48,4 previous invoices; 0 previous late payments.,"Invoice of ₹45,379.48 is 30 days overdue.",repeated_late_payer,promise_to_pay,approved,failed,0.0,0
CASE_02409,overdue_invoice,20582.56,7 previous invoices; 2 previous late payments.,"Invoice of ₹20,582.56 is 92 days overdue.",repeated_late_payer,promise_to_pay,approved,recovered,20582.56,6
CASE_02410,overdue_invoice,71745.13,9 previous invoices; 1 previous late payments.,"Invoice of ₹71,745.13 is 85 days overdue.",repeated_late_payer,promise_to_pay,approved,recovered,71745.13,2
CASE_02411,overdue_invoice,47499.9,10 previous invoices; 1 previous late payments.,"Invoice of ₹47,499.90 is 4 days overdue.",customer_dispute,human_review,escalated,recovered,47499.9,10
CASE_02412,overdue_invoice,39933.8,6 previous invoices; 0 previous late payments.,"Invoice of ₹39,933.80 is 34 days overdue.",repeated_late_payer,promise_to_pay,approved,recovered,39933.8,11
CASE_02413,overdue_invoice,90589.02,7 previous invoices; 2 previous late payments.,"Invoice of ₹90,589.02 is 80 days overdue.",repeated_late_payer,promise_to_pay,approved,recovered,90589.02,12
CASE_02414,overdue_invoice,31457.02,5 previous invoices; 0 previous late payments.,"Invoice of ₹31,457.02 is 43 days overdue.",repeated_late_payer,promise_to_pay,approved,partial,15991.18,15
CASE_02415,overdue_invoice,333506.95,12 previous invoices; 5 previous late payments.,"Invoice of ₹333,506.95 is 68 days overdue.",repeated_late_payer,promise_to_pay,approved,failed,0.0,0
CASE_02416,overdue_invoice,73047.44,4 previous invoices; 0 previous late payments.,"Invoice of ₹73,047.44 is 13 days overdue.",recently_overdue,payment_reminder,approved,recovered,73047.44,10
CASE_02417,overdue_invoice,109232.96,14 previous invoices; 11 previous late payments.,"Invoice of ₹109,232.96 is 73 days overdue.",repeated_late_payer,promise_to_pay,approved,recovered,109232.96,12
CASE_02418,overdue_invoice,42315.25,4 previous invoices; 0 previous late payments.,"Invoice of ₹42,315.25 is 43 days overdue.",repeated_late_payer,promise_to_pay,approved,recovered,42315.25,4
CASE_02419,overdue_invoice,27050.69,12 previous invoices; 0 previous late payments.,"Invoice of ₹27,050.69 is 13 days overdue.",recently_overdue,payment_reminder,approved,recovered,27050.69,12
CASE_02420,overdue_invoice,80155.89,11 previous invoices; 6 previous late payments.,"Invoice of ₹80,155.89 is 81 days overdue.",repeated_late_payer,promise_to_pay,approved,recovered,80155.89,3
CASE_02421,overdue_invoice,189745.91,14 previous invoices; 8 previous late payments.,"Invoice of ₹189,745.91 is 45 days overdue.",repeated_late_payer,promise_to_pay,approved,recovered,189745.91,14
CASE_02422,overdue_invoice,14049.49,5 previous invoices; 3 previous late payments.,"Invoice of ₹14,049.49 is 70 days overdue.",repeated_late_payer,promise_to_pay,approved,recovered,14049.49,14
CASE_02423,overdue_invoice,106429.38,11 previous invoices; 1 previous late payments.,"Invoice of ₹106,429.38 is 84 days overdue.",repeated_late_payer,promise_to_pay,approved,recovered,106429.38,12
CASE_02424,overdue_invoice,42871.34,7 previous invoices; 0 previous late payments.,"Invoice of ₹42,871.34 is 63 days overdue.",repeated_late_payer,promise_to_pay,approved,recovered,42871.34,7
CASE_02425,overdue_invoice,29448.18,3 previous invoices; 0 previous late payments.,"Invoice of ₹29,448.18 is 26 days overdue.",repeated_late_payer,promise_to_pay,approved,failed,0.0,0
CASE_02426,overdue_invoice,90364.8,13 previous invoices; 3 previous late payments.,"Invoice of ₹90,364.80 is 68 days overdue.",repeated_late_payer,promise_to_pay,approved,recovered,90364.8,13
CASE_02427,overdue_invoice,56293.91,9 previous invoices; 0 previous late payments.,"Invoice of ₹56,293.91 is 84 days overdue.",repeated_late_payer,promise_to_pay,approved,recovered,56293.91,8
CASE_02428,overdue_invoice,112350.07,14 previous invoices; 11 previous late payments.,"Invoice of ₹112,350.07 is 71 days overdue.",repeated_late_payer,promise_to_pay,approved,recovered,112350.07,7
CASE_02429,overdue_invoice,84157.98,13 previous invoices; 2 previous late payments.,"Invoice of ₹84,157.98 is 54 days overdue.",repeated_late_payer,promise_to_pay,approved,recovered,84157.98,10
CASE_02430,overdue_invoice,66024.01,3 previous invoices; 0 previous late payments.,"Invoice of ₹66,024.01 is 15 days overdue.",recently_overdue,payment_reminder,approved,failed,0.0,0
CASE_02431,overdue_invoice,97002.79,4 previous invoices; 0 previous late payments.,"Invoice of ₹97,002.79 is 88 days overdue.",customer_dispute,human_review,escalated,failed,0.0,0
CASE_02432,overdue_invoice,230737.82,3 previous invoices; 1 previous late payments.,"Invoice of ₹230,737.82 is 105 days overdue.",repeated_late_payer,promise_to_pay,approved,recovered,230737.82,3
CASE_02433,overdue_invoice,87995.27,9 previous invoices; 1 previous late payments.,"Invoice of ₹87,995.27 is 47 days overdue.",repeated_late_payer,promise_to_pay,approved,recovered,87995.27,9
CASE_02434,overdue_invoice,265315.18,8 previous invoices; 4 previous late payments.,"Invoice of ₹265,315.18 is 30 days overdue.",repeated_late_payer,promise_to_pay,approved,failed,0.0,0
CASE_02435,overdue_invoice,163067.78,5 previous invoices; 2 previous late payments.,"Invoice of ₹163,067.78 is 77 days overdue.",repeated_late_payer,promise_to_pay,approved,recovered,163067.78,8
CASE_02436,overdue_invoice,259582.42,4 previous invoices; 0 previous late payments.,"Invoice of ₹259,582.42 is 109 days overdue.",repeated_late_payer,promise_to_pay,approved,recovered,259582.42,7
CASE_02437,overdue_invoice,64684.13,13 previous invoices; 1 previous late payments.,"Invoice of ₹64,684.13 is 90 days overdue.",repeated_late_payer,promise_to_pay,approved,recovered,64684.13,2
CASE_02438,overdue_invoice,122589.7,6 previous invoices; 0 previous late payments.,"Invoice of ₹122,589.70 is 99 days overdue.",repeated_late_payer,promise_to_pay,approved,recovered,122589.7,6
CASE_02439,overdue_invoice,135370.82,12 previous invoices; 1 previous late payments.,"Invoice of ₹135,370.82 is 16 days overdue.",repeated_late_payer,promise_to_pay,approved,recovered,135370.82,8
CASE_02440,overdue_invoice,108792.2,7 previous invoices; 1 previous late payments.,"Invoice of ₹108,792.20 is 91 days overdue.",repeated_late_payer,promise_to_pay,approved,recovered,108792.2,9
CASE_02441,overdue_invoice,64684.13,13 previous invoices; 1 previous late payments.,"Invoice of ₹64,684.13 is 90 days overdue.",repeated_late_payer,promise_to_pay,approved,recovered,64684.13,4
CASE_02442,overdue_invoice,172427.5,11 previous invoices; 1 previous late payments.,"Invoice of ₹172,427.50 is 86 days overdue.",repeated_late_payer,promise_to_pay,approved,recovered,172427.5,10
CASE_02443,overdue_invoice,31007.7,11 previous invoices; 1 previous late payments.,"Invoice of ₹31,007.70 is 21 days overdue.",repeated_late_payer,promise_to_pay,approved,recovered,31007.7,6
CASE_02444,overdue_invoice,33021.24,11 previous invoices; 7 previous late payments.,"Invoice of ₹33,021.24 is 61 days overdue.",repeated_late_payer,promise_to_pay,approved,recovered,33021.24,10
CASE_02445,overdue_invoice,65616.58,9 previous invoices; 2 previous late payments.,"Invoice of ₹65,616.58 is 105 days overdue.",repeated_late_payer,promise_to_pay,approved,recovered,65616.58,12
CASE_02446,overdue_invoice,211736.6,11 previous invoices; 2 previous late payments.,"Invoice of ₹211,736.60 is 19 days overdue.",repeated_late_payer,promise_to_pay,approved,recovered,211736.6,4
CASE_02447,overdue_invoice,51535.02,5 previous invoices; 0 previous late payments.,"Invoice of ₹51,535.02 is 40 days overdue.",repeated_late_payer,promise_to_pay,approved,recovered,51535.02,14
CASE_02448,overdue_invoice,33837.0,13 previous invoices; 2 previous late payments.,"Invoice of ₹33,837.00 is 56 days overdue.",repeated_late_payer,promise_to_pay,approved,failed,0.0,0
CASE_02449,overdue_invoice,131195.02,7 previous invoices; 2 previous late payments.,"Invoice of ₹131,195.02 is 59 days overdue.",repeated_late_payer,promise_to_pay,approved,failed,0.0,0
CASE_02450,overdue_invoice,53299.0,11 previous invoices; 2 previous late payments.,"Invoice of ₹53,299.00 is 101 days overdue.",repeated_late_payer,promise_to_pay,approved,recovered,53299.0,13
CASE_02451,overdue_invoice,69912.59,11 previous invoices; 5 previous late payments.,"Invoice of ₹69,912.59 is 78 days overdue.",customer_dispute,human_review,escalated,recovered,69912.59,14
CASE_02452,overdue_invoice,79937.99,3 previous invoices; 0 previous late payments.,"Invoice of ₹79,937.99 is 32 days overdue.",repeated_late_payer,promise_to_pay,approved,recovered,79937.99,10
CASE_02453,overdue_invoice,78982.95,11 previous invoices; 5 previous late payments.,"Invoice of ₹78,982.95 is 47 days overdue.",repeated_late_payer,promise_to_pay,approved,recovered,78982.95,8
CASE_02454,overdue_invoice,117596.89,6 previous invoices; 1 previous late payments.,"Invoice of ₹117,596.89 is 87 days overdue.",repeated_late_payer,promise_to_pay,approved,recovered,117596.89,4
CASE_02455,overdue_invoice,65493.02,11 previous invoices; 1 previous late payments.,"Invoice of ₹65,493.02 is 35 days overdue.",repeated_late_payer,promise_to_pay,approved,recovered,65493.02,14
CASE_02456,overdue_invoice,73966.3,9 previous invoices; 2 previous late payments.,"Invoice of ₹73,966.30 is 71 days overdue.",repeated_late_payer,promise_to_pay,approved,recovered,73966.3,5
CASE_02457,overdue_invoice,104586.91,14 previous invoices; 5 previous late payments.,"Invoice of ₹104,586.91 is 40 days overdue.",repeated_late_payer,promise_to_pay,approved,failed,0.0,0
CASE_02458,overdue_invoice,30810.85,5 previous invoices; 4 previous late payments.,"Invoice of ₹30,810.85 is 98 days overdue.",repeated_late_payer,promise_to_pay,approved,recovered,30810.85,12
CASE_02459,overdue_invoice,66311.59,6 previous invoices; 0 previous late payments.,"Invoice of ₹66,311.59 is 8 days overdue.",recently_overdue,payment_reminder,approved,recovered,66311.59,12
CASE_02460,overdue_invoice,20308.51,10 previous invoices; 9 previous late payments.,"Invoice of ₹20,308.51 is 53 days overdue.",repeated_late_payer,promise_to_pay,approved,failed,0.0,0
CASE_02461,overdue_invoice,100034.03,9 previous invoices; 1 previous late payments.,"Invoice of ₹100,034.03 is 51 days overdue.",repeated_late_payer,promise_to_pay,approved,recovered,100034.03,12
CASE_02462,overdue_invoice,24527.54,14 previous invoices; 6 previous late payments.,"Invoice of ₹24,527.54 is 29 days overdue.",repeated_late_payer,promise_to_pay,approved,recovered,24527.54,9
CASE_02463,overdue_invoice,54238.32,9 previous invoices; 0 previous late payments.,"Invoice of ₹54,238.32 is 44 days overdue.",repeated_late_payer,promise_to_pay,approved,failed,0.0,0
CASE_02464,overdue_invoice,82862.95,7 previous invoices; 1 previous late payments.,"Invoice of ₹82,862.95 is 25 days overdue.",repeated_late_payer,promise_to_pay,approved,recovered,82862.95,8
CASE_02465,overdue_invoice,53602.12,12 previous invoices; 2 previous late payments.,"Invoice of ₹53,602.12 is 43 days overdue.",repeated_late_payer,promise_to_pay,approved,recovered,53602.12,10
CASE_02466,overdue_invoice,45177.69,10 previous invoices; 0 previous late payments.,"Invoice of ₹45,177.69 is 72 days overdue.",repeated_late_payer,promise_to_pay,approved,failed,0.0,0
CASE_02467,overdue_invoice,27456.5,9 previous invoices; 2 previous late payments.,"Invoice of ₹27,456.50 is 39 days overdue.",repeated_late_payer,promise_to_pay,approved,recovered,27456.5,14
CASE_02468,overdue_invoice,51310.7,12 previous invoices; 0 previous late payments.,"Invoice of ₹51,310.70 is 49 days overdue.",repeated_late_payer,promise_to_pay,approved,recovered,51310.7,6
CASE_02469,overdue_invoice,95845.08,11 previous invoices; 7 previous late payments.,"Invoice of ₹95,845.08 is 50 days overdue.",repeated_late_payer,promise_to_pay,approved,recovered,95845.08,3
CASE_02470,overdue_invoice,41355.54,11 previous invoices; 2 previous late payments.,"Invoice of ₹41,355.54 is 16 days overdue.",repeated_late_payer,promise_to_pay,approved,recovered,41355.54,12
CASE_02471,overdue_invoice,16974.55,9 previous invoices; 2 previous late payments.,"Invoice of ₹16,974.55 is 28 days overdue.",customer_dispute,human_review,escalated,failed,0.0,0
CASE_02472,overdue_invoice,30203.66,9 previous invoices; 0 previous late payments.,"Invoice of ₹30,203.66 is 31 days overdue.",repeated_late_payer,promise_to_pay,approved,recovered,30203.66,13
CASE_02473,overdue_invoice,203643.19,4 previous invoices; 2 previous late payments.,"Invoice of ₹203,643.19 is 62 days overdue.",repeated_late_payer,promise_to_pay,approved,recovered,203643.19,10
CASE_02474,overdue_invoice,524427.46,8 previous invoices; 2 previous late payments.,"Invoice of ₹524,427.46 is 62 days overdue.",high_value_overdue,account_escalation,approved,failed,0.0,0
CASE_02475,overdue_invoice,206562.65,6 previous invoices; 0 previous late payments.,"Invoice of ₹206,562.65 is 78 days overdue.",repeated_late_payer,promise_to_pay,approved,partial,53199.31,19
CASE_02476,overdue_invoice,59583.71,12 previous invoices; 4 previous late payments.,"Invoice of ₹59,583.71 is 13 days overdue.",repeated_late_payer,promise_to_pay,approved,recovered,59583.71,6
CASE_02477,overdue_invoice,109775.15,5 previous invoices; 2 previous late payments.,"Invoice of ₹109,775.15 is 82 days overdue.",repeated_late_payer,promise_to_pay,approved,recovered,109775.15,10
CASE_02478,overdue_invoice,53299.0,11 previous invoices; 2 previous late payments.,"Invoice of ₹53,299.00 is 101 days overdue.",repeated_late_payer,promise_to_pay,approved,recovered,53299.0,12
CASE_02479,overdue_invoice,106247.65,12 previous invoices; 3 previous late payments.,"Invoice of ₹106,247.65 is 108 days overdue.",repeated_late_payer,promise_to_pay,approved,recovered,106247.65,4
CASE_02480,overdue_invoice,91655.47,6 previous invoices; 2 previous late payments.,"Invoice of ₹91,655.47 is 14 days overdue.",recently_overdue,payment_reminder,approved,recovered,91655.47,6
CASE_02481,overdue_invoice,231491.72,13 previous invoices; 8 previous late payments.,"Invoice of ₹231,491.72 is 41 days overdue.",repeated_late_payer,promise_to_pay,approved,recovered,231491.72,8
CASE_02482,overdue_invoice,152127.41,4 previous invoices; 2 previous late payments.,"Invoice of ₹152,127.41 is 48 days overdue.",repeated_late_payer,promise_to_pay,approved,recovered,152127.41,6
CASE_02483,overdue_invoice,281849.21,9 previous invoices; 2 previous late payments.,"Invoice of ₹281,849.21 is 29 days overdue.",repeated_late_payer,promise_to_pay,approved,recovered,281849.21,12
CASE_02484,overdue_invoice,41362.56,11 previous invoices; 7 previous late payments.,"Invoice of ₹41,362.56 is 129 days overdue.",repeated_late_payer,promise_to_pay,approved,failed,0.0,0
CASE_02485,overdue_invoice,102643.72,11 previous invoices; 3 previous late payments.,"Invoice of ₹102,643.72 is 68 days overdue.",repeated_late_payer,promise_to_pay,approved,recovered,102643.72,13
CASE_02486,overdue_invoice,54238.32,9 previous invoices; 0 previous late payments.,"Invoice of ₹54,238.32 is 44 days overdue.",repeated_late_payer,promise_to_pay,approved,partial,21736.61,17
CASE_02487,overdue_invoice,189463.24,11 previous invoices; 2 previous late payments.,"Invoice of ₹189,463.24 is 88 days overdue.",repeated_late_payer,promise_to_pay,approved,recovered,189463.24,2
CASE_02488,overdue_invoice,10000.0,3 previous invoices; 2 previous late payments.,"Invoice of ₹10,000.00 is 99 days overdue.",repeated_late_payer,promise_to_pay,approved,recovered,10000.0,11
CASE_02489,overdue_invoice,208288.48,7 previous invoices; 3 previous late payments.,"Invoice of ₹208,288.48 is 92 days overdue.",repeated_late_payer,promise_to_pay,approved,recovered,208288.48,4
CASE_02490,overdue_invoice,57678.17,12 previous invoices; 1 previous late payments.,"Invoice of ₹57,678.17 is 79 days overdue.",repeated_late_payer,promise_to_pay,approved,failed,0.0,0
CASE_02491,overdue_invoice,165280.71,12 previous invoices; 1 previous late payments.,"Invoice of ₹165,280.71 is 117 days overdue.",customer_dispute,human_review,escalated,failed,0.0,0
CASE_02492,overdue_invoice,82154.26,7 previous invoices; 2 previous late payments.,"Invoice of ₹82,154.26 is 18 days overdue.",repeated_late_payer,promise_to_pay,approved,recovered,82154.26,11
CASE_02493,overdue_invoice,62671.12,3 previous invoices; 0 previous late payments.,"Invoice of ₹62,671.12 is 108 days overdue.",repeated_late_payer,promise_to_pay,approved,recovered,62671.12,9
CASE_02494,overdue_invoice,45676.53,10 previous invoices; 3 previous late payments.,"Invoice of ₹45,676.53 is 79 days overdue.",repeated_late_payer,promise_to_pay,approved,failed,0.0,0
CASE_02495,overdue_invoice,289407.59,9 previous invoices; 1 previous late payments.,"Invoice of ₹289,407.59 is 44 days overdue.",repeated_late_payer,promise_to_pay,approved,recovered,289407.59,5
CASE_02496,overdue_invoice,24504.24,12 previous invoices; 3 previous late payments.,"Invoice of ₹24,504.24 is 114 days overdue.",repeated_late_payer,promise_to_pay,approved,recovered,24504.24,13
CASE_02497,overdue_invoice,60118.12,13 previous invoices; 3 previous late payments.,"Invoice of ₹60,118.12 is 66 days overdue.",repeated_late_payer,promise_to_pay,approved,recovered,60118.12,3
CASE_02498,overdue_invoice,15996.93,8 previous invoices; 1 previous late payments.,"Invoice of ₹15,996.93 is 6 days overdue.",recently_overdue,payment_reminder,approved,recovered,15996.93,3
CASE_02499,overdue_invoice,31208.69,13 previous invoices; 3 previous late payments.,"Invoice of ₹31,208.69 is 70 days overdue.",repeated_late_payer,promise_to_pay,approved,recovered,31208.69,10
CASE_02500,overdue_invoice,52440.5,11 previous invoices; 5 previous late payments.,"Invoice of ₹52,440.50 is 38 days overdue.",repeated_late_payer,promise_to_pay,approved,recovered,52440.5,14
CASE_02501,overdue_invoice,182251.31,13 previous invoices; 2 previous late payments.,"Invoice of ₹182,251.31 is 45 days overdue.",repeated_late_payer,promise_to_pay,approved,failed,0.0,0
CASE_02502,overdue_invoice,108305.33,5 previous invoices; 1 previous late payments.,"Invoice of ₹108,305.33 is 68 days overdue.",repeated_late_payer,promise_to_pay,approved,recovered,108305.33,3
CASE_02503,overdue_invoice,146214.4,14 previous invoices; 4 previous late payments.,"Invoice of ₹146,214.40 is 56 days overdue.",repeated_late_payer,promise_to_pay,approved,recovered,146214.4,8
CASE_02504,overdue_invoice,59417.24,5 previous invoices; 0 previous late payments.,"Invoice of ₹59,417.24 is 51 days overdue.",repeated_late_payer,promise_to_pay,approved,partial,30462.04,14
CASE_02505,overdue_invoice,293563.66,14 previous invoices; 4 previous late payments.,"Invoice of ₹293,563.66 is 95 days overdue.",repeated_late_payer,promise_to_pay,approved,partial,90783.72,17
CASE_02506,overdue_invoice,38186.84,8 previous invoices; 1 previous late payments.,"Invoice of ₹38,186.84 is 48 days overdue.",repeated_late_payer,promise_to_pay,approved,recovered,38186.84,14
CASE_02507,overdue_invoice,177581.47,7 previous invoices; 2 previous late payments.,"Invoice of ₹177,581.47 is 56 days overdue.",repeated_late_payer,promise_to_pay,approved,recovered,177581.47,14
CASE_02508,overdue_invoice,32144.05,4 previous invoices; 0 previous late payments.,"Invoice of ₹32,144.05 is 33 days overdue.",repeated_late_payer,promise_to_pay,approved,recovered,32144.05,11
CASE_02509,overdue_invoice,132101.57,7 previous invoices; 0 previous late payments.,"Invoice of ₹132,101.57 is 42 days overdue.",repeated_late_payer,promise_to_pay,approved,recovered,132101.57,6
CASE_02510,overdue_invoice,53749.69,9 previous invoices; 0 previous late payments.,"Invoice of ₹53,749.69 is 24 days overdue.",repeated_late_payer,promise_to_pay,approved,recovered,53749.69,13
CASE_02511,overdue_invoice,37964.22,3 previous invoices; 0 previous late payments.,"Invoice of ₹37,964.22 is 120 days overdue.",customer_dispute,human_review,escalated,failed,0.0,0
CASE_02512,overdue_invoice,39934.97,14 previous invoices; 1 previous late payments.,"Invoice of ₹39,934.97 is 81 days overdue.",repeated_late_payer,promise_to_pay,approved,recovered,39934.97,14
CASE_02513,overdue_invoice,204668.14,3 previous invoices; 1 previous late payments.,"Invoice of ₹204,668.14 is 103 days overdue.",repeated_late_payer,promise_to_pay,approved,recovered,204668.14,3
CASE_02514,overdue_invoice,74571.9,4 previous invoices; 2 previous late payments.,"Invoice of ₹74,571.90 is 116 days overdue.",repeated_late_payer,promise_to_pay,approved,recovered,74571.9,8
CASE_02515,overdue_invoice,36386.65,10 previous invoices; 3 previous late payments.,"Invoice of ₹36,386.65 is 70 days overdue.",repeated_late_payer,promise_to_pay,approved,recovered,36386.65,2
CASE_02516,overdue_invoice,61552.6,3 previous invoices; 1 previous late payments.,"Invoice of ₹61,552.60 is 15 days overdue.",recently_overdue,payment_reminder,approved,partial,33247.61,14
CASE_02517,overdue_invoice,69988.01,7 previous invoices; 2 previous late payments.,"Invoice of ₹69,988.01 is 57 days overdue.",repeated_late_payer,promise_to_pay,approved,recovered,69988.01,5
CASE_02518,overdue_invoice,41862.68,4 previous invoices; 0 previous late payments.,"Invoice of ₹41,862.68 is 56 days overdue.",repeated_late_payer,promise_to_pay,approved,recovered,41862.68,3
CASE_02519,overdue_invoice,28086.87,6 previous invoices; 1 previous late payments.,"Invoice of ₹28,086.87 is 61 days overdue.",repeated_late_payer,promise_to_pay,approved,recovered,28086.87,14
CASE_02520,overdue_invoice,75342.0,9 previous invoices; 1 previous late payments.,"Invoice of ₹75,342.00 is 38 days overdue.",repeated_late_payer,promise_to_pay,approved,recovered,75342.0,11
CASE_02521,overdue_invoice,65166.15,4 previous invoices; 2 previous late payments.,"Invoice of ₹65,166.15 is 116 days overdue.",repeated_late_payer,promise_to_pay,approved,recovered,65166.15,4
CASE_02522,overdue_invoice,114244.33,12 previous invoices; 0 previous late payments.,"Invoice of ₹114,244.33 is 58 days overdue.",repeated_late_payer,promise_to_pay,approved,recovered,114244.33,4
CASE_02523,overdue_invoice,68849.38,9 previous invoices; 0 previous late payments.,"Invoice of ₹68,849.38 is 114 days overdue.",repeated_late_payer,promise_to_pay,approved,recovered,68849.38,9
CASE_02524,overdue_invoice,128633.54,3 previous invoices; 0 previous late payments.,"Invoice of ₹128,633.54 is 58 days overdue.",repeated_late_payer,promise_to_pay,approved,failed,0.0,0
CASE_02525,overdue_invoice,26143.96,7 previous invoices; 3 previous late payments.,"Invoice of ₹26,143.96 is 40 days overdue.",repeated_late_payer,promise_to_pay,approved,failed,0.0,0
CASE_02526,overdue_invoice,81664.51,11 previous invoices; 3 previous late payments.,"Invoice of ₹81,664.51 is 66 days overdue.",repeated_late_payer,promise_to_pay,approved,recovered,81664.51,3
CASE_02527,overdue_invoice,64809.27,7 previous invoices; 1 previous late payments.,"Invoice of ₹64,809.27 is 57 days overdue.",repeated_late_payer,promise_to_pay,approved,recovered,64809.27,12
CASE_02528,overdue_invoice,76219.35,9 previous invoices; 1 previous late payments.,"Invoice of ₹76,219.35 is 75 days overdue.",repeated_late_payer,promise_to_pay,approved,recovered,76219.35,14
CASE_02529,overdue_invoice,396875.58,11 previous invoices; 5 previous late payments.,"Invoice of ₹396,875.58 is 34 days overdue.",repeated_late_payer,promise_to_pay,approved,recovered,396875.58,11
CASE_02530,overdue_invoice,138579.03,4 previous invoices; 0 previous late payments.,"Invoice of ₹138,579.03 is 35 days overdue.",repeated_late_payer,promise_to_pay,approved,partial,76216.24,8
CASE_02531,overdue_invoice,10000.0,11 previous invoices; 5 previous late payments.,"Invoice of ₹10,000.00 is 47 days overdue.",customer_dispute,human_review,escalated,recovered,10000.0,13
CASE_02532,overdue_invoice,228350.86,9 previous invoices; 0 previous late payments.,"Invoice of ₹228,350.86 is 8 days overdue.",recently_overdue,payment_reminder,approved,failed,0.0,0
CASE_02533,overdue_invoice,52220.06,10 previous invoices; 1 previous late payments.,"Invoice of ₹52,220.06 is 101 days overdue.",repeated_late_payer,promise_to_pay,approved,failed,0.0,0
CASE_02534,overdue_invoice,37071.27,8 previous invoices; 1 previous late payments.,"Invoice of ₹37,071.27 is 101 days overdue.",repeated_late_payer,promise_to_pay,approved,recovered,37071.27,13
CASE_02535,overdue_invoice,26917.81,7 previous invoices; 1 previous late payments.,"Invoice of ₹26,917.81 is 35 days overdue.",repeated_late_payer,promise_to_pay,approved,recovered,26917.81,11
CASE_02536,overdue_invoice,26222.92,5 previous invoices; 0 previous late payments.,"Invoice of ₹26,222.92 is 97 days overdue.",repeated_late_payer,promise_to_pay,approved,recovered,26222.92,3
CASE_02537,overdue_invoice,266243.71,8 previous invoices; 3 previous late payments.,"Invoice of ₹266,243.71 is 107 days overdue.",repeated_late_payer,promise_to_pay,approved,recovered,266243.71,4
CASE_02538,overdue_invoice,200829.68,5 previous invoices; 1 previous late payments.,"Invoice of ₹200,829.68 is 50 days overdue.",repeated_late_payer,promise_to_pay,approved,recovered,200829.68,2
CASE_02539,overdue_invoice,19524.38,3 previous invoices; 0 previous late payments.,"Invoice of ₹19,524.38 is 97 days overdue.",repeated_late_payer,promise_to_pay,approved,recovered,19524.38,6
CASE_02540,overdue_invoice,69190.12,3 previous invoices; 1 previous late payments.,"Invoice of ₹69,190.12 is 85 days overdue.",repeated_late_payer,promise_to_pay,approved,recovered,69190.12,6
CASE_02541,overdue_invoice,44572.38,6 previous invoices; 1 previous late payments.,"Invoice of ₹44,572.38 is 67 days overdue.",repeated_late_payer,promise_to_pay,approved,recovered,44572.38,7
CASE_02542,overdue_invoice,53299.0,11 previous invoices; 2 previous late payments.,"Invoice of ₹53,299.00 is 101 days overdue.",repeated_late_payer,promise_to_pay,approved,recovered,53299.0,9
CASE_02543,overdue_invoice,52082.09,4 previous invoices; 0 previous late payments.,"Invoice of ₹52,082.09 is 42 days overdue.",repeated_late_payer,promise_to_pay,approved,recovered,52082.09,4
CASE_02544,overdue_invoice,40506.15,12 previous invoices; 2 previous late payments.,"Invoice of ₹40,506.15 is 25 days overdue.",repeated_late_payer,promise_to_pay,approved,failed,0.0,0
CASE_02545,overdue_invoice,355271.4,3 previous invoices; 2 previous late payments.,"Invoice of ₹355,271.40 is 48 days overdue.",repeated_late_payer,promise_to_pay,approved,recovered,355271.4,10
CASE_02546,overdue_invoice,52170.28,12 previous invoices; 3 previous late payments.,"Invoice of ₹52,170.28 is 36 days overdue.",repeated_late_payer,promise_to_pay,approved,recovered,52170.28,13
CASE_02547,overdue_invoice,23004.49,14 previous invoices; 3 previous late payments.,"Invoice of ₹23,004.49 is 34 days overdue.",repeated_late_payer,promise_to_pay,approved,recovered,23004.49,9
CASE_02548,overdue_invoice,257594.71,14 previous invoices; 11 previous late payments.,"Invoice of ₹257,594.71 is 28 days overdue.",repeated_late_payer,promise_to_pay,approved,recovered,257594.71,11
CASE_02549,overdue_invoice,69145.02,10 previous invoices; 0 previous late payments.,"Invoice of ₹69,145.02 is 95 days overdue.",repeated_late_payer,promise_to_pay,approved,recovered,69145.02,10
CASE_02550,overdue_invoice,28086.87,6 previous invoices; 1 previous late payments.,"Invoice of ₹28,086.87 is 61 days overdue.",repeated_late_payer,promise_to_pay,approved,recovered,28086.87,7
CASE_02551,overdue_invoice,81664.51,11 previous invoices; 3 previous late payments.,"Invoice of ₹81,664.51 is 66 days overdue.",customer_dispute,human_review,escalated,recovered,81664.51,5
CASE_02552,overdue_invoice,204668.14,3 previous invoices; 1 previous late payments.,"Invoice of ₹204,668.14 is 103 days overdue.",repeated_late_payer,promise_to_pay,approved,recovered,204668.14,14
CASE_02553,overdue_invoice,66866.06,6 previous invoices; 1 previous late payments.,"Invoice of ₹66,866.06 is 97 days overdue.",repeated_late_payer,promise_to_pay,approved,failed,0.0,0
CASE_02554,overdue_invoice,99383.71,13 previous invoices; 3 previous late payments.,"Invoice of ₹99,383.71 is 63 days overdue.",repeated_late_payer,promise_to_pay,approved,recovered,99383.71,8
CASE_02555,overdue_invoice,80751.95,14 previous invoices; 6 previous late payments.,"Invoice of ₹80,751.95 is 51 days overdue.",repeated_late_payer,promise_to_pay,approved,failed,0.0,0
CASE_02556,overdue_invoice,102886.06,14 previous invoices; 1 previous late payments.,"Invoice of ₹102,886.06 is 77 days overdue.",repeated_late_payer,promise_to_pay,approved,partial,69706.39,7
CASE_02557,overdue_invoice,108331.21,10 previous invoices; 0 previous late payments.,"Invoice of ₹108,331.21 is 43 days overdue.",repeated_late_payer,promise_to_pay,approved,recovered,108331.21,11
CASE_02558,overdue_invoice,111445.2,13 previous invoices; 2 previous late payments.,"Invoice of ₹111,445.20 is 83 days overdue.",repeated_late_payer,promise_to_pay,approved,failed,0.0,0
CASE_02559,overdue_invoice,228350.86,9 previous invoices; 0 previous late payments.,"Invoice of ₹228,350.86 is 8 days overdue.",recently_overdue,payment_reminder,approved,recovered,228350.86,2
CASE_02560,overdue_invoice,100820.7,6 previous invoices; 1 previous late payments.,"Invoice of ₹100,820.70 is 110 days overdue.",repeated_late_payer,promise_to_pay,approved,recovered,100820.7,14
CASE_02561,overdue_invoice,105641.3,7 previous invoices; 0 previous late payments.,"Invoice of ₹105,641.30 is 109 days overdue.",repeated_late_payer,promise_to_pay,approved,recovered,105641.3,6
CASE_02562,overdue_invoice,55050.0,6 previous invoices; 1 previous late payments.,"Invoice of ₹55,050.00 is 76 days overdue.",repeated_late_payer,promise_to_pay,approved,recovered,55050.0,5
CASE_02563,overdue_invoice,130287.26,6 previous invoices; 0 previous late payments.,"Invoice of ₹130,287.26 is 19 days overdue.",repeated_late_payer,promise_to_pay,approved,failed,0.0,0
CASE_02564,overdue_invoice,16711.01,12 previous invoices; 1 previous late payments.,"Invoice of ₹16,711.01 is 30 days overdue.",repeated_late_payer,promise_to_pay,approved,failed,0.0,0
CASE_02565,overdue_invoice,211489.64,12 previous invoices; 7 previous late payments.,"Invoice of ₹211,489.64 is 132 days overdue.",repeated_late_payer,promise_to_pay,approved,partial,150013.42,14
CASE_02566,overdue_invoice,59802.53,13 previous invoices; 4 previous late payments.,"Invoice of ₹59,802.53 is 86 days overdue.",repeated_late_payer,promise_to_pay,approved,failed,0.0,0
CASE_02567,overdue_invoice,159413.86,14 previous invoices; 3 previous late payments.,"Invoice of ₹159,413.86 is 128 days overdue.",repeated_late_payer,promise_to_pay,approved,recovered,159413.86,2
CASE_02568,overdue_invoice,167113.99,4 previous invoices; 1 previous late payments.,"Invoice of ₹167,113.99 is 18 days overdue.",repeated_late_payer,promise_to_pay,approved,recovered,167113.99,5
CASE_02569,overdue_invoice,82861.2,6 previous invoices; 0 previous late payments.,"Invoice of ₹82,861.20 is 101 days overdue.",repeated_late_payer,promise_to_pay,approved,recovered,82861.2,14
CASE_02570,overdue_invoice,106923.07,11 previous invoices; 4 previous late payments.,"Invoice of ₹106,923.07 is 75 days overdue.",repeated_late_payer,promise_to_pay,approved,failed,0.0,0
CASE_02571,overdue_invoice,212184.82,6 previous invoices; 0 previous late payments.,"Invoice of ₹212,184.82 is 69 days overdue.",customer_dispute,human_review,escalated,failed,0.0,0
CASE_02572,overdue_invoice,158844.48,8 previous invoices; 6 previous late payments.,"Invoice of ₹158,844.48 is 8 days overdue.",repeated_late_payer,promise_to_pay,approved,recovered,158844.48,10
CASE_02573,overdue_invoice,72295.16,12 previous invoices; 4 previous late payments.,"Invoice of ₹72,295.16 is 35 days overdue.",repeated_late_payer,promise_to_pay,approved,failed,0.0,0
CASE_02574,overdue_invoice,105436.72,9 previous invoices; 1 previous late payments.,"Invoice of ₹105,436.72 is 56 days overdue.",repeated_late_payer,promise_to_pay,approved,recovered,105436.72,11
CASE_02575,overdue_invoice,73220.72,6 previous invoices; 1 previous late payments.,"Invoice of ₹73,220.72 is 64 days overdue.",repeated_late_payer,promise_to_pay,approved,failed,0.0,0
CASE_02576,overdue_invoice,191042.2,9 previous invoices; 2 previous late payments.,"Invoice of ₹191,042.20 is 18 days overdue.",repeated_late_payer,promise_to_pay,approved,partial,136389.83,12
CASE_02577,overdue_invoice,35188.43,7 previous invoices; 0 previous late payments.,"Invoice of ₹35,188.43 is 74 days overdue.",repeated_late_payer,promise_to_pay,approved,partial,14502.02,7
CASE_02578,overdue_invoice,20701.11,4 previous invoices; 0 previous late payments.,"Invoice of ₹20,701.11 is 117 days overdue.",repeated_late_payer,promise_to_pay,approved,recovered,20701.11,14
CASE_02579,overdue_invoice,73945.62,10 previous invoices; 3 previous late payments.,"Invoice of ₹73,945.62 is 52 days overdue.",repeated_late_payer,promise_to_pay,approved,recovered,73945.62,8
CASE_02580,overdue_invoice,26143.96,7 previous invoices; 3 previous late payments.,"Invoice of ₹26,143.96 is 40 days overdue.",repeated_late_payer,promise_to_pay,approved,recovered,26143.96,11
CASE_02581,overdue_invoice,68289.71,12 previous invoices; 0 previous late payments.,"Invoice of ₹68,289.71 is 116 days overdue.",repeated_late_payer,promise_to_pay,approved,recovered,68289.71,4
CASE_02582,overdue_invoice,190573.5,3 previous invoices; 0 previous late payments.,"Invoice of ₹190,573.50 is 106 days overdue.",repeated_late_payer,promise_to_pay,approved,recovered,190573.5,12
CASE_02583,overdue_invoice,77634.05,6 previous invoices; 0 previous late payments.,"Invoice of ₹77,634.05 is 22 days overdue.",repeated_late_payer,promise_to_pay,approved,recovered,77634.05,13
CASE_02584,overdue_invoice,42530.04,7 previous invoices; 2 previous late payments.,"Invoice of ₹42,530.04 is 68 days overdue.",repeated_late_payer,promise_to_pay,approved,recovered,42530.04,4
CASE_02585,overdue_invoice,105065.2,8 previous invoices; 1 previous late payments.,"Invoice of ₹105,065.20 is 97 days overdue.",repeated_late_payer,promise_to_pay,approved,recovered,105065.2,14
CASE_02586,overdue_invoice,138579.03,4 previous invoices; 0 previous late payments.,"Invoice of ₹138,579.03 is 35 days overdue.",repeated_late_payer,promise_to_pay,approved,recovered,138579.03,2
CASE_02587,overdue_invoice,25682.0,11 previous invoices; 2 previous late payments.,"Invoice of ₹25,682.00 is 72 days overdue.",repeated_late_payer,promise_to_pay,approved,partial,18104.42,10
CASE_02588,overdue_invoice,68722.22,12 previous invoices; 1 previous late payments.,"Invoice of ₹68,722.22 is 82 days overdue.",repeated_late_payer,promise_to_pay,approved,partial,32769.05,15
CASE_02589,overdue_invoice,61552.6,3 previous invoices; 1 previous late payments.,"Invoice of ₹61,552.60 is 15 days overdue.",recently_overdue,payment_reminder,approved,recovered,61552.6,14
CASE_02590,overdue_invoice,131528.79,11 previous invoices; 2 previous late payments.,"Invoice of ₹131,528.79 is 71 days overdue.",repeated_late_payer,promise_to_pay,approved,recovered,131528.79,7
CASE_02591,overdue_invoice,82858.14,6 previous invoices; 0 previous late payments.,"Invoice of ₹82,858.14 is 112 days overdue.",customer_dispute,human_review,escalated,failed,0.0,0
CASE_02592,overdue_invoice,49546.28,13 previous invoices; 2 previous late payments.,"Invoice of ₹49,546.28 is 117 days overdue.",repeated_late_payer,promise_to_pay,approved,recovered,49546.28,10
CASE_02593,overdue_invoice,178350.27,13 previous invoices; 2 previous late payments.,"Invoice of ₹178,350.27 is 83 days overdue.",repeated_late_payer,promise_to_pay,approved,partial,82506.58,15
CASE_02594,overdue_invoice,143306.37,5 previous invoices; 4 previous late payments.,"Invoice of ₹143,306.37 is 31 days overdue.",repeated_late_payer,promise_to_pay,approved,recovered,143306.37,8
CASE_02595,overdue_invoice,23658.09,11 previous invoices; 2 previous late payments.,"Invoice of ₹23,658.09 is 26 days overdue.",repeated_late_payer,promise_to_pay,approved,failed,0.0,0
CASE_02596,overdue_invoice,75996.82,9 previous invoices; 1 previous late payments.,"Invoice of ₹75,996.82 is 85 days overdue.",repeated_late_payer,promise_to_pay,approved,recovered,75996.82,12
CASE_02597,overdue_invoice,78982.95,11 previous invoices; 5 previous late payments.,"Invoice of ₹78,982.95 is 47 days overdue.",repeated_late_payer,promise_to_pay,approved,recovered,78982.95,11
CASE_02598,overdue_invoice,132812.57,10 previous invoices; 1 previous late payments.,"Invoice of ₹132,812.57 is 72 days overdue.",repeated_late_payer,promise_to_pay,approved,recovered,132812.57,9
CASE_02599,overdue_invoice,43755.55,13 previous invoices; 1 previous late payments.,"Invoice of ₹43,755.55 is 95 days overdue.",repeated_late_payer,promise_to_pay,approved,recovered,43755.55,5
CASE_02600,overdue_invoice,108724.95,3 previous invoices; 0 previous late payments.,"Invoice of ₹108,724.95 is 59 days overdue.",repeated_late_payer,promise_to_pay,approved,recovered,108724.95,13
CASE_02601,overdue_invoice,80352.41,12 previous invoices; 2 previous late payments.,"Invoice of ₹80,352.41 is 111 days overdue.",repeated_late_payer,promise_to_pay,approved,partial,29010.97,6
CASE_02602,overdue_invoice,102312.49,12 previous invoices; 0 previous late payments.,"Invoice of ₹102,312.49 is 121 days overdue.",repeated_late_payer,promise_to_pay,approved,failed,0.0,0
CASE_02603,overdue_invoice,68966.11,12 previous invoices; 0 previous late payments.,"Invoice of ₹68,966.11 is 86 days overdue.",repeated_late_payer,promise_to_pay,approved,recovered,68966.11,14
CASE_02604,overdue_invoice,46064.6,4 previous invoices; 1 previous late payments.,"Invoice of ₹46,064.60 is 87 days overdue.",repeated_late_payer,promise_to_pay,approved,failed,0.0,0
CASE_02605,overdue_invoice,79035.69,14 previous invoices; 2 previous late payments.,"Invoice of ₹79,035.69 is 99 days overdue.",repeated_late_payer,promise_to_pay,approved,failed,0.0,0
CASE_02606,overdue_invoice,168262.7,3 previous invoices; 0 previous late payments.,"Invoice of ₹168,262.70 is 78 days overdue.",repeated_late_payer,promise_to_pay,approved,recovered,168262.7,14
CASE_02607,overdue_invoice,92063.61,10 previous invoices; 3 previous late payments.,"Invoice of ₹92,063.61 is 114 days overdue.",repeated_late_payer,promise_to_pay,approved,failed,0.0,0
CASE_02608,overdue_invoice,91443.89,13 previous invoices; 3 previous late payments.,"Invoice of ₹91,443.89 is 49 days overdue.",repeated_late_payer,promise_to_pay,approved,partial,57304.84,16
CASE_02609,overdue_invoice,24504.24,12 previous invoices; 3 previous late payments.,"Invoice of ₹24,504.24 is 114 days overdue.",repeated_late_payer,promise_to_pay,approved,recovered,24504.24,4
CASE_02610,overdue_invoice,10000.0,7 previous invoices; 0 previous late payments.,"Invoice of ₹10,000.00 is 98 days overdue.",repeated_late_payer,promise_to_pay,approved,recovered,10000.0,10
CASE_02611,overdue_invoice,100642.77,7 previous invoices; 1 previous late payments.,"Invoice of ₹100,642.77 is 109 days overdue.",customer_dispute,human_review,escalated,failed,0.0,0
CASE_02612,overdue_invoice,143452.64,6 previous invoices; 0 previous late payments.,"Invoice of ₹143,452.64 is 38 days overdue.",repeated_late_payer,promise_to_pay,approved,recovered,143452.64,3
CASE_02613,overdue_invoice,43839.25,10 previous invoices; 0 previous late payments.,"Invoice of ₹43,839.25 is 85 days overdue.",repeated_late_payer,promise_to_pay,approved,recovered,43839.25,5
CASE_02614,overdue_invoice,182061.54,3 previous invoices; 0 previous late payments.,"Invoice of ₹182,061.54 is 36 days overdue.",repeated_late_payer,promise_to_pay,approved,recovered,182061.54,14
CASE_02615,overdue_invoice,158837.46,14 previous invoices; 2 previous late payments.,"Invoice of ₹158,837.46 is 68 days overdue.",repeated_late_payer,promise_to_pay,approved,partial,97678.69,14
CASE_02616,overdue_invoice,19752.03,14 previous invoices; 2 previous late payments.,"Invoice of ₹19,752.03 is 90 days overdue.",repeated_late_payer,promise_to_pay,approved,recovered,19752.03,10
CASE_02617,overdue_invoice,41845.48,12 previous invoices; 0 previous late payments.,"Invoice of ₹41,845.48 is 59 days overdue.",repeated_late_payer,promise_to_pay,approved,recovered,41845.48,9
CASE_02618,overdue_invoice,29263.38,8 previous invoices; 3 previous late payments.,"Invoice of ₹29,263.38 is 117 days overdue.",repeated_late_payer,promise_to_pay,approved,recovered,29263.38,14
CASE_02619,overdue_invoice,208633.59,11 previous invoices; 2 previous late payments.,"Invoice of ₹208,633.59 is 57 days overdue.",repeated_late_payer,promise_to_pay,approved,failed,0.0,0
CASE_02620,overdue_invoice,35033.03,4 previous invoices; 1 previous late payments.,"Invoice of ₹35,033.03 is 41 days overdue.",repeated_late_payer,promise_to_pay,approved,recovered,35033.03,8
CASE_02621,overdue_invoice,87754.94,4 previous invoices; 2 previous late payments.,"Invoice of ₹87,754.94 is 54 days overdue.",repeated_late_payer,promise_to_pay,approved,recovered,87754.94,7
CASE_02622,overdue_invoice,33837.0,13 previous invoices; 2 previous late payments.,"Invoice of ₹33,837.00 is 56 days overdue.",repeated_late_payer,promise_to_pay,approved,recovered,33837.0,13
CASE_02623,overdue_invoice,129233.05,5 previous invoices; 0 previous late payments.,"Invoice of ₹129,233.05 is 69 days overdue.",repeated_late_payer,promise_to_pay,approved,recovered,129233.05,10
CASE_02624,overdue_invoice,39824.12,14 previous invoices; 0 previous late payments.,"Invoice of ₹39,824.12 is 21 days overdue.",repeated_late_payer,promise_to_pay,approved,partial,12060.52,16
CASE_02625,overdue_invoice,22261.38,3 previous invoices; 1 previous late payments.,"Invoice of ₹22,261.38 is 61 days overdue.",repeated_late_payer,promise_to_pay,approved,recovered,22261.38,5
CASE_02626,overdue_invoice,171352.65,3 previous invoices; 0 previous late payments.,"Invoice of ₹171,352.65 is 117 days overdue.",repeated_late_payer,promise_to_pay,approved,failed,0.0,0
CASE_02627,overdue_invoice,109232.96,14 previous invoices; 11 previous late payments.,"Invoice of ₹109,232.96 is 73 days overdue.",repeated_late_payer,promise_to_pay,approved,recovered,109232.96,10
CASE_02628,overdue_invoice,110242.55,12 previous invoices; 1 previous late payments.,"Invoice of ₹110,242.55 is 61 days overdue.",repeated_late_payer,promise_to_pay,approved,recovered,110242.55,2
CASE_02629,overdue_invoice,41726.36,12 previous invoices; 3 previous late payments.,"Invoice of ₹41,726.36 is 65 days overdue.",repeated_late_payer,promise_to_pay,approved,recovered,41726.36,6
CASE_02630,overdue_invoice,15485.07,5 previous invoices; 0 previous late payments.,"Invoice of ₹15,485.07 is 105 days overdue.",repeated_late_payer,promise_to_pay,approved,recovered,15485.07,12
CASE_02631,overdue_invoice,18187.43,10 previous invoices; 3 previous late payments.,"Invoice of ₹18,187.43 is 60 days overdue.",customer_dispute,human_review,escalated,partial,11349.88,9
CASE_02632,overdue_invoice,118169.03,4 previous invoices; 1 previous late payments.,"Invoice of ₹118,169.03 is 20 days overdue.",repeated_late_payer,promise_to_pay,approved,failed,0.0,0
CASE_02633,overdue_invoice,71992.25,3 previous invoices; 1 previous late payments.,"Invoice of ₹71,992.25 is 68 days overdue.",repeated_late_payer,promise_to_pay,approved,failed,0.0,0
CASE_02634,overdue_invoice,65012.68,9 previous invoices; 1 previous late payments.,"Invoice of ₹65,012.68 is 123 days overdue.",repeated_late_payer,promise_to_pay,approved,recovered,65012.68,9
CASE_02635,overdue_invoice,110119.34,14 previous invoices; 5 previous late payments.,"Invoice of ₹110,119.34 is 45 days overdue.",repeated_late_payer,promise_to_pay,approved,recovered,110119.34,7
CASE_02636,overdue_invoice,251453.12,14 previous invoices; 6 previous late payments.,"Invoice of ₹251,453.12 is 23 days overdue.",repeated_late_payer,promise_to_pay,approved,failed,0.0,0
CASE_02637,overdue_invoice,133181.6,14 previous invoices; 1 previous late payments.,"Invoice of ₹133,181.60 is 86 days overdue.",repeated_late_payer,promise_to_pay,approved,recovered,133181.6,10
CASE_02638,overdue_invoice,68722.22,12 previous invoices; 1 previous late payments.,"Invoice of ₹68,722.22 is 82 days overdue.",repeated_late_payer,promise_to_pay,approved,failed,0.0,0
CASE_02639,overdue_invoice,110726.56,12 previous invoices; 1 previous late payments.,"Invoice of ₹110,726.56 is 82 days overdue.",repeated_late_payer,promise_to_pay,approved,recovered,110726.56,13
CASE_02640,overdue_invoice,35743.44,8 previous invoices; 0 previous late payments.,"Invoice of ₹35,743.44 is 92 days overdue.",repeated_late_payer,promise_to_pay,approved,recovered,35743.44,7
CASE_02641,overdue_invoice,164103.32,14 previous invoices; 1 previous late payments.,"Invoice of ₹164,103.32 is 22 days overdue.",repeated_late_payer,promise_to_pay,approved,failed,0.0,0
CASE_02642,overdue_invoice,51310.7,12 previous invoices; 0 previous late payments.,"Invoice of ₹51,310.70 is 49 days overdue.",repeated_late_payer,promise_to_pay,approved,recovered,51310.7,7
CASE_02643,overdue_invoice,126213.5,11 previous invoices; 2 previous late payments.,"Invoice of ₹126,213.50 is 37 days overdue.",repeated_late_payer,promise_to_pay,approved,recovered,126213.5,11
CASE_02644,overdue_invoice,14321.51,9 previous invoices; 0 previous late payments.,"Invoice of ₹14,321.51 is 39 days overdue.",repeated_late_payer,promise_to_pay,approved,recovered,14321.51,10
CASE_02645,overdue_invoice,108759.07,9 previous invoices; 1 previous late payments.,"Invoice of ₹108,759.07 is 34 days overdue.",repeated_late_payer,promise_to_pay,approved,recovered,108759.07,5
CASE_02646,overdue_invoice,54238.32,9 previous invoices; 0 previous late payments.,"Invoice of ₹54,238.32 is 44 days overdue.",repeated_late_payer,promise_to_pay,approved,recovered,54238.32,13
CASE_02647,overdue_invoice,69073.67,13 previous invoices; 1 previous late payments.,"Invoice of ₹69,073.67 is 33 days overdue.",repeated_late_payer,promise_to_pay,approved,failed,0.0,0
CASE_02648,overdue_invoice,60276.78,8 previous invoices; 3 previous late payments.,"Invoice of ₹60,276.78 is 33 days overdue.",repeated_late_payer,promise_to_pay,approved,recovered,60276.78,6
CASE_02649,overdue_invoice,87174.03,6 previous invoices; 0 previous late payments.,"Invoice of ₹87,174.03 is 60 days overdue.",repeated_late_payer,promise_to_pay,approved,recovered,87174.03,14
CASE_02650,overdue_invoice,43419.01,8 previous invoices; 2 previous late payments.,"Invoice of ₹43,419.01 is 94 days overdue.",repeated_late_payer,promise_to_pay,approved,recovered,43419.01,13
CASE_02651,overdue_invoice,53334.11,13 previous invoices; 6 previous late payments.,"Invoice of ₹53,334.11 is 38 days overdue.",customer_dispute,human_review,escalated,recovered,53334.11,14
CASE_02652,overdue_invoice,77403.56,12 previous invoices; 1 previous late payments.,"Invoice of ₹77,403.56 is 9 days overdue.",recently_overdue,payment_reminder,approved,recovered,77403.56,4
CASE_02653,overdue_invoice,598527.77,6 previous invoices; 0 previous late payments.,"Invoice of ₹598,527.77 is 47 days overdue.",high_value_overdue,account_escalation,approved,failed,0.0,0
CASE_02654,overdue_invoice,186547.2,8 previous invoices; 1 previous late payments.,"Invoice of ₹186,547.20 is 95 days overdue.",repeated_late_payer,promise_to_pay,approved,recovered,186547.2,4
CASE_02655,overdue_invoice,54607.85,3 previous invoices; 0 previous late payments.,"Invoice of ₹54,607.85 is 30 days overdue.",repeated_late_payer,promise_to_pay,approved,failed,0.0,0
CASE_02656,overdue_invoice,41019.86,7 previous invoices; 2 previous late payments.,"Invoice of ₹41,019.86 is 38 days overdue.",repeated_late_payer,promise_to_pay,approved,recovered,41019.86,9
CASE_02657,overdue_invoice,126312.2,3 previous invoices; 0 previous late payments.,"Invoice of ₹126,312.20 is 24 days overdue.",repeated_late_payer,promise_to_pay,approved,failed,0.0,0
CASE_02658,overdue_invoice,71992.25,3 previous invoices; 1 previous late payments.,"Invoice of ₹71,992.25 is 68 days overdue.",repeated_late_payer,promise_to_pay,approved,recovered,71992.25,14
CASE_02659,overdue_invoice,177982.17,11 previous invoices; 1 previous late payments.,"Invoice of ₹177,982.17 is 57 days overdue.",repeated_late_payer,promise_to_pay,approved,partial,117125.35,6
CASE_02660,overdue_invoice,90589.02,7 previous invoices; 2 previous late payments.,"Invoice of ₹90,589.02 is 80 days overdue.",repeated_late_payer,promise_to_pay,approved,recovered,90589.02,3
CASE_02661,overdue_invoice,100318.24,6 previous invoices; 2 previous late payments.,"Invoice of ₹100,318.24 is 38 days overdue.",repeated_late_payer,promise_to_pay,approved,recovered,100318.24,3
CASE_02662,overdue_invoice,28343.84,9 previous invoices; 6 previous late payments.,"Invoice of ₹28,343.84 is 16 days overdue.",repeated_late_payer,promise_to_pay,approved,recovered,28343.84,3
CASE_02663,overdue_invoice,55263.95,13 previous invoices; 2 previous late payments.,"Invoice of ₹55,263.95 is 28 days overdue.",repeated_late_payer,promise_to_pay,approved,recovered,55263.95,7
CASE_02664,overdue_invoice,21543.04,3 previous invoices; 0 previous late payments.,"Invoice of ₹21,543.04 is 99 days overdue.",repeated_late_payer,promise_to_pay,approved,recovered,21543.04,8
CASE_02665,overdue_invoice,99185.1,10 previous invoices; 1 previous late payments.,"Invoice of ₹99,185.10 is 63 days overdue.",repeated_late_payer,promise_to_pay,approved,partial,34645.9,15
CASE_02666,overdue_invoice,80352.41,12 previous invoices; 2 previous late payments.,"Invoice of ₹80,352.41 is 111 days overdue.",repeated_late_payer,promise_to_pay,approved,failed,0.0,0
CASE_02667,overdue_invoice,82128.2,9 previous invoices; 1 previous late payments.,"Invoice of ₹82,128.20 is 84 days overdue.",repeated_late_payer,promise_to_pay,approved,recovered,82128.2,5
CASE_02668,overdue_invoice,24527.54,14 previous invoices; 6 previous late payments.,"Invoice of ₹24,527.54 is 29 days overdue.",repeated_late_payer,promise_to_pay,approved,recovered,24527.54,8
CASE_02669,overdue_invoice,20701.11,4 previous invoices; 0 previous late payments.,"Invoice of ₹20,701.11 is 117 days overdue.",repeated_late_payer,promise_to_pay,approved,recovered,20701.11,2
CASE_02670,overdue_invoice,35520.57,3 previous invoices; 0 previous late payments.,"Invoice of ₹35,520.57 is 71 days overdue.",repeated_late_payer,promise_to_pay,approved,partial,9407.62,19
CASE_02671,overdue_invoice,223816.54,9 previous invoices; 1 previous late payments.,"Invoice of ₹223,816.54 is 13 days overdue.",customer_dispute,human_review,escalated,recovered,223816.54,13
CASE_02672,overdue_invoice,52440.5,11 previous invoices; 5 previous late payments.,"Invoice of ₹52,440.50 is 38 days overdue.",repeated_late_payer,promise_to_pay,approved,recovered,52440.5,2
CASE_02673,overdue_invoice,72378.15,11 previous invoices; 2 previous late payments.,"Invoice of ₹72,378.15 is 57 days overdue.",repeated_late_payer,promise_to_pay,approved,partial,49280.51,5
CASE_02674,overdue_invoice,25936.68,3 previous invoices; 0 previous late payments.,"Invoice of ₹25,936.68 is 88 days overdue.",repeated_late_payer,promise_to_pay,approved,recovered,25936.68,2
CASE_02675,overdue_invoice,231491.72,13 previous invoices; 8 previous late payments.,"Invoice of ₹231,491.72 is 41 days overdue.",repeated_late_payer,promise_to_pay,approved,recovered,231491.72,10
CASE_02676,overdue_invoice,18187.43,10 previous invoices; 3 previous late payments.,"Invoice of ₹18,187.43 is 60 days overdue.",repeated_late_payer,promise_to_pay,approved,failed,0.0,0
CASE_02677,overdue_invoice,90030.56,6 previous invoices; 1 previous late payments.,"Invoice of ₹90,030.56 is 30 days overdue.",repeated_late_payer,promise_to_pay,approved,recovered,90030.56,2
CASE_02678,overdue_invoice,10000.0,11 previous invoices; 5 previous late payments.,"Invoice of ₹10,000.00 is 47 days overdue.",repeated_late_payer,promise_to_pay,approved,recovered,10000.0,8
CASE_02679,overdue_invoice,73024.9,5 previous invoices; 2 previous late payments.,"Invoice of ₹73,024.90 is 114 days overdue.",repeated_late_payer,promise_to_pay,approved,recovered,73024.9,9
CASE_02680,overdue_invoice,38799.13,6 previous invoices; 2 previous late payments.,"Invoice of ₹38,799.13 is 18 days overdue.",repeated_late_payer,promise_to_pay,approved,recovered,38799.13,4
CASE_02681,overdue_invoice,65166.15,4 previous invoices; 2 previous late payments.,"Invoice of ₹65,166.15 is 116 days overdue.",repeated_late_payer,promise_to_pay,approved,recovered,65166.15,4
CASE_02682,overdue_invoice,146436.17,10 previous invoices; 3 previous late payments.,"Invoice of ₹146,436.17 is 23 days overdue.",repeated_late_payer,promise_to_pay,approved,failed,0.0,0
CASE_02683,overdue_invoice,59583.71,12 previous invoices; 4 previous late payments.,"Invoice of ₹59,583.71 is 13 days overdue.",repeated_late_payer,promise_to_pay,approved,recovered,59583.71,13
CASE_02684,overdue_invoice,66711.32,10 previous invoices; 9 previous late payments.,"Invoice of ₹66,711.32 is 56 days overdue.",repeated_late_payer,promise_to_pay,approved,recovered,66711.32,8
CASE_02685,overdue_invoice,20332.64,8 previous invoices; 0 previous late payments.,"Invoice of ₹20,332.64 is 54 days overdue.",repeated_late_payer,promise_to_pay,approved,recovered,20332.64,13
CASE_02686,overdue_invoice,44000.62,7 previous invoices; 1 previous late payments.,"Invoice of ₹44,000.62 is 86 days overdue.",repeated_late_payer,promise_to_pay,approved,recovered,44000.62,6
CASE_02687,overdue_invoice,19080.7,3 previous invoices; 1 previous late payments.,"Invoice of ₹19,080.70 is 45 days overdue.",repeated_late_payer,promise_to_pay,approved,failed,0.0,0
CASE_02688,overdue_invoice,109117.1,5 previous invoices; 1 previous late payments.,"Invoice of ₹109,117.10 is 90 days overdue.",repeated_late_payer,promise_to_pay,approved,recovered,109117.1,7
CASE_02689,overdue_invoice,69984.15,9 previous invoices; 0 previous late payments.,"Invoice of ₹69,984.15 is 75 days overdue.",repeated_late_payer,promise_to_pay,approved,partial,49223.45,6
CASE_02690,overdue_invoice,364253.36,7 previous invoices; 0 previous late payments.,"Invoice of ₹364,253.36 is 85 days overdue.",repeated_late_payer,promise_to_pay,approved,recovered,364253.36,5
CASE_02691,overdue_invoice,42045.99,3 previous invoices; 1 previous late payments.,"Invoice of ₹42,045.99 is 16 days overdue.",customer_dispute,human_review,escalated,failed,0.0,0
CASE_02692,overdue_invoice,140023.28,5 previous invoices; 0 previous late payments.,"Invoice of ₹140,023.28 is 83 days overdue.",repeated_late_payer,promise_to_pay,approved,recovered,140023.28,12
CASE_02693,overdue_invoice,35188.43,7 previous invoices; 0 previous late payments.,"Invoice of ₹35,188.43 is 74 days overdue.",repeated_late_payer,promise_to_pay,approved,recovered,35188.43,10
CASE_02694,overdue_invoice,37458.14,8 previous invoices; 1 previous late payments.,"Invoice of ₹37,458.14 is 33 days overdue.",repeated_late_payer,promise_to_pay,approved,failed,0.0,0
CASE_02695,overdue_invoice,48407.91,11 previous invoices; 1 previous late payments.,"Invoice of ₹48,407.91 is 132 days overdue.",repeated_late_payer,promise_to_pay,approved,failed,0.0,0
CASE_02696,overdue_invoice,72049.94,7 previous invoices; 2 previous late payments.,"Invoice of ₹72,049.94 is 119 days overdue.",repeated_late_payer,promise_to_pay,approved,recovered,72049.94,13
CASE_02697,overdue_invoice,42563.36,7 previous invoices; 0 previous late payments.,"Invoice of ₹42,563.36 is 57 days overdue.",repeated_late_payer,promise_to_pay,approved,recovered,42563.36,7
CASE_02698,overdue_invoice,20332.64,8 previous invoices; 0 previous late payments.,"Invoice of ₹20,332.64 is 54 days overdue.",repeated_late_payer,promise_to_pay,approved,failed,0.0,0
CASE_02699,overdue_invoice,20701.11,4 previous invoices; 0 previous late payments.,"Invoice of ₹20,701.11 is 117 days overdue.",repeated_late_payer,promise_to_pay,approved,recovered,20701.11,5
CASE_02700,overdue_invoice,220864.72,9 previous invoices; 0 previous late payments.,"Invoice of ₹220,864.72 is 112 days overdue.",repeated_late_payer,promise_to_pay,approved,recovered,220864.72,8
CASE_02701,overdue_invoice,39160.77,3 previous invoices; 1 previous late payments.,"Invoice of ₹39,160.77 is 47 days overdue.",repeated_late_payer,promise_to_pay,approved,recovered,39160.77,14
CASE_02702,overdue_invoice,127374.04,10 previous invoices; 1 previous late payments.,"Invoice of ₹127,374.04 is 58 days overdue.",repeated_late_payer,promise_to_pay,approved,recovered,127374.04,4
CASE_02703,overdue_invoice,233547.15,8 previous invoices; 0 previous late payments.,"Invoice of ₹233,547.15 is 34 days overdue.",repeated_late_payer,promise_to_pay,approved,partial,127360.69,13
CASE_02704,overdue_invoice,10000.0,3 previous invoices; 0 previous late payments.,"Invoice of ₹10,000.00 is 45 days overdue.",repeated_late_payer,promise_to_pay,approved,recovered,10000.0,12
CASE_02705,overdue_invoice,60519.1,13 previous invoices; 2 previous late payments.,"Invoice of ₹60,519.10 is 37 days overdue.",repeated_late_payer,promise_to_pay,approved,recovered,60519.1,9
CASE_02706,overdue_invoice,87174.03,6 previous invoices; 0 previous late payments.,"Invoice of ₹87,174.03 is 60 days overdue.",repeated_late_payer,promise_to_pay,approved,recovered,87174.03,4
CASE_02707,overdue_invoice,163067.78,5 previous invoices; 2 previous late payments.,"Invoice of ₹163,067.78 is 77 days overdue.",repeated_late_payer,promise_to_pay,approved,recovered,163067.78,3
CASE_02708,overdue_invoice,95329.62,6 previous invoices; 1 previous late payments.,"Invoice of ₹95,329.62 is 82 days overdue.",repeated_late_payer,promise_to_pay,approved,failed,0.0,0
CASE_02709,overdue_invoice,65166.15,4 previous invoices; 2 previous late payments.,"Invoice of ₹65,166.15 is 116 days overdue.",repeated_late_payer,promise_to_pay,approved,recovered,65166.15,5
CASE_02710,overdue_invoice,201453.49,12 previous invoices; 4 previous late payments.,"Invoice of ₹201,453.49 is 92 days overdue.",repeated_late_payer,promise_to_pay,approved,recovered,201453.49,14
CASE_02711,overdue_invoice,129490.48,13 previous invoices; 5 previous late payments.,"Invoice of ₹129,490.48 is 104 days overdue.",customer_dispute,human_review,escalated,recovered,129490.48,13
CASE_02712,overdue_invoice,364253.36,7 previous invoices; 0 previous late payments.,"Invoice of ₹364,253.36 is 85 days overdue.",repeated_late_payer,promise_to_pay,approved,recovered,364253.36,11
CASE_02713,overdue_invoice,39737.62,14 previous invoices; 1 previous late payments.,"Invoice of ₹39,737.62 is 79 days overdue.",repeated_late_payer,promise_to_pay,approved,failed,0.0,0
CASE_02714,overdue_invoice,280814.08,13 previous invoices; 8 previous late payments.,"Invoice of ₹280,814.08 is 93 days overdue.",repeated_late_payer,promise_to_pay,approved,recovered,280814.08,2
CASE_02715,overdue_invoice,73708.09,10 previous invoices; 0 previous late payments.,"Invoice of ₹73,708.09 is 35 days overdue.",repeated_late_payer,promise_to_pay,approved,recovered,73708.09,2
CASE_02716,overdue_invoice,62098.02,5 previous invoices; 2 previous late payments.,"Invoice of ₹62,098.02 is 39 days overdue.",repeated_late_payer,promise_to_pay,approved,recovered,62098.02,11
CASE_02717,overdue_invoice,27652.68,4 previous invoices; 1 previous late payments.,"Invoice of ₹27,652.68 is 94 days overdue.",repeated_late_payer,promise_to_pay,approved,recovered,27652.68,3
CASE_02718,overdue_invoice,13424.4,7 previous invoices; 0 previous late payments.,"Invoice of ₹13,424.40 is 112 days overdue.",repeated_late_payer,promise_to_pay,approved,recovered,13424.4,3
CASE_02719,overdue_invoice,171700.26,14 previous invoices; 4 previous late payments.,"Invoice of ₹171,700.26 is 46 days overdue.",repeated_late_payer,promise_to_pay,approved,recovered,171700.26,13
CASE_02720,overdue_invoice,98865.01,9 previous invoices; 0 previous late payments.,"Invoice of ₹98,865.01 is 59 days overdue.",repeated_late_payer,promise_to_pay,approved,recovered,98865.01,10
CASE_02721,overdue_invoice,166252.22,7 previous invoices; 2 previous late payments.,"Invoice of ₹166,252.22 is 46 days overdue.",repeated_late_payer,promise_to_pay,approved,recovered,166252.22,12
CASE_02722,overdue_invoice,25658.33,10 previous invoices; 0 previous late payments.,"Invoice of ₹25,658.33 is 85 days overdue.",repeated_late_payer,promise_to_pay,approved,recovered,25658.33,6
CASE_02723,overdue_invoice,104358.72,13 previous invoices; 2 previous late payments.,"Invoice of ₹104,358.72 is 94 days overdue.",repeated_late_payer,promise_to_pay,approved,partial,69795.9,7
CASE_02724,overdue_invoice,40634.82,12 previous invoices; 3 previous late payments.,"Invoice of ₹40,634.82 is 60 days overdue.",repeated_late_payer,promise_to_pay,approved,failed,0.0,0
CASE_02725,overdue_invoice,10552.48,3 previous invoices; 0 previous late payments.,"Invoice of ₹10,552.48 is 29 days overdue.",repeated_late_payer,promise_to_pay,approved,failed,0.0,0
CASE_02726,overdue_invoice,181208.63,12 previous invoices; 5 previous late payments.,"Invoice of ₹181,208.63 is 96 days overdue.",repeated_late_payer,promise_to_pay,approved,failed,0.0,0
CASE_02727,overdue_invoice,335971.19,9 previous invoices; 2 previous late payments.,"Invoice of ₹335,971.19 is 95 days overdue.",repeated_late_payer,promise_to_pay,approved,recovered,335971.19,7
CASE_02728,overdue_invoice,79252.55,14 previous invoices; 3 previous late payments.,"Invoice of ₹79,252.55 is 51 days overdue.",repeated_late_payer,promise_to_pay,approved,recovered,79252.55,4
CASE_02729,overdue_invoice,52104.56,14 previous invoices; 2 previous late payments.,"Invoice of ₹52,104.56 is 126 days overdue.",repeated_late_payer,promise_to_pay,approved,recovered,52104.56,10
CASE_02730,overdue_invoice,45737.43,13 previous invoices; 1 previous late payments.,"Invoice of ₹45,737.43 is 54 days overdue.",repeated_late_payer,promise_to_pay,approved,recovered,45737.43,12
CASE_02731,overdue_invoice,27931.76,3 previous invoices; 0 previous late payments.,"Invoice of ₹27,931.76 is 63 days overdue.",customer_dispute,human_review,escalated,failed,0.0,0
CASE_02732,overdue_invoice,53749.69,9 previous invoices; 0 previous late payments.,"Invoice of ₹53,749.69 is 24 days overdue.",repeated_late_payer,promise_to_pay,approved,recovered,53749.69,3
CASE_02733,overdue_invoice,38958.66,4 previous invoices; 1 previous late payments.,"Invoice of ₹38,958.66 is 32 days overdue.",repeated_late_payer,promise_to_pay,approved,recovered,38958.66,9
CASE_02734,overdue_invoice,79810.2,5 previous invoices; 4 previous late payments.,"Invoice of ₹79,810.20 is 87 days overdue.",repeated_late_payer,promise_to_pay,approved,recovered,79810.2,3
CASE_02735,overdue_invoice,75439.08,10 previous invoices; 4 previous late payments.,"Invoice of ₹75,439.08 is 131 days overdue.",repeated_late_payer,promise_to_pay,approved,recovered,75439.08,5
CASE_02736,overdue_invoice,35394.01,6 previous invoices; 0 previous late payments.,"Invoice of ₹35,394.01 is 97 days overdue.",repeated_late_payer,promise_to_pay,approved,recovered,35394.01,11
CASE_02737,overdue_invoice,70494.92,13 previous invoices; 2 previous late payments.,"Invoice of ₹70,494.92 is 76 days overdue.",repeated_late_payer,promise_to_pay,approved,recovered,70494.92,10
CASE_02738,overdue_invoice,234961.3,3 previous invoices; 0 previous late payments.,"Invoice of ₹234,961.30 is 126 days overdue.",repeated_late_payer,promise_to_pay,approved,recovered,234961.3,7
CASE_02739,overdue_invoice,37527.2,5 previous invoices; 2 previous late payments.,"Invoice of ₹37,527.20 is 21 days overdue.",repeated_late_payer,promise_to_pay,approved,recovered,37527.2,7
CASE_02740,overdue_invoice,234958.61,14 previous invoices; 5 previous late payments.,"Invoice of ₹234,958.61 is 86 days overdue.",repeated_late_payer,promise_to_pay,approved,recovered,234958.61,8
CASE_02741,overdue_invoice,167844.8,3 previous invoices; 0 previous late payments.,"Invoice of ₹167,844.80 is 11 days overdue.",recently_overdue,payment_reminder,approved,recovered,167844.8,14
CASE_02742,overdue_invoice,54078.59,14 previous invoices; 0 previous late payments.,"Invoice of ₹54,078.59 is 27 days overdue.",repeated_late_payer,promise_to_pay,approved,failed,0.0,0
CASE_02743,overdue_invoice,374619.86,8 previous invoices; 1 previous late payments.,"Invoice of ₹374,619.86 is 27 days overdue.",repeated_late_payer,promise_to_pay,approved,recovered,374619.86,5
CASE_02744,overdue_invoice,10552.48,3 previous invoices; 0 previous late payments.,"Invoice of ₹10,552.48 is 29 days overdue.",repeated_late_payer,promise_to_pay,approved,recovered,10552.48,3
CASE_02745,overdue_invoice,30661.75,4 previous invoices; 0 previous late payments.,"Invoice of ₹30,661.75 is 91 days overdue.",repeated_late_payer,promise_to_pay,approved,recovered,30661.75,8
CASE_02746,overdue_invoice,36695.29,3 previous invoices; 0 previous late payments.,"Invoice of ₹36,695.29 is 98 days overdue.",repeated_late_payer,promise_to_pay,approved,partial,9622.17,9
CASE_02747,overdue_invoice,50527.28,6 previous invoices; 1 previous late payments.,"Invoice of ₹50,527.28 is 101 days overdue.",repeated_late_payer,promise_to_pay,approved,recovered,50527.28,12
CASE_02748,overdue_invoice,428653.43,14 previous invoices; 5 previous late payments.,"Invoice of ₹428,653.43 is 52 days overdue.",repeated_late_payer,promise_to_pay,approved,recovered,428653.43,7
CASE_02749,overdue_invoice,337369.97,4 previous invoices; 1 previous late payments.,"Invoice of ₹337,369.97 is 45 days overdue.",repeated_late_payer,promise_to_pay,approved,partial,173130.37,11
CASE_02750,overdue_invoice,90939.01,4 previous invoices; 1 previous late payments.,"Invoice of ₹90,939.01 is 95 days overdue.",repeated_late_payer,promise_to_pay,approved,recovered,90939.01,6
CASE_02751,overdue_invoice,598527.77,6 previous invoices; 0 previous late payments.,"Invoice of ₹598,527.77 is 47 days overdue.",customer_dispute,human_review,escalated,failed,0.0,0
CASE_02752,overdue_invoice,101366.01,4 previous invoices; 1 previous late payments.,"Invoice of ₹101,366.01 is 62 days overdue.",repeated_late_payer,promise_to_pay,approved,recovered,101366.01,12
CASE_02753,overdue_invoice,33686.73,11 previous invoices; 5 previous late payments.,"Invoice of ₹33,686.73 is 69 days overdue.",repeated_late_payer,promise_to_pay,approved,partial,21433.28,11
CASE_02754,overdue_invoice,338006.84,3 previous invoices; 0 previous late payments.,"Invoice of ₹338,006.84 is 110 days overdue.",repeated_late_payer,promise_to_pay,approved,recovered,338006.84,10
CASE_02755,overdue_invoice,90311.54,9 previous invoices; 0 previous late payments.,"Invoice of ₹90,311.54 is 126 days overdue.",repeated_late_payer,promise_to_pay,approved,failed,0.0,0
CASE_02756,overdue_invoice,107219.81,7 previous invoices; 0 previous late payments.,"Invoice of ₹107,219.81 is 104 days overdue.",repeated_late_payer,promise_to_pay,approved,recovered,107219.81,9
CASE_02757,overdue_invoice,50153.13,4 previous invoices; 0 previous late payments.,"Invoice of ₹50,153.13 is 37 days overdue.",repeated_late_payer,promise_to_pay,approved,recovered,50153.13,2
CASE_02758,overdue_invoice,54025.62,4 previous invoices; 1 previous late payments.,"Invoice of ₹54,025.62 is 55 days overdue.",repeated_late_payer,promise_to_pay,approved,recovered,54025.62,6
CASE_02759,overdue_invoice,30565.98,12 previous invoices; 4 previous late payments.,"Invoice of ₹30,565.98 is 79 days overdue.",repeated_late_payer,promise_to_pay,approved,recovered,30565.98,12
CASE_02760,overdue_invoice,102992.17,8 previous invoices; 0 previous late payments.,"Invoice of ₹102,992.17 is 114 days overdue.",repeated_late_payer,promise_to_pay,approved,recovered,102992.17,14
CASE_02761,overdue_invoice,151489.85,3 previous invoices; 0 previous late payments.,"Invoice of ₹151,489.85 is 46 days overdue.",repeated_late_payer,promise_to_pay,approved,recovered,151489.85,11
CASE_02762,overdue_invoice,524427.46,8 previous invoices; 2 previous late payments.,"Invoice of ₹524,427.46 is 62 days overdue.",high_value_overdue,account_escalation,approved,partial,388952.33,5
CASE_02763,overdue_invoice,36758.08,5 previous invoices; 0 previous late payments.,"Invoice of ₹36,758.08 is 40 days overdue.",repeated_late_payer,promise_to_pay,approved,recovered,36758.08,7
CASE_02764,overdue_invoice,75996.82,9 previous invoices; 1 previous late payments.,"Invoice of ₹75,996.82 is 85 days overdue.",repeated_late_payer,promise_to_pay,approved,recovered,75996.82,9
CASE_02765,overdue_invoice,100869.18,9 previous invoices; 2 previous late payments.,"Invoice of ₹100,869.18 is 100 days overdue.",repeated_late_payer,promise_to_pay,approved,recovered,100869.18,14
CASE_02766,overdue_invoice,235747.94,7 previous invoices; 5 previous late payments.,"Invoice of ₹235,747.94 is 73 days overdue.",repeated_late_payer,promise_to_pay,approved,failed,0.0,0
CASE_02767,overdue_invoice,70582.79,13 previous invoices; 4 previous late payments.,"Invoice of ₹70,582.79 is 41 days overdue.",repeated_late_payer,promise_to_pay,approved,recovered,70582.79,5
CASE_02768,overdue_invoice,14321.51,9 previous invoices; 0 previous late payments.,"Invoice of ₹14,321.51 is 39 days overdue.",repeated_late_payer,promise_to_pay,approved,recovered,14321.51,12
CASE_02769,overdue_invoice,195228.9,13 previous invoices; 2 previous late payments.,"Invoice of ₹195,228.90 is 72 days overdue.",repeated_late_payer,promise_to_pay,approved,recovered,195228.9,10
CASE_02770,overdue_invoice,223816.54,9 previous invoices; 1 previous late payments.,"Invoice of ₹223,816.54 is 13 days overdue.",recently_overdue,payment_reminder,approved,recovered,223816.54,2
CASE_02771,overdue_invoice,20102.51,11 previous invoices; 5 previous late payments.,"Invoice of ₹20,102.51 is 91 days overdue.",customer_dispute,human_review,escalated,failed,0.0,0
CASE_02772,overdue_invoice,100642.77,7 previous invoices; 1 previous late payments.,"Invoice of ₹100,642.77 is 109 days overdue.",repeated_late_payer,promise_to_pay,approved,recovered,100642.77,3
CASE_02773,overdue_invoice,97213.17,10 previous invoices; 4 previous late payments.,"Invoice of ₹97,213.17 is 127 days overdue.",repeated_late_payer,promise_to_pay,approved,recovered,97213.17,4
CASE_02774,overdue_invoice,126312.2,3 previous invoices; 0 previous late payments.,"Invoice of ₹126,312.20 is 24 days overdue.",repeated_late_payer,promise_to_pay,approved,recovered,126312.2,5
CASE_02775,overdue_invoice,48746.83,10 previous invoices; 1 previous late payments.,"Invoice of ₹48,746.83 is 60 days overdue.",repeated_late_payer,promise_to_pay,approved,recovered,48746.83,10
CASE_02776,overdue_invoice,65753.78,12 previous invoices; 4 previous late payments.,"Invoice of ₹65,753.78 is 45 days overdue.",repeated_late_payer,promise_to_pay,approved,recovered,65753.78,10
CASE_02777,overdue_invoice,10000.0,10 previous invoices; 0 previous late payments.,"Invoice of ₹10,000.00 is 31 days overdue.",repeated_late_payer,promise_to_pay,approved,recovered,10000.0,2
CASE_02778,overdue_invoice,29434.79,13 previous invoices; 1 previous late payments.,"Invoice of ₹29,434.79 is 29 days overdue.",repeated_late_payer,promise_to_pay,approved,recovered,29434.79,9
CASE_02779,overdue_invoice,22912.37,9 previous invoices; 0 previous late payments.,"Invoice of ₹22,912.37 is 109 days overdue.",repeated_late_payer,promise_to_pay,approved,recovered,22912.37,2
CASE_02780,overdue_invoice,50052.46,5 previous invoices; 0 previous late payments.,"Invoice of ₹50,052.46 is 37 days overdue.",repeated_late_payer,promise_to_pay,approved,recovered,50052.46,14
CASE_02781,overdue_invoice,91215.04,10 previous invoices; 1 previous late payments.,"Invoice of ₹91,215.04 is 31 days overdue.",repeated_late_payer,promise_to_pay,approved,recovered,91215.04,5
CASE_02782,overdue_invoice,128957.26,7 previous invoices; 2 previous late payments.,"Invoice of ₹128,957.26 is 53 days overdue.",repeated_late_payer,promise_to_pay,approved,recovered,128957.26,14
CASE_02783,overdue_invoice,140708.74,8 previous invoices; 2 previous late payments.,"Invoice of ₹140,708.74 is 44 days overdue.",repeated_late_payer,promise_to_pay,approved,partial,66700.45,6
CASE_02784,overdue_invoice,42384.34,4 previous invoices; 0 previous late payments.,"Invoice of ₹42,384.34 is 63 days overdue.",repeated_late_payer,promise_to_pay,approved,recovered,42384.34,14
CASE_02785,overdue_invoice,96627.27,7 previous invoices; 3 previous late payments.,"Invoice of ₹96,627.27 is 49 days overdue.",repeated_late_payer,promise_to_pay,approved,recovered,96627.27,12
CASE_02786,overdue_invoice,12880.09,11 previous invoices; 1 previous late payments.,"Invoice of ₹12,880.09 is 57 days overdue.",repeated_late_payer,promise_to_pay,approved,recovered,12880.09,7
CASE_02787,overdue_invoice,42288.83,14 previous invoices; 3 previous late payments.,"Invoice of ₹42,288.83 is 79 days overdue.",repeated_late_payer,promise_to_pay,approved,recovered,42288.83,5
CASE_02788,overdue_invoice,119615.01,7 previous invoices; 2 previous late payments.,"Invoice of ₹119,615.01 is 50 days overdue.",repeated_late_payer,promise_to_pay,approved,failed,0.0,0
CASE_02789,overdue_invoice,47553.27,11 previous invoices; 6 previous late payments.,"Invoice of ₹47,553.27 is 121 days overdue.",repeated_late_payer,promise_to_pay,approved,partial,17703.62,13
CASE_02790,overdue_invoice,10119.19,9 previous invoices; 1 previous late payments.,"Invoice of ₹10,119.19 is 48 days overdue.",repeated_late_payer,promise_to_pay,approved,partial,5220.29,12
CASE_02791,overdue_invoice,73024.9,5 previous invoices; 2 previous late payments.,"Invoice of ₹73,024.90 is 114 days overdue.",customer_dispute,human_review,escalated,failed,0.0,0
CASE_02792,overdue_invoice,165948.52,13 previous invoices; 4 previous late payments.,"Invoice of ₹165,948.52 is 43 days overdue.",repeated_late_payer,promise_to_pay,approved,recovered,165948.52,8
CASE_02793,overdue_invoice,43175.84,12 previous invoices; 3 previous late payments.,"Invoice of ₹43,175.84 is 64 days overdue.",repeated_late_payer,promise_to_pay,approved,recovered,43175.84,10
CASE_02794,overdue_invoice,194959.56,6 previous invoices; 1 previous late payments.,"Invoice of ₹194,959.56 is 73 days overdue.",repeated_late_payer,promise_to_pay,approved,recovered,194959.56,4
CASE_02795,overdue_invoice,263533.29,3 previous invoices; 0 previous late payments.,"Invoice of ₹263,533.29 is 34 days overdue.",repeated_late_payer,promise_to_pay,approved,recovered,263533.29,5
CASE_02796,overdue_invoice,103995.18,8 previous invoices; 0 previous late payments.,"Invoice of ₹103,995.18 is 111 days overdue.",repeated_late_payer,promise_to_pay,approved,recovered,103995.18,5
CASE_02797,overdue_invoice,10119.19,9 previous invoices; 1 previous late payments.,"Invoice of ₹10,119.19 is 48 days overdue.",repeated_late_payer,promise_to_pay,approved,failed,0.0,0
CASE_02798,overdue_invoice,330618.97,8 previous invoices; 1 previous late payments.,"Invoice of ₹330,618.97 is 54 days overdue.",repeated_late_payer,promise_to_pay,approved,recovered,330618.97,14
CASE_02799,overdue_invoice,90589.02,7 previous invoices; 2 previous late payments.,"Invoice of ₹90,589.02 is 80 days overdue.",repeated_late_payer,promise_to_pay,approved,recovered,90589.02,2
CASE_02800,overdue_invoice,76377.0,9 previous invoices; 1 previous late payments.,"Invoice of ₹76,377.00 is 113 days overdue.",repeated_late_payer,promise_to_pay,approved,partial,44587.83,14
CASE_02801,overdue_invoice,228350.86,9 previous invoices; 0 previous late payments.,"Invoice of ₹228,350.86 is 8 days overdue.",recently_overdue,payment_reminder,approved,recovered,228350.86,5
CASE_02802,overdue_invoice,120941.51,12 previous invoices; 6 previous late payments.,"Invoice of ₹120,941.51 is 91 days overdue.",repeated_late_payer,promise_to_pay,approved,failed,0.0,0
CASE_02803,overdue_invoice,10000.0,7 previous invoices; 0 previous late payments.,"Invoice of ₹10,000.00 is 98 days overdue.",repeated_late_payer,promise_to_pay,approved,recovered,10000.0,9
CASE_02804,overdue_invoice,152213.09,12 previous invoices; 0 previous late payments.,"Invoice of ₹152,213.09 is 39 days overdue.",repeated_late_payer,promise_to_pay,approved,partial,57579.56,8
CASE_02805,overdue_invoice,37828.99,14 previous invoices; 2 previous late payments.,"Invoice of ₹37,828.99 is 47 days overdue.",repeated_late_payer,promise_to_pay,approved,failed,0.0,0
CASE_02806,overdue_invoice,56309.06,12 previous invoices; 0 previous late payments.,"Invoice of ₹56,309.06 is 99 days overdue.",repeated_late_payer,promise_to_pay,approved,failed,0.0,0
CASE_02807,overdue_invoice,96146.0,14 previous invoices; 4 previous late payments.,"Invoice of ₹96,146.00 is 68 days overdue.",repeated_late_payer,promise_to_pay,approved,recovered,96146.0,10
CASE_02808,overdue_invoice,81863.38,12 previous invoices; 4 previous late payments.,"Invoice of ₹81,863.38 is 41 days overdue.",repeated_late_payer,promise_to_pay,approved,failed,0.0,0
CASE_02809,overdue_invoice,62098.02,5 previous invoices; 2 previous late payments.,"Invoice of ₹62,098.02 is 39 days overdue.",repeated_late_payer,promise_to_pay,approved,recovered,62098.02,7
CASE_02810,overdue_invoice,132571.22,14 previous invoices; 11 previous late payments.,"Invoice of ₹132,571.22 is 70 days overdue.",repeated_late_payer,promise_to_pay,approved,recovered,132571.22,2
CASE_02811,overdue_invoice,68999.89,6 previous invoices; 2 previous late payments.,"Invoice of ₹68,999.89 is 50 days overdue.",customer_dispute,human_review,escalated,failed,0.0,0
CASE_02812,overdue_invoice,71769.13,4 previous invoices; 0 previous late payments.,"Invoice of ₹71,769.13 is 98 days overdue.",repeated_late_payer,promise_to_pay,approved,recovered,71769.13,3
CASE_02813,overdue_invoice,33342.9,12 previous invoices; 1 previous late payments.,"Invoice of ₹33,342.90 is 6 days overdue.",recently_overdue,payment_reminder,approved,failed,0.0,0
CASE_02814,overdue_invoice,43439.62,10 previous invoices; 1 previous late payments.,"Invoice of ₹43,439.62 is 23 days overdue.",repeated_late_payer,promise_to_pay,approved,recovered,43439.62,4
CASE_02815,overdue_invoice,62016.85,12 previous invoices; 1 previous late payments.,"Invoice of ₹62,016.85 is 53 days overdue.",repeated_late_payer,promise_to_pay,approved,failed,0.0,0
CASE_02816,overdue_invoice,248590.98,6 previous invoices; 0 previous late payments.,"Invoice of ₹248,590.98 is 53 days overdue.",repeated_late_payer,promise_to_pay,approved,recovered,248590.98,8
CASE_02817,overdue_invoice,465029.73,14 previous invoices; 11 previous late payments.,"Invoice of ₹465,029.73 is 75 days overdue.",repeated_late_payer,promise_to_pay,approved,failed,0.0,0
CASE_02818,overdue_invoice,23846.14,8 previous invoices; 1 previous late payments.,"Invoice of ₹23,846.14 is 80 days overdue.",repeated_late_payer,promise_to_pay,approved,recovered,23846.14,4
CASE_02819,overdue_invoice,39867.95,3 previous invoices; 0 previous late payments.,"Invoice of ₹39,867.95 is 43 days overdue.",repeated_late_payer,promise_to_pay,approved,recovered,39867.95,5
CASE_02820,overdue_invoice,52939.41,12 previous invoices; 0 previous late payments.,"Invoice of ₹52,939.41 is 114 days overdue.",repeated_late_payer,promise_to_pay,approved,recovered,52939.41,14
CASE_02821,overdue_invoice,83298.95,7 previous invoices; 2 previous late payments.,"Invoice of ₹83,298.95 is 43 days overdue.",repeated_late_payer,promise_to_pay,approved,partial,48097.16,8
CASE_02822,overdue_invoice,36758.08,5 previous invoices; 0 previous late payments.,"Invoice of ₹36,758.08 is 40 days overdue.",repeated_late_payer,promise_to_pay,approved,recovered,36758.08,11
CASE_02823,overdue_invoice,128871.03,11 previous invoices; 1 previous late payments.,"Invoice of ₹128,871.03 is 80 days overdue.",repeated_late_payer,promise_to_pay,approved,recovered,128871.03,8
CASE_02824,overdue_invoice,62163.42,5 previous invoices; 1 previous late payments.,"Invoice of ₹62,163.42 is 47 days overdue.",repeated_late_payer,promise_to_pay,approved,recovered,62163.42,8
CASE_02825,overdue_invoice,23282.81,4 previous invoices; 0 previous late payments.,"Invoice of ₹23,282.81 is 38 days overdue.",repeated_late_payer,promise_to_pay,approved,partial,13264.65,14
CASE_02826,overdue_invoice,228137.04,4 previous invoices; 0 previous late payments.,"Invoice of ₹228,137.04 is 102 days overdue.",repeated_late_payer,promise_to_pay,approved,failed,0.0,0
CASE_02827,overdue_invoice,42045.99,3 previous invoices; 1 previous late payments.,"Invoice of ₹42,045.99 is 16 days overdue.",repeated_late_payer,promise_to_pay,approved,recovered,42045.99,8
CASE_02828,overdue_invoice,102073.14,12 previous invoices; 2 previous late payments.,"Invoice of ₹102,073.14 is 48 days overdue.",repeated_late_payer,promise_to_pay,approved,recovered,102073.14,10
CASE_02829,overdue_invoice,164459.86,3 previous invoices; 0 previous late payments.,"Invoice of ₹164,459.86 is 71 days overdue.",repeated_late_payer,promise_to_pay,approved,recovered,164459.86,14
CASE_02830,overdue_invoice,226102.29,3 previous invoices; 0 previous late payments.,"Invoice of ₹226,102.29 is 57 days overdue.",repeated_late_payer,promise_to_pay,approved,recovered,226102.29,4
CASE_02831,overdue_invoice,69669.98,3 previous invoices; 0 previous late payments.,"Invoice of ₹69,669.98 is 78 days overdue.",customer_dispute,human_review,escalated,failed,0.0,0
CASE_02832,overdue_invoice,40634.82,12 previous invoices; 3 previous late payments.,"Invoice of ₹40,634.82 is 60 days overdue.",repeated_late_payer,promise_to_pay,approved,recovered,40634.82,3
CASE_02833,overdue_invoice,181208.63,12 previous invoices; 5 previous late payments.,"Invoice of ₹181,208.63 is 96 days overdue.",repeated_late_payer,promise_to_pay,approved,recovered,181208.63,13
CASE_02834,overdue_invoice,25901.89,5 previous invoices; 0 previous late payments.,"Invoice of ₹25,901.89 is 56 days overdue.",repeated_late_payer,promise_to_pay,approved,recovered,25901.89,9
CASE_02835,overdue_invoice,65463.8,9 previous invoices; 6 previous late payments.,"Invoice of ₹65,463.80 is 60 days overdue.",repeated_late_payer,promise_to_pay,approved,recovered,65463.8,7
CASE_02836,overdue_invoice,82471.62,12 previous invoices; 0 previous late payments.,"Invoice of ₹82,471.62 is 30 days overdue.",repeated_late_payer,promise_to_pay,approved,recovered,82471.62,9
CASE_02837,overdue_invoice,125910.89,7 previous invoices; 0 previous late payments.,"Invoice of ₹125,910.89 is 17 days overdue.",repeated_late_payer,promise_to_pay,approved,failed,0.0,0
CASE_02838,overdue_invoice,24836.25,4 previous invoices; 1 previous late payments.,"Invoice of ₹24,836.25 is 49 days overdue.",repeated_late_payer,promise_to_pay,approved,partial,6394.96,10
CASE_02839,overdue_invoice,57087.72,12 previous invoices; 3 previous late payments.,"Invoice of ₹57,087.72 is 85 days overdue.",repeated_late_payer,promise_to_pay,approved,failed,0.0,0
CASE_02840,overdue_invoice,64661.73,7 previous invoices; 5 previous late payments.,"Invoice of ₹64,661.73 is 34 days overdue.",repeated_late_payer,promise_to_pay,approved,recovered,64661.73,4
CASE_02841,overdue_invoice,10000.0,3 previous invoices; 0 previous late payments.,"Invoice of ₹10,000.00 is 45 days overdue.",repeated_late_payer,promise_to_pay,approved,partial,5486.48,18
CASE_02842,overdue_invoice,71968.16,13 previous invoices; 8 previous late payments.,"Invoice of ₹71,968.16 is 54 days overdue.",repeated_late_payer,promise_to_pay,approved,recovered,71968.16,13
CASE_02843,overdue_invoice,106429.38,11 previous invoices; 1 previous late payments.,"Invoice of ₹106,429.38 is 84 days overdue.",repeated_late_payer,promise_to_pay,approved,recovered,106429.38,9
CASE_02844,overdue_invoice,164432.7,12 previous invoices; 1 previous late payments.,"Invoice of ₹164,432.70 is 76 days overdue.",repeated_late_payer,promise_to_pay,approved,partial,54553.55,12
CASE_02845,overdue_invoice,60118.12,13 previous invoices; 3 previous late payments.,"Invoice of ₹60,118.12 is 66 days overdue.",repeated_late_payer,promise_to_pay,approved,recovered,60118.12,6
CASE_02846,overdue_invoice,54951.98,3 previous invoices; 0 previous late payments.,"Invoice of ₹54,951.98 is 78 days overdue.",repeated_late_payer,promise_to_pay,approved,failed,0.0,0
CASE_02847,overdue_invoice,59417.24,5 previous invoices; 0 previous late payments.,"Invoice of ₹59,417.24 is 51 days overdue.",repeated_late_payer,promise_to_pay,approved,recovered,59417.24,5
CASE_02848,overdue_invoice,86269.47,6 previous invoices; 0 previous late payments.,"Invoice of ₹86,269.47 is 60 days overdue.",repeated_late_payer,promise_to_pay,approved,recovered,86269.47,7
CASE_02849,overdue_invoice,196728.35,5 previous invoices; 4 previous late payments.,"Invoice of ₹196,728.35 is 11 days overdue.",repeated_late_payer,promise_to_pay,approved,failed,0.0,0
CASE_02850,overdue_invoice,95563.44,5 previous invoices; 4 previous late payments.,"Invoice of ₹95,563.44 is 92 days overdue.",repeated_late_payer,promise_to_pay,approved,partial,29839.68,18
CASE_02851,overdue_invoice,46688.36,12 previous invoices; 1 previous late payments.,"Invoice of ₹46,688.36 is 38 days overdue.",customer_dispute,human_review,escalated,failed,0.0,0
CASE_02852,overdue_invoice,77634.05,6 previous invoices; 0 previous late payments.,"Invoice of ₹77,634.05 is 22 days overdue.",repeated_late_payer,promise_to_pay,approved,failed,0.0,0
CASE_02853,overdue_invoice,121936.31,10 previous invoices; 3 previous late payments.,"Invoice of ₹121,936.31 is 73 days overdue.",repeated_late_payer,promise_to_pay,approved,partial,83225.77,7
CASE_02854,overdue_invoice,47663.93,3 previous invoices; 0 previous late payments.,"Invoice of ₹47,663.93 is 107 days overdue.",repeated_late_payer,promise_to_pay,approved,failed,0.0,0
CASE_02855,overdue_invoice,189745.91,14 previous invoices; 8 previous late payments.,"Invoice of ₹189,745.91 is 45 days overdue.",repeated_late_payer,promise_to_pay,approved,recovered,189745.91,6
CASE_02856,overdue_invoice,90835.82,14 previous invoices; 4 previous late payments.,"Invoice of ₹90,835.82 is 27 days overdue.",repeated_late_payer,promise_to_pay,approved,recovered,90835.82,8
CASE_02857,overdue_invoice,96273.31,13 previous invoices; 3 previous late payments.,"Invoice of ₹96,273.31 is 62 days overdue.",repeated_late_payer,promise_to_pay,approved,failed,0.0,0
CASE_02858,overdue_invoice,207145.67,6 previous invoices; 0 previous late payments.,"Invoice of ₹207,145.67 is 127 days overdue.",repeated_late_payer,promise_to_pay,approved,recovered,207145.67,13
CASE_02859,overdue_invoice,123188.54,11 previous invoices; 2 previous late payments.,"Invoice of ₹123,188.54 is 18 days overdue.",repeated_late_payer,promise_to_pay,approved,recovered,123188.54,3
CASE_02860,overdue_invoice,13424.4,7 previous invoices; 0 previous late payments.,"Invoice of ₹13,424.40 is 112 days overdue.",repeated_late_payer,promise_to_pay,approved,recovered,13424.4,9
CASE_02861,overdue_invoice,131195.02,7 previous invoices; 2 previous late payments.,"Invoice of ₹131,195.02 is 59 days overdue.",repeated_late_payer,promise_to_pay,approved,recovered,131195.02,6
CASE_02862,overdue_invoice,130296.09,12 previous invoices; 3 previous late payments.,"Invoice of ₹130,296.09 is 53 days overdue.",repeated_late_payer,promise_to_pay,approved,recovered,130296.09,9
CASE_02863,overdue_invoice,70064.77,4 previous invoices; 1 previous late payments.,"Invoice of ₹70,064.77 is 93 days overdue.",repeated_late_payer,promise_to_pay,approved,partial,24562.88,13
CASE_02864,overdue_invoice,65053.91,10 previous invoices; 1 previous late payments.,"Invoice of ₹65,053.91 is 22 days overdue.",repeated_late_payer,promise_to_pay,approved,recovered,65053.91,7
CASE_02865,overdue_invoice,38186.84,8 previous invoices; 1 previous late payments.,"Invoice of ₹38,186.84 is 48 days overdue.",repeated_late_payer,promise_to_pay,approved,recovered,38186.84,5
CASE_02866,overdue_invoice,19600.38,5 previous invoices; 0 previous late payments.,"Invoice of ₹19,600.38 is 36 days overdue.",repeated_late_payer,promise_to_pay,approved,failed,0.0,0
CASE_02867,overdue_invoice,39867.95,3 previous invoices; 0 previous late payments.,"Invoice of ₹39,867.95 is 43 days overdue.",repeated_late_payer,promise_to_pay,approved,recovered,39867.95,6
CASE_02868,overdue_invoice,14282.38,11 previous invoices; 1 previous late payments.,"Invoice of ₹14,282.38 is 17 days overdue.",repeated_late_payer,promise_to_pay,approved,recovered,14282.38,14
CASE_02869,overdue_invoice,363063.91,5 previous invoices; 0 previous late payments.,"Invoice of ₹363,063.91 is 77 days overdue.",repeated_late_payer,promise_to_pay,approved,partial,167849.46,5
CASE_02870,overdue_invoice,123188.54,11 previous invoices; 2 previous late payments.,"Invoice of ₹123,188.54 is 18 days overdue.",repeated_late_payer,promise_to_pay,approved,recovered,123188.54,8
CASE_02871,overdue_invoice,90060.04,5 previous invoices; 0 previous late payments.,"Invoice of ₹90,060.04 is 62 days overdue.",customer_dispute,human_review,escalated,failed,0.0,0
CASE_02872,overdue_invoice,65830.56,13 previous invoices; 4 previous late payments.,"Invoice of ₹65,830.56 is 92 days overdue.",repeated_late_payer,promise_to_pay,approved,recovered,65830.56,4
CASE_02873,overdue_invoice,30661.75,4 previous invoices; 0 previous late payments.,"Invoice of ₹30,661.75 is 91 days overdue.",repeated_late_payer,promise_to_pay,approved,failed,0.0,0
CASE_02874,overdue_invoice,102138.03,5 previous invoices; 2 previous late payments.,"Invoice of ₹102,138.03 is 60 days overdue.",repeated_late_payer,promise_to_pay,approved,recovered,102138.03,11
CASE_02875,overdue_invoice,81000.77,6 previous invoices; 0 previous late payments.,"Invoice of ₹81,000.77 is 32 days overdue.",repeated_late_payer,promise_to_pay,approved,recovered,81000.77,13
CASE_02876,overdue_invoice,119709.06,3 previous invoices; 0 previous late payments.,"Invoice of ₹119,709.06 is 74 days overdue.",repeated_late_payer,promise_to_pay,approved,partial,35379.26,12
CASE_02877,overdue_invoice,45843.67,5 previous invoices; 0 previous late payments.,"Invoice of ₹45,843.67 is 70 days overdue.",repeated_late_payer,promise_to_pay,approved,recovered,45843.67,10
CASE_02878,overdue_invoice,48746.83,10 previous invoices; 1 previous late payments.,"Invoice of ₹48,746.83 is 60 days overdue.",repeated_late_payer,promise_to_pay,approved,recovered,48746.83,11
CASE_02879,overdue_invoice,76165.17,8 previous invoices; 1 previous late payments.,"Invoice of ₹76,165.17 is 38 days overdue.",repeated_late_payer,promise_to_pay,approved,recovered,76165.17,13
CASE_02880,overdue_invoice,44414.24,11 previous invoices; 2 previous late payments.,"Invoice of ₹44,414.24 is 42 days overdue.",repeated_late_payer,promise_to_pay,approved,failed,0.0,0
CASE_02881,overdue_invoice,66886.58,4 previous invoices; 0 previous late payments.,"Invoice of ₹66,886.58 is 102 days overdue.",repeated_late_payer,promise_to_pay,approved,recovered,66886.58,11
CASE_02882,overdue_invoice,39444.37,12 previous invoices; 2 previous late payments.,"Invoice of ₹39,444.37 is 96 days overdue.",repeated_late_payer,promise_to_pay,approved,partial,16096.87,5
CASE_02883,overdue_invoice,41278.85,3 previous invoices; 0 previous late payments.,"Invoice of ₹41,278.85 is 12 days overdue.",recently_overdue,payment_reminder,approved,recovered,41278.85,3
CASE_02884,overdue_invoice,29380.22,9 previous invoices; 1 previous late payments.,"Invoice of ₹29,380.22 is 39 days overdue.",repeated_late_payer,promise_to_pay,approved,partial,14075.23,7
CASE_02885,overdue_invoice,30171.31,3 previous invoices; 0 previous late payments.,"Invoice of ₹30,171.31 is 48 days overdue.",repeated_late_payer,promise_to_pay,approved,recovered,30171.31,6
CASE_02886,overdue_invoice,119182.83,14 previous invoices; 0 previous late payments.,"Invoice of ₹119,182.83 is 111 days overdue.",repeated_late_payer,promise_to_pay,approved,failed,0.0,0
CASE_02887,overdue_invoice,41357.83,5 previous invoices; 0 previous late payments.,"Invoice of ₹41,357.83 is 115 days overdue.",repeated_late_payer,promise_to_pay,approved,recovered,41357.83,12
CASE_02888,overdue_invoice,16510.84,6 previous invoices; 0 previous late payments.,"Invoice of ₹16,510.84 is 117 days overdue.",repeated_late_payer,promise_to_pay,approved,recovered,16510.84,7
CASE_02889,overdue_invoice,16974.55,9 previous invoices; 2 previous late payments.,"Invoice of ₹16,974.55 is 28 days overdue.",repeated_late_payer,promise_to_pay,approved,recovered,16974.55,13
CASE_02890,overdue_invoice,130568.93,13 previous invoices; 8 previous late payments.,"Invoice of ₹130,568.93 is 98 days overdue.",repeated_late_payer,promise_to_pay,approved,recovered,130568.93,12
CASE_02891,overdue_invoice,148785.66,5 previous invoices; 4 previous late payments.,"Invoice of ₹148,785.66 is 63 days overdue.",customer_dispute,human_review,escalated,partial,91344.81,13
CASE_02892,overdue_invoice,10000.0,12 previous invoices; 1 previous late payments.,"Invoice of ₹10,000.00 is 115 days overdue.",repeated_late_payer,promise_to_pay,approved,recovered,10000.0,4
CASE_02893,overdue_invoice,97147.55,6 previous invoices; 1 previous late payments.,"Invoice of ₹97,147.55 is 53 days overdue.",repeated_late_payer,promise_to_pay,approved,recovered,97147.55,10
CASE_02894,overdue_invoice,123738.13,5 previous invoices; 0 previous late payments.,"Invoice of ₹123,738.13 is 64 days overdue.",repeated_late_payer,promise_to_pay,approved,recovered,123738.13,13
CASE_02895,overdue_invoice,256652.07,8 previous invoices; 2 previous late payments.,"Invoice of ₹256,652.07 is 76 days overdue.",repeated_late_payer,promise_to_pay,approved,recovered,256652.07,10
CASE_02896,overdue_invoice,167727.12,7 previous invoices; 1 previous late payments.,"Invoice of ₹167,727.12 is 56 days overdue.",repeated_late_payer,promise_to_pay,approved,failed,0.0,0
CASE_02897,overdue_invoice,48163.69,3 previous invoices; 2 previous late payments.,"Invoice of ₹48,163.69 is 34 days overdue.",repeated_late_payer,promise_to_pay,approved,recovered,48163.69,13
CASE_02898,overdue_invoice,70582.79,13 previous invoices; 4 previous late payments.,"Invoice of ₹70,582.79 is 41 days overdue.",repeated_late_payer,promise_to_pay,approved,recovered,70582.79,11
CASE_02899,overdue_invoice,55559.47,11 previous invoices; 0 previous late payments.,"Invoice of ₹55,559.47 is 54 days overdue.",repeated_late_payer,promise_to_pay,approved,recovered,55559.47,2
CASE_02900,overdue_invoice,38502.04,3 previous invoices; 1 previous late payments.,"Invoice of ₹38,502.04 is 76 days overdue.",repeated_late_payer,promise_to_pay,approved,failed,0.0,0
CASE_02901,overdue_invoice,122675.05,8 previous invoices; 1 previous late payments.,"Invoice of ₹122,675.05 is 119 days overdue.",repeated_late_payer,promise_to_pay,approved,recovered,122675.05,6
CASE_02902,overdue_invoice,84567.46,8 previous invoices; 2 previous late payments.,"Invoice of ₹84,567.46 is 82 days overdue.",repeated_late_payer,promise_to_pay,approved,recovered,84567.46,8
CASE_02903,overdue_invoice,138579.03,4 previous invoices; 0 previous late payments.,"Invoice of ₹138,579.03 is 35 days overdue.",repeated_late_payer,promise_to_pay,approved,recovered,138579.03,6
CASE_02904,overdue_invoice,130296.09,12 previous invoices; 3 previous late payments.,"Invoice of ₹130,296.09 is 53 days overdue.",repeated_late_payer,promise_to_pay,approved,recovered,130296.09,6
CASE_02905,overdue_invoice,214436.61,13 previous invoices; 4 previous late payments.,"Invoice of ₹214,436.61 is 83 days overdue.",repeated_late_payer,promise_to_pay,approved,partial,147859.69,18
CASE_02906,overdue_invoice,86668.3,4 previous invoices; 0 previous late payments.,"Invoice of ₹86,668.30 is 79 days overdue.",repeated_late_payer,promise_to_pay,approved,recovered,86668.3,7
CASE_02907,overdue_invoice,62093.15,6 previous invoices; 0 previous late payments.,"Invoice of ₹62,093.15 is 100 days overdue.",repeated_late_payer,promise_to_pay,approved,recovered,62093.15,7
CASE_02908,overdue_invoice,27756.01,14 previous invoices; 1 previous late payments.,"Invoice of ₹27,756.01 is 84 days overdue.",repeated_late_payer,promise_to_pay,approved,partial,10999.82,9
CASE_02909,overdue_invoice,146436.17,10 previous invoices; 3 previous late payments.,"Invoice of ₹146,436.17 is 23 days overdue.",repeated_late_payer,promise_to_pay,approved,recovered,146436.17,4
CASE_02910,overdue_invoice,29263.38,8 previous invoices; 3 previous late payments.,"Invoice of ₹29,263.38 is 117 days overdue.",repeated_late_payer,promise_to_pay,approved,partial,8397.28,19
CASE_02911,overdue_invoice,62414.87,5 previous invoices; 4 previous late payments.,"Invoice of ₹62,414.87 is 86 days overdue.",customer_dispute,human_review,escalated,partial,20664.48,9
CASE_02912,overdue_invoice,147349.68,13 previous invoices; 0 previous late payments.,"Invoice of ₹147,349.68 is 123 days overdue.",repeated_late_payer,promise_to_pay,approved,recovered,147349.68,11
CASE_02913,overdue_invoice,86668.3,4 previous invoices; 0 previous late payments.,"Invoice of ₹86,668.30 is 79 days overdue.",repeated_late_payer,promise_to_pay,approved,failed,0.0,0
CASE_02914,overdue_invoice,66793.35,5 previous invoices; 4 previous late payments.,"Invoice of ₹66,793.35 is 99 days overdue.",repeated_late_payer,promise_to_pay,approved,partial,35624.07,10
CASE_02915,overdue_invoice,34619.73,13 previous invoices; 2 previous late payments.,"Invoice of ₹34,619.73 is 77 days overdue.",repeated_late_payer,promise_to_pay,approved,failed,0.0,0
CASE_02916,overdue_invoice,109384.41,9 previous invoices; 2 previous late payments.,"Invoice of ₹109,384.41 is 53 days overdue.",repeated_late_payer,promise_to_pay,approved,recovered,109384.41,7
CASE_02917,overdue_invoice,516057.23,9 previous invoices; 1 previous late payments.,"Invoice of ₹516,057.23 is 108 days overdue.",high_value_overdue,account_escalation,approved,failed,0.0,0
CASE_02918,overdue_invoice,140608.53,14 previous invoices; 3 previous late payments.,"Invoice of ₹140,608.53 is 76 days overdue.",repeated_late_payer,promise_to_pay,approved,failed,0.0,0
CASE_02919,overdue_invoice,18012.06,7 previous invoices; 0 previous late payments.,"Invoice of ₹18,012.06 is 72 days overdue.",repeated_late_payer,promise_to_pay,approved,recovered,18012.06,7
CASE_02920,overdue_invoice,155179.62,8 previous invoices; 1 previous late payments.,"Invoice of ₹155,179.62 is 44 days overdue.",repeated_late_payer,promise_to_pay,approved,recovered,155179.62,13
CASE_02921,overdue_invoice,93299.65,4 previous invoices; 1 previous late payments.,"Invoice of ₹93,299.65 is 110 days overdue.",repeated_late_payer,promise_to_pay,approved,recovered,93299.65,9
CASE_02922,overdue_invoice,355271.4,3 previous invoices; 2 previous late payments.,"Invoice of ₹355,271.40 is 48 days overdue.",repeated_late_payer,promise_to_pay,approved,failed,0.0,0
CASE_02923,overdue_invoice,337369.97,4 previous invoices; 1 previous late payments.,"Invoice of ₹337,369.97 is 45 days overdue.",repeated_late_payer,promise_to_pay,approved,recovered,337369.97,10
CASE_02924,overdue_invoice,29736.95,6 previous invoices; 1 previous late payments.,"Invoice of ₹29,736.95 is 103 days overdue.",repeated_late_payer,promise_to_pay,approved,recovered,29736.95,10
CASE_02925,overdue_invoice,120021.44,11 previous invoices; 6 previous late payments.,"Invoice of ₹120,021.44 is 101 days overdue.",repeated_late_payer,promise_to_pay,approved,recovered,120021.44,4
CASE_02926,overdue_invoice,299456.67,10 previous invoices; 0 previous late payments.,"Invoice of ₹299,456.67 is 68 days overdue.",repeated_late_payer,promise_to_pay,approved,failed,0.0,0
CASE_02927,overdue_invoice,289578.0,5 previous invoices; 1 previous late payments.,"Invoice of ₹289,578.00 is 61 days overdue.",repeated_late_payer,promise_to_pay,approved,recovered,289578.0,14
CASE_02928,overdue_invoice,66024.01,3 previous invoices; 0 previous late payments.,"Invoice of ₹66,024.01 is 15 days overdue.",recently_overdue,payment_reminder,approved,failed,0.0,0
CASE_02929,overdue_invoice,41847.99,8 previous invoices; 3 previous late payments.,"Invoice of ₹41,847.99 is 77 days overdue.",repeated_late_payer,promise_to_pay,approved,recovered,41847.99,7
CASE_02930,overdue_invoice,118987.59,6 previous invoices; 2 previous late payments.,"Invoice of ₹118,987.59 is 37 days overdue.",repeated_late_payer,promise_to_pay,approved,recovered,118987.59,10
CASE_02931,overdue_invoice,31746.54,13 previous invoices; 1 previous late payments.,"Invoice of ₹31,746.54 is 23 days overdue.",customer_dispute,human_review,escalated,failed,0.0,0
CASE_02932,overdue_invoice,50736.81,10 previous invoices; 1 previous late payments.,"Invoice of ₹50,736.81 is 30 days overdue.",repeated_late_payer,promise_to_pay,approved,recovered,50736.81,9
CASE_02933,overdue_invoice,396875.58,11 previous invoices; 5 previous late payments.,"Invoice of ₹396,875.58 is 34 days overdue.",repeated_late_payer,promise_to_pay,approved,recovered,396875.58,2
CASE_02934,overdue_invoice,82128.2,9 previous invoices; 1 previous late payments.,"Invoice of ₹82,128.20 is 84 days overdue.",repeated_late_payer,promise_to_pay,approved,recovered,82128.2,5
CASE_02935,overdue_invoice,26884.31,7 previous invoices; 2 previous late payments.,"Invoice of ₹26,884.31 is 111 days overdue.",repeated_late_payer,promise_to_pay,approved,partial,18754.63,7
CASE_02936,overdue_invoice,76917.55,13 previous invoices; 6 previous late payments.,"Invoice of ₹76,917.55 is 58 days overdue.",repeated_late_payer,promise_to_pay,approved,recovered,76917.55,5
CASE_02937,overdue_invoice,168262.7,3 previous invoices; 0 previous late payments.,"Invoice of ₹168,262.70 is 78 days overdue.",repeated_late_payer,promise_to_pay,approved,failed,0.0,0
CASE_02938,overdue_invoice,183865.67,13 previous invoices; 0 previous late payments.,"Invoice of ₹183,865.67 is 88 days overdue.",repeated_late_payer,promise_to_pay,approved,recovered,183865.67,12
CASE_02939,overdue_invoice,79810.2,5 previous invoices; 4 previous late payments.,"Invoice of ₹79,810.20 is 87 days overdue.",repeated_late_payer,promise_to_pay,approved,failed,0.0,0
CASE_02940,overdue_invoice,65407.92,14 previous invoices; 3 previous late payments.,"Invoice of ₹65,407.92 is 98 days overdue.",repeated_late_payer,promise_to_pay,approved,failed,0.0,0
CASE_02941,overdue_invoice,150987.7,6 previous invoices; 2 previous late payments.,"Invoice of ₹150,987.70 is 61 days overdue.",repeated_late_payer,promise_to_pay,approved,recovered,150987.7,13
CASE_02942,overdue_invoice,19080.7,3 previous invoices; 1 previous late payments.,"Invoice of ₹19,080.70 is 45 days overdue.",repeated_late_payer,promise_to_pay,approved,failed,0.0,0
CASE_02943,overdue_invoice,47360.94,13 previous invoices; 3 previous late payments.,"Invoice of ₹47,360.94 is 74 days overdue.",repeated_late_payer,promise_to_pay,approved,partial,16607.57,13
CASE_02944,overdue_invoice,37943.59,10 previous invoices; 3 previous late payments.,"Invoice of ₹37,943.59 is 28 days overdue.",repeated_late_payer,promise_to_pay,approved,recovered,37943.59,7
CASE_02945,overdue_invoice,48667.88,13 previous invoices; 2 previous late payments.,"Invoice of ₹48,667.88 is 98 days overdue.",repeated_late_payer,promise_to_pay,approved,recovered,48667.88,7
CASE_02946,overdue_invoice,49933.8,10 previous invoices; 0 previous late payments.,"Invoice of ₹49,933.80 is 27 days overdue.",repeated_late_payer,promise_to_pay,approved,partial,16603.37,19
CASE_02947,overdue_invoice,37391.28,7 previous invoices; 1 previous late payments.,"Invoice of ₹37,391.28 is 36 days overdue.",repeated_late_payer,promise_to_pay,approved,recovered,37391.28,11
CASE_02948,overdue_invoice,45379.48,4 previous invoices; 0 previous late payments.,"Invoice of ₹45,379.48 is 30 days overdue.",repeated_late_payer,promise_to_pay,approved,recovered,45379.48,5
CASE_02949,overdue_invoice,10552.48,3 previous invoices; 0 previous late payments.,"Invoice of ₹10,552.48 is 29 days overdue.",repeated_late_payer,promise_to_pay,approved,recovered,10552.48,4
CASE_02950,overdue_invoice,191042.2,9 previous invoices; 2 previous late payments.,"Invoice of ₹191,042.20 is 18 days overdue.",repeated_late_payer,promise_to_pay,approved,failed,0.0,0
CASE_02951,overdue_invoice,33773.75,5 previous invoices; 0 previous late payments.,"Invoice of ₹33,773.75 is 97 days overdue.",customer_dispute,human_review,escalated,failed,0.0,0
CASE_02952,overdue_invoice,130801.25,8 previous invoices; 1 previous late payments.,"Invoice of ₹130,801.25 is 73 days overdue.",repeated_late_payer,promise_to_pay,approved,failed,0.0,0
CASE_02953,overdue_invoice,20182.22,12 previous invoices; 2 previous late payments.,"Invoice of ₹20,182.22 is 114 days overdue.",repeated_late_payer,promise_to_pay,approved,failed,0.0,0
CASE_02954,overdue_invoice,14017.44,4 previous invoices; 0 previous late payments.,"Invoice of ₹14,017.44 is 77 days overdue.",repeated_late_payer,promise_to_pay,approved,recovered,14017.44,8
CASE_02955,overdue_invoice,44000.62,7 previous invoices; 1 previous late payments.,"Invoice of ₹44,000.62 is 86 days overdue.",repeated_late_payer,promise_to_pay,approved,partial,20965.27,6
CASE_02956,overdue_invoice,137310.55,4 previous invoices; 2 previous late payments.,"Invoice of ₹137,310.55 is 48 days overdue.",repeated_late_payer,promise_to_pay,approved,partial,71064.74,18
CASE_02957,overdue_invoice,134074.82,8 previous invoices; 6 previous late payments.,"Invoice of ₹134,074.82 is 67 days overdue.",repeated_late_payer,promise_to_pay,approved,recovered,134074.82,3
CASE_02958,overdue_invoice,199551.21,10 previous invoices; 1 previous late payments.,"Invoice of ₹199,551.21 is 53 days overdue.",repeated_late_payer,promise_to_pay,approved,recovered,199551.21,2
CASE_02959,overdue_invoice,516057.23,9 previous invoices; 1 previous late payments.,"Invoice of ₹516,057.23 is 108 days overdue.",high_value_overdue,account_escalation,approved,recovered,516057.23,12
CASE_02960,overdue_invoice,45379.48,4 previous invoices; 0 previous late payments.,"Invoice of ₹45,379.48 is 30 days overdue.",repeated_late_payer,promise_to_pay,approved,failed,0.0,0
CASE_02961,overdue_invoice,25996.86,3 previous invoices; 0 previous late payments.,"Invoice of ₹25,996.86 is 94 days overdue.",repeated_late_payer,promise_to_pay,approved,recovered,25996.86,5
CASE_02962,overdue_invoice,89052.23,8 previous invoices; 3 previous late payments.,"Invoice of ₹89,052.23 is 88 days overdue.",repeated_late_payer,promise_to_pay,approved,recovered,89052.23,7
CASE_02963,overdue_invoice,226689.35,11 previous invoices; 1 previous late payments.,"Invoice of ₹226,689.35 is 55 days overdue.",repeated_late_payer,promise_to_pay,approved,recovered,226689.35,2
CASE_02964,overdue_invoice,82128.2,9 previous invoices; 1 previous late payments.,"Invoice of ₹82,128.20 is 84 days overdue.",repeated_late_payer,promise_to_pay,approved,recovered,82128.2,4
CASE_02965,overdue_invoice,40459.52,11 previous invoices; 2 previous late payments.,"Invoice of ₹40,459.52 is 45 days overdue.",repeated_late_payer,promise_to_pay,approved,recovered,40459.52,7
CASE_02966,overdue_invoice,101551.47,13 previous invoices; 3 previous late payments.,"Invoice of ₹101,551.47 is 38 days overdue.",repeated_late_payer,promise_to_pay,approved,recovered,101551.47,9
CASE_02967,overdue_invoice,224106.24,10 previous invoices; 0 previous late payments.,"Invoice of ₹224,106.24 is 98 days overdue.",repeated_late_payer,promise_to_pay,approved,recovered,224106.24,4
CASE_02968,overdue_invoice,25516.75,4 previous invoices; 2 previous late payments.,"Invoice of ₹25,516.75 is 75 days overdue.",repeated_late_payer,promise_to_pay,approved,recovered,25516.75,4
CASE_02969,overdue_invoice,25658.33,10 previous invoices; 0 previous late payments.,"Invoice of ₹25,658.33 is 85 days overdue.",repeated_late_payer,promise_to_pay,approved,recovered,25658.33,5
CASE_02970,overdue_invoice,169389.37,14 previous invoices; 8 previous late payments.,"Invoice of ₹169,389.37 is 90 days overdue.",repeated_late_payer,promise_to_pay,approved,failed,0.0,0
CASE_02971,overdue_invoice,319091.92,12 previous invoices; 3 previous late payments.,"Invoice of ₹319,091.92 is 36 days overdue.",customer_dispute,human_review,escalated,failed,0.0,0
CASE_02972,overdue_invoice,65616.58,9 previous invoices; 2 previous late payments.,"Invoice of ₹65,616.58 is 105 days overdue.",repeated_late_payer,promise_to_pay,approved,recovered,65616.58,5
CASE_02973,overdue_invoice,37527.2,5 previous invoices; 2 previous late payments.,"Invoice of ₹37,527.20 is 21 days overdue.",repeated_late_payer,promise_to_pay,approved,recovered,37527.2,6
CASE_02974,overdue_invoice,32133.23,12 previous invoices; 3 previous late payments.,"Invoice of ₹32,133.23 is 97 days overdue.",repeated_late_payer,promise_to_pay,approved,recovered,32133.23,12
CASE_02975,overdue_invoice,70494.72,10 previous invoices; 9 previous late payments.,"Invoice of ₹70,494.72 is 44 days overdue.",repeated_late_payer,promise_to_pay,approved,recovered,70494.72,7
CASE_02976,overdue_invoice,108295.82,10 previous invoices; 1 previous late payments.,"Invoice of ₹108,295.82 is 91 days overdue.",repeated_late_payer,promise_to_pay,approved,recovered,108295.82,2
CASE_02977,overdue_invoice,14429.87,9 previous invoices; 0 previous late payments.,"Invoice of ₹14,429.87 is 102 days overdue.",repeated_late_payer,promise_to_pay,approved,recovered,14429.87,4
CASE_02978,overdue_invoice,128263.94,3 previous invoices; 1 previous late payments.,"Invoice of ₹128,263.94 is 53 days overdue.",repeated_late_payer,promise_to_pay,approved,recovered,128263.94,13
CASE_02979,overdue_invoice,18012.06,7 previous invoices; 0 previous late payments.,"Invoice of ₹18,012.06 is 72 days overdue.",repeated_late_payer,promise_to_pay,approved,failed,0.0,0
CASE_02980,overdue_invoice,71290.28,11 previous invoices; 2 previous late payments.,"Invoice of ₹71,290.28 is 99 days overdue.",repeated_late_payer,promise_to_pay,approved,recovered,71290.28,11
CASE_02981,overdue_invoice,58576.32,3 previous invoices; 0 previous late payments.,"Invoice of ₹58,576.32 is 95 days overdue.",repeated_late_payer,promise_to_pay,approved,failed,0.0,0
CASE_02982,overdue_invoice,15568.73,5 previous invoices; 4 previous late payments.,"Invoice of ₹15,568.73 is 90 days overdue.",repeated_late_payer,promise_to_pay,approved,recovered,15568.73,14
CASE_02983,overdue_invoice,26917.81,7 previous invoices; 1 previous late payments.,"Invoice of ₹26,917.81 is 35 days overdue.",repeated_late_payer,promise_to_pay,approved,recovered,26917.81,10
CASE_02984,overdue_invoice,91443.89,13 previous invoices; 3 previous late payments.,"Invoice of ₹91,443.89 is 49 days overdue.",repeated_late_payer,promise_to_pay,approved,recovered,91443.89,13
CASE_02985,overdue_invoice,18423.88,5 previous invoices; 4 previous late payments.,"Invoice of ₹18,423.88 is 85 days overdue.",repeated_late_payer,promise_to_pay,approved,recovered,18423.88,2
CASE_02986,overdue_invoice,23335.11,12 previous invoices; 3 previous late payments.,"Invoice of ₹23,335.11 is 89 days overdue.",repeated_late_payer,promise_to_pay,approved,recovered,23335.11,12
CASE_02987,overdue_invoice,29448.18,3 previous invoices; 0 previous late payments.,"Invoice of ₹29,448.18 is 26 days overdue.",repeated_late_payer,promise_to_pay,approved,partial,9415.75,9
CASE_02988,overdue_invoice,516057.23,9 previous invoices; 1 previous late payments.,"Invoice of ₹516,057.23 is 108 days overdue.",high_value_overdue,account_escalation,approved,recovered,516057.23,14
CASE_02989,overdue_invoice,64661.73,7 previous invoices; 5 previous late payments.,"Invoice of ₹64,661.73 is 34 days overdue.",repeated_late_payer,promise_to_pay,approved,recovered,64661.73,3
CASE_02990,overdue_invoice,10000.0,4 previous invoices; 0 previous late payments.,"Invoice of ₹10,000.00 is 51 days overdue.",repeated_late_payer,promise_to_pay,approved,recovered,10000.0,10
CASE_02991,overdue_invoice,72678.56,5 previous invoices; 1 previous late payments.,"Invoice of ₹72,678.56 is 24 days overdue.",customer_dispute,human_review,escalated,failed,0.0,0
CASE_02992,overdue_invoice,72512.05,4 previous invoices; 0 previous late payments.,"Invoice of ₹72,512.05 is 62 days overdue.",repeated_late_payer,promise_to_pay,approved,recovered,72512.05,12
CASE_02993,overdue_invoice,100820.7,6 previous invoices; 1 previous late payments.,"Invoice of ₹100,820.70 is 110 days overdue.",repeated_late_payer,promise_to_pay,approved,partial,59368.91,9
CASE_02994,overdue_invoice,112354.38,9 previous invoices; 2 previous late payments.,"Invoice of ₹112,354.38 is 3 days overdue.",recently_overdue,payment_reminder,approved,recovered,112354.38,6
CASE_02995,overdue_invoice,40942.68,9 previous invoices; 0 previous late payments.,"Invoice of ₹40,942.68 is 44 days overdue.",repeated_late_payer,promise_to_pay,approved,recovered,40942.68,2
CASE_02996,overdue_invoice,52731.17,10 previous invoices; 1 previous late payments.,"Invoice of ₹52,731.17 is 55 days overdue.",repeated_late_payer,promise_to_pay,approved,recovered,52731.17,14
CASE_02997,overdue_invoice,25550.78,12 previous invoices; 4 previous late payments.,"Invoice of ₹25,550.78 is 131 days overdue.",repeated_late_payer,promise_to_pay,approved,failed,0.0,0
CASE_02998,overdue_invoice,129001.97,11 previous invoices; 4 previous late payments.,"Invoice of ₹129,001.97 is 87 days overdue.",repeated_late_payer,promise_to_pay,approved,recovered,129001.97,13
CASE_02999,overdue_invoice,127847.11,6 previous invoices; 1 previous late payments.,"Invoice of ₹127,847.11 is 103 days overdue.",repeated_late_payer,promise_to_pay,approved,failed,0.0,0
CASE_03000,overdue_invoice,49822.9,4 previous invoices; 1 previous late payments.,"Invoice of ₹49,822.90 is 105 days overdue.",repeated_late_payer,promise_to_pay,approved,recovered,49822.9,8
