event_id,event_type,timestamp,invoice_id,customer_id,amount_at_risk,currency,invoice_date,due_date,days_overdue,payment_status,payment_received,previous_invoice_count,previous_late_payment_count,reminder_count
INV_EVT_00001,overdue_invoice,2026-08-29,INV_000001,B2B_0258,41845.48,INR,2026-06-01,2026-07-01,59,overdue,False,12,0,3
INV_EVT_00002,overdue_invoice,2026-08-29,INV_000002,B2B_0283,109117.1,INR,2026-04-16,2026-05-31,90,overdue,False,5,1,2
INV_EVT_00003,overdue_invoice,2026-08-29,INV_000003,B2B_0078,27652.68,INR,2026-04-12,2026-05-27,94,overdue,False,4,1,0
INV_EVT_00004,overdue_invoice,2026-08-29,INV_000004,B2B_0030,28343.84,INR,2026-07-14,2026-08-13,16,overdue,False,9,6,2
INV_EVT_00005,overdue_invoice,2026-08-29,INV_000005,B2B_0117,148946.37,INR,2026-06-07,2026-06-22,68,overdue,False,6,2,0
INV_EVT_00006,overdue_invoice,2026-08-29,INV_000006,B2B_0029,43298.07,INR,2026-06-05,2026-07-20,40,overdue,False,7,2,1
INV_EVT_00007,overdue_invoice,2026-08-29,INV_000007,B2B_0131,42315.25,INR,2026-06-17,2026-07-17,43,overdue,False,4,0,3
INV_EVT_00008,overdue_invoice,2026-08-29,INV_000008,B2B_0206,364253.36,INR,2026-04-21,2026-06-05,85,overdue,False,7,0,2
INV_EVT_00009,overdue_invoice,2026-08-29,INV_000009,B2B_0028,79252.55,INR,2026-06-24,2026-07-09,51,overdue,False,14,3,3
INV_EVT_00010,overdue_invoice,2026-08-29,INV_000010,B2B_0250,72378.15,INR,2026-06-03,2026-07-03,57,overdue,False,11,2,0
INV_EVT_00011,overdue_invoice,2026-08-29,INV_000011,B2B_0264,62414.87,INR,2026-05-05,2026-06-04,86,overdue,False,5,4,3
INV_EVT_00012,overdue_invoice,2026-08-29,INV_000012,B2B_0097,104559.93,INR,2026-05-06,2026-06-05,85,overdue,False,10,9,1
INV_EVT_00013,overdue_invoice,2026-08-29,INV_000013,B2B_0136,42573.26,INR,2026-07-12,2026-08-26,3,overdue,False,7,5,1
INV_EVT_00014,overdue_invoice,2026-08-29,INV_000014,B2B_0112,78519.07,INR,2026-04-22,2026-06-06,84,overdue,False,10,0,3
INV_EVT_00015,overdue_invoice,2026-08-29,INV_000015,B2B_0295,178904.11,INR,2026-04-06,2026-05-21,100,overdue,False,11,1,0
INV_EVT_00016,overdue_invoice,2026-08-29,INV_000016,B2B_0026,58030.95,INR,2026-05-08,2026-06-07,83,overdue,False,9,1,0
INV_EVT_00017,overdue_invoice,2026-08-29,INV_000017,B2B_0113,11183.25,INR,2026-05-20,2026-06-04,86,overdue,False,8,0,1
INV_EVT_00018,overdue_invoice,2026-08-29,INV_000018,B2B_0018,44414.24,INR,2026-06-18,2026-07-18,42,overdue,False,11,2,3
INV_EVT_00019,overdue_invoice,2026-08-29,INV_000019,B2B_0251,138649.64,INR,2026-07-12,2026-07-27,33,overdue,False,7,1,2
INV_EVT_00020,overdue_invoice,2026-08-29,INV_000020,B2B_0202,183865.67,INR,2026-05-03,2026-06-02,88,overdue,False,13,0,3
INV_EVT_00021,overdue_invoice,2026-08-29,INV_000021,B2B_0117,100318.24,INR,2026-06-22,2026-07-22,38,overdue,False,6,2,2
INV_EVT_00022,overdue_invoice,2026-08-29,INV_000022,B2B_0048,234961.3,INR,2026-04-10,2026-04-25,126,overdue,False,3,0,3
INV_EVT_00023,overdue_invoice,2026-08-29,INV_000023,B2B_0149,32648.3,INR,2026-05-26,2026-07-10,50,overdue,False,13,1,3
INV_EVT_00024,overdue_invoice,2026-08-29,INV_000024,B2B_0250,208633.59,INR,2026-06-03,2026-07-03,57,overdue,False,11,2,2
INV_EVT_00025,overdue_invoice,2026-08-29,INV_000025,B2B_0297,88703.91,INR,2026-06-26,2026-08-10,19,overdue,False,4,1,3
INV_EVT_00026,overdue_invoice,2026-08-29,INV_000026,B2B_0246,128800.1,INR,2026-06-15,2026-07-15,45,overdue,False,13,3,3
INV_EVT_00027,overdue_invoice,2026-08-29,INV_000027,B2B_0004,10000.0,INR,2026-04-06,2026-05-06,115,overdue,False,12,1,0
INV_EVT_00028,overdue_invoice,2026-08-29,INV_000028,B2B_0293,153158.76,INR,2026-05-11,2026-05-26,95,overdue,False,11,2,2
INV_EVT_00029,overdue_invoice,2026-08-29,INV_000029,B2B_0138,90364.8,INR,2026-05-23,2026-06-22,68,overdue,False,13,3,1
INV_EVT_00030,overdue_invoice,2026-08-29,INV_000030,B2B_0153,345207.25,INR,2026-06-22,2026-07-07,53,overdue,False,5,1,0
INV_EVT_00031,overdue_invoice,2026-08-29,INV_000031,B2B_0050,87186.2,INR,2026-06-08,2026-07-23,37,overdue,False,10,0,1
INV_EVT_00032,overdue_invoice,2026-08-29,INV_000032,B2B_0227,34427.07,INR,2026-06-12,2026-07-27,33,overdue,False,11,6,0
INV_EVT_00033,overdue_invoice,2026-08-29,INV_000033,B2B_0292,39444.37,INR,2026-04-25,2026-05-25,96,overdue,False,12,2,1
INV_EVT_00034,overdue_invoice,2026-08-29,INV_000034,B2B_0217,103749.23,INR,2026-06-08,2026-07-08,52,overdue,False,8,3,0
INV_EVT_00035,overdue_invoice,2026-08-29,INV_000035,B2B_0160,95940.28,INR,2026-05-28,2026-06-12,78,overdue,False,11,2,3
INV_EVT_00036,overdue_invoice,2026-08-29,INV_000036,B2B_0260,45158.48,INR,2026-04-21,2026-05-21,100,overdue,False,9,1,0
INV_EVT_00037,overdue_invoice,2026-08-29,INV_000037,B2B_0074,31915.05,INR,2026-06-21,2026-07-21,39,overdue,False,11,5,1
INV_EVT_00038,overdue_invoice,2026-08-29,INV_000038,B2B_0295,252220.84,INR,2026-04-30,2026-05-30,91,overdue,False,11,1,3
INV_EVT_00039,overdue_invoice,2026-08-29,INV_000039,B2B_0289,61963.68,INR,2026-06-23,2026-07-23,37,overdue,False,11,4,1
INV_EVT_00040,overdue_invoice,2026-08-29,INV_000040,B2B_0102,70999.64,INR,2026-04-19,2026-06-03,87,overdue,False,14,8,1
INV_EVT_00041,overdue_invoice,2026-08-29,INV_000041,B2B_0059,48950.56,INR,2026-06-12,2026-07-12,48,overdue,False,5,0,0
INV_EVT_00042,overdue_invoice,2026-08-29,INV_000042,B2B_0023,229565.22,INR,2026-07-17,2026-08-01,28,overdue,False,3,0,2
INV_EVT_00043,overdue_invoice,2026-08-29,INV_000043,B2B_0080,183067.61,INR,2026-05-31,2026-06-30,60,overdue,False,8,0,2
INV_EVT_00044,overdue_invoice,2026-08-29,INV_000044,B2B_0076,33121.19,INR,2026-06-28,2026-07-13,47,overdue,False,10,1,0
INV_EVT_00045,overdue_invoice,2026-08-29,INV_000045,B2B_0140,70543.08,INR,2026-05-30,2026-06-14,76,overdue,False,9,1,3
INV_EVT_00046,overdue_invoice,2026-08-29,INV_000046,B2B_0252,35866.34,INR,2026-04-13,2026-05-28,93,overdue,False,11,5,0
INV_EVT_00047,overdue_invoice,2026-08-29,INV_000047,B2B_0015,330618.97,INR,2026-06-06,2026-07-06,54,overdue,False,8,1,2
INV_EVT_00048,overdue_invoice,2026-08-29,INV_000048,B2B_0289,106923.07,INR,2026-05-16,2026-06-15,75,overdue,False,11,4,0
INV_EVT_00049,overdue_invoice,2026-08-29,INV_000049,B2B_0195,59938.26,INR,2026-06-07,2026-06-22,68,overdue,False,3,0,2
INV_EVT_00050,overdue_invoice,2026-08-29,INV_000050,B2B_0277,57253.56,INR,2026-04-09,2026-05-09,112,overdue,False,3,1,3
INV_EVT_00051,overdue_invoice,2026-08-29,INV_000051,B2B_0165,115911.05,INR,2026-05-29,2026-06-13,77,overdue,False,13,6,1
INV_EVT_00052,overdue_invoice,2026-08-29,INV_000052,B2B_0289,61600.13,INR,2026-06-07,2026-06-22,68,overdue,False,11,4,2
INV_EVT_00053,overdue_invoice,2026-08-29,INV_000053,B2B_0213,257653.63,INR,2026-06-20,2026-07-20,40,overdue,False,3,0,2
INV_EVT_00054,overdue_invoice,2026-08-29,INV_000054,B2B_0162,35749.19,INR,2026-06-26,2026-08-10,19,overdue,False,5,0,3
INV_EVT_00055,overdue_invoice,2026-08-29,INV_000055,B2B_0067,27931.76,INR,2026-05-28,2026-06-27,63,overdue,False,3,0,2
INV_EVT_00056,overdue_invoice,2026-08-29,INV_000056,B2B_0044,231799.91,INR,2026-05-11,2026-06-10,80,overdue,False,3,0,1
INV_EVT_00057,overdue_invoice,2026-08-29,INV_000057,B2B_0253,53353.2,INR,2026-04-19,2026-05-19,102,overdue,False,10,3,0
INV_EVT_00058,overdue_invoice,2026-08-29,INV_000058,B2B_0113,233547.15,INR,2026-06-26,2026-07-26,34,overdue,False,8,0,0
INV_EVT_00059,overdue_invoice,2026-08-29,INV_000059,B2B_0189,151621.03,INR,2026-06-25,2026-08-09,20,overdue,False,13,1,0
INV_EVT_00060,overdue_invoice,2026-08-29,INV_000060,B2B_0068,25305.32,INR,2026-06-18,2026-07-03,57,overdue,False,3,0,0
INV_EVT_00061,overdue_invoice,2026-08-29,INV_000061,B2B_0020,46057.23,INR,2026-05-27,2026-06-26,64,overdue,False,8,2,2
INV_EVT_00062,overdue_invoice,2026-08-29,INV_000062,B2B_0003,78018.14,INR,2026-06-04,2026-07-19,41,overdue,False,12,4,3
INV_EVT_00063,overdue_invoice,2026-08-29,INV_000063,B2B_0090,62874.12,INR,2026-07-02,2026-08-01,28,overdue,False,8,1,3
INV_EVT_00064,overdue_invoice,2026-08-29,INV_000064,B2B_0070,95563.44,INR,2026-04-29,2026-05-29,92,overdue,False,5,4,1
INV_EVT_00065,overdue_invoice,2026-08-29,INV_000065,B2B_0271,45947.17,INR,2026-05-19,2026-06-03,87,overdue,False,6,0,1
INV_EVT_00066,overdue_invoice,2026-08-29,INV_000066,B2B_0250,70073.52,INR,2026-05-22,2026-06-21,69,overdue,False,11,2,3
INV_EVT_00067,overdue_invoice,2026-08-29,INV_000067,B2B_0216,167113.99,INR,2026-07-12,2026-08-11,18,overdue,False,4,1,0
INV_EVT_00068,overdue_invoice,2026-08-29,INV_000068,B2B_0196,217853.39,INR,2026-05-19,2026-06-18,72,overdue,False,14,2,1
INV_EVT_00069,overdue_invoice,2026-08-29,INV_000069,B2B_0278,39863.17,INR,2026-05-17,2026-06-16,74,overdue,False,3,1,1
INV_EVT_00070,overdue_invoice,2026-08-29,INV_000070,B2B_0034,62296.79,INR,2026-05-27,2026-06-11,79,overdue,False,6,0,3
INV_EVT_00071,overdue_invoice,2026-08-29,INV_000071,B2B_0230,67765.85,INR,2026-06-18,2026-07-18,42,overdue,False,11,1,2
INV_EVT_00072,overdue_invoice,2026-08-29,INV_000072,B2B_0222,25472.65,INR,2026-04-09,2026-05-09,112,overdue,False,13,4,2
INV_EVT_00073,overdue_invoice,2026-08-29,INV_000073,B2B_0270,158837.46,INR,2026-05-08,2026-06-22,68,overdue,False,14,2,3
INV_EVT_00074,overdue_invoice,2026-08-29,INV_000074,B2B_0215,117830.96,INR,2026-04-04,2026-05-19,102,overdue,False,4,0,1
INV_EVT_00075,overdue_invoice,2026-08-29,INV_000075,B2B_0086,113817.65,INR,2026-05-08,2026-06-07,83,overdue,False,5,0,0
INV_EVT_00076,overdue_invoice,2026-08-29,INV_000076,B2B_0265,68666.67,INR,2026-05-26,2026-07-10,50,overdue,False,11,2,3
INV_EVT_00077,overdue_invoice,2026-08-29,INV_000077,B2B_0036,150468.63,INR,2026-06-25,2026-07-25,35,overdue,False,10,3,2
INV_EVT_00078,overdue_invoice,2026-08-29,INV_000078,B2B_0096,162101.04,INR,2026-05-22,2026-06-21,69,overdue,False,7,1,2
INV_EVT_00079,overdue_invoice,2026-08-29,INV_000079,B2B_0133,189712.69,INR,2026-05-16,2026-06-15,75,overdue,False,7,2,1
INV_EVT_00080,overdue_invoice,2026-08-29,INV_000080,B2B_0039,65458.86,INR,2026-07-17,2026-08-16,13,overdue,False,3,1,3
INV_EVT_00081,overdue_invoice,2026-08-29,INV_000081,B2B_0093,99185.1,INR,2026-05-28,2026-06-27,63,overdue,False,10,1,3
INV_EVT_00082,overdue_invoice,2026-08-29,INV_000082,B2B_0023,54951.98,INR,2026-04-28,2026-06-12,78,overdue,False,3,0,2
INV_EVT_00083,overdue_invoice,2026-08-29,INV_000083,B2B_0099,57924.37,INR,2026-06-27,2026-07-27,33,overdue,False,7,0,1
INV_EVT_00084,overdue_invoice,2026-08-29,INV_000084,B2B_0257,164459.86,INR,2026-05-05,2026-06-19,71,overdue,False,3,0,1
INV_EVT_00085,overdue_invoice,2026-08-29,INV_000085,B2B_0183,78294.59,INR,2026-04-10,2026-05-10,111,overdue,False,8,3,3
INV_EVT_00086,overdue_invoice,2026-08-29,INV_000086,B2B_0125,66322.86,INR,2026-07-09,2026-08-23,6,overdue,False,7,2,0
INV_EVT_00087,overdue_invoice,2026-08-29,INV_000087,B2B_0033,121517.13,INR,2026-04-14,2026-05-14,107,overdue,False,14,2,2
INV_EVT_00088,overdue_invoice,2026-08-29,INV_000088,B2B_0109,127726.32,INR,2026-07-04,2026-08-03,26,overdue,False,4,4,1
INV_EVT_00089,overdue_invoice,2026-08-29,INV_000089,B2B_0273,41019.86,INR,2026-06-07,2026-07-22,38,overdue,False,7,2,0
INV_EVT_00090,overdue_invoice,2026-08-29,INV_000090,B2B_0172,44671.19,INR,2026-07-12,2026-08-26,3,overdue,False,5,4,0
INV_EVT_00091,overdue_invoice,2026-08-29,INV_000091,B2B_0090,132598.78,INR,2026-04-22,2026-05-22,99,overdue,False,8,1,2
INV_EVT_00092,overdue_invoice,2026-08-29,INV_000092,B2B_0098,114244.33,INR,2026-06-02,2026-07-02,58,overdue,False,12,0,2
INV_EVT_00093,overdue_invoice,2026-08-29,INV_000093,B2B_0064,63422.47,INR,2026-05-27,2026-06-26,64,overdue,False,4,0,2
INV_EVT_00094,overdue_invoice,2026-08-29,INV_000094,B2B_0267,195228.9,INR,2026-05-19,2026-06-18,72,overdue,False,13,2,2
INV_EVT_00095,overdue_invoice,2026-08-29,INV_000095,B2B_0210,69282.61,INR,2026-05-19,2026-06-03,87,overdue,False,11,1,0
INV_EVT_00096,overdue_invoice,2026-08-29,INV_000096,B2B_0021,15996.93,INR,2026-07-09,2026-08-23,6,overdue,False,8,1,0
INV_EVT_00097,overdue_invoice,2026-08-29,INV_000097,B2B_0071,39677.07,INR,2026-07-03,2026-08-02,27,overdue,False,9,1,0
INV_EVT_00098,overdue_invoice,2026-08-29,INV_000098,B2B_0118,23050.48,INR,2026-04-09,2026-04-24,127,overdue,False,8,2,0
INV_EVT_00099,overdue_invoice,2026-08-29,INV_000099,B2B_0052,187536.73,INR,2026-05-18,2026-06-17,73,overdue,False,4,1,1
INV_EVT_00100,overdue_invoice,2026-08-29,INV_000100,B2B_0220,112354.38,INR,2026-07-12,2026-08-26,3,overdue,False,9,2,1
INV_EVT_00101,overdue_invoice,2026-08-29,INV_000101,B2B_0203,82471.62,INR,2026-06-30,2026-07-30,30,overdue,False,12,0,3
INV_EVT_00102,overdue_invoice,2026-08-29,INV_000102,B2B_0232,11744.88,INR,2026-07-01,2026-07-31,29,overdue,False,5,0,0
INV_EVT_00103,overdue_invoice,2026-08-29,INV_000103,B2B_0049,23004.49,INR,2026-06-26,2026-07-26,34,overdue,False,14,3,0
INV_EVT_00104,overdue_invoice,2026-08-29,INV_000104,B2B_0060,66479.56,INR,2026-04-26,2026-05-26,95,overdue,False,5,0,3
INV_EVT_00105,overdue_invoice,2026-08-29,INV_000105,B2B_0168,18053.18,INR,2026-07-02,2026-08-01,28,overdue,False,3,0,0
INV_EVT_00106,overdue_invoice,2026-08-29,INV_000106,B2B_0124,159321.45,INR,2026-05-10,2026-06-09,81,overdue,False,6,0,0
INV_EVT_00107,overdue_invoice,2026-08-29,INV_000107,B2B_0094,69070.38,INR,2026-05-07,2026-05-22,99,overdue,False,3,0,0
INV_EVT_00108,overdue_invoice,2026-08-29,INV_000108,B2B_0188,66886.58,INR,2026-04-19,2026-05-19,102,overdue,False,4,0,3
INV_EVT_00109,overdue_invoice,2026-08-29,INV_000109,B2B_0265,71290.28,INR,2026-05-07,2026-05-22,99,overdue,False,11,2,1
INV_EVT_00110,overdue_invoice,2026-08-29,INV_000110,B2B_0154,35070.79,INR,2026-04-13,2026-05-13,108,overdue,False,3,0,0
INV_EVT_00111,overdue_invoice,2026-08-29,INV_000111,B2B_0225,32556.08,INR,2026-06-29,2026-07-29,31,overdue,False,5,0,2
INV_EVT_00112,overdue_invoice,2026-08-29,INV_000112,B2B_0193,16421.08,INR,2026-04-05,2026-05-05,116,overdue,False,4,0,2
INV_EVT_00113,overdue_invoice,2026-08-29,INV_000113,B2B_0048,76421.82,INR,2026-06-01,2026-07-01,59,overdue,False,3,0,1
INV_EVT_00114,overdue_invoice,2026-08-29,INV_000114,B2B_0242,103803.01,INR,2026-05-15,2026-06-14,76,overdue,False,9,2,0
INV_EVT_00115,overdue_invoice,2026-08-29,INV_000115,B2B_0298,62016.85,INR,2026-06-07,2026-07-07,53,overdue,False,12,1,1
INV_EVT_00116,overdue_invoice,2026-08-29,INV_000116,B2B_0210,59827.4,INR,2026-05-18,2026-06-17,73,overdue,False,11,1,2
INV_EVT_00117,overdue_invoice,2026-08-29,INV_000117,B2B_0046,35354.19,INR,2026-05-17,2026-06-16,74,overdue,False,10,0,2
INV_EVT_00118,overdue_invoice,2026-08-29,INV_000118,B2B_0117,91655.47,INR,2026-07-16,2026-08-15,14,overdue,False,6,2,2
INV_EVT_00119,overdue_invoice,2026-08-29,INV_000119,B2B_0068,10552.48,INR,2026-07-01,2026-07-31,29,overdue,False,3,0,1
INV_EVT_00120,overdue_invoice,2026-08-29,INV_000120,B2B_0213,30998.25,INR,2026-05-29,2026-06-28,62,overdue,False,3,0,1
INV_EVT_00121,overdue_invoice,2026-08-29,INV_000121,B2B_0180,44289.88,INR,2026-04-13,2026-05-28,93,overdue,False,5,1,2
INV_EVT_00122,overdue_invoice,2026-08-29,INV_000122,B2B_0083,49933.8,INR,2026-06-18,2026-08-02,27,overdue,False,10,0,3
INV_EVT_00123,overdue_invoice,2026-08-29,INV_000123,B2B_0130,89283.52,INR,2026-07-02,2026-07-17,43,overdue,False,13,4,3
INV_EVT_00124,overdue_invoice,2026-08-29,INV_000124,B2B_0119,64300.24,INR,2026-07-11,2026-08-10,19,overdue,False,12,0,1
INV_EVT_00125,overdue_invoice,2026-08-29,INV_000125,B2B_0282,84932.99,INR,2026-04-06,2026-04-21,130,overdue,False,7,0,3
INV_EVT_00126,overdue_invoice,2026-08-29,INV_000126,B2B_0268,203182.94,INR,2026-05-13,2026-06-12,78,overdue,False,3,1,3
INV_EVT_00127,overdue_invoice,2026-08-29,INV_000127,B2B_0233,224790.78,INR,2026-05-04,2026-06-18,72,overdue,False,6,0,3
INV_EVT_00128,overdue_invoice,2026-08-29,INV_000128,B2B_0069,125910.89,INR,2026-07-13,2026-08-12,17,overdue,False,7,0,0
INV_EVT_00129,overdue_invoice,2026-08-29,INV_000129,B2B_0229,203643.19,INR,2026-05-29,2026-06-28,62,overdue,False,4,2,1
INV_EVT_00130,overdue_invoice,2026-08-29,INV_000130,B2B_0037,299226.72,INR,2026-05-12,2026-06-11,79,overdue,False,6,1,2
INV_EVT_00131,overdue_invoice,2026-08-29,INV_000131,B2B_0244,100869.18,INR,2026-04-06,2026-05-21,100,overdue,False,9,2,2
INV_EVT_00132,overdue_invoice,2026-08-29,INV_000132,B2B_0239,24504.24,INR,2026-04-07,2026-05-07,114,overdue,False,12,3,1
INV_EVT_00133,overdue_invoice,2026-08-29,INV_000133,B2B_0287,167622.03,INR,2026-04-12,2026-05-12,109,overdue,False,4,2,0
INV_EVT_00134,overdue_invoice,2026-08-29,INV_000134,B2B_0224,33837.0,INR,2026-06-04,2026-07-04,56,overdue,False,13,2,3
INV_EVT_00135,overdue_invoice,2026-08-29,INV_000135,B2B_0242,332610.31,INR,2026-06-02,2026-07-02,58,overdue,False,9,2,1
INV_EVT_00136,overdue_invoice,2026-08-29,INV_000136,B2B_0121,298128.48,INR,2026-05-10,2026-05-25,96,overdue,False,14,0,0
INV_EVT_00137,overdue_invoice,2026-08-29,INV_000137,B2B_0224,49546.28,INR,2026-04-04,2026-05-04,117,overdue,False,13,2,0
INV_EVT_00138,overdue_invoice,2026-08-29,INV_000138,B2B_0014,31114.13,INR,2026-07-17,2026-08-16,13,overdue,False,5,0,2
INV_EVT_00139,overdue_invoice,2026-08-29,INV_000139,B2B_0071,43231.22,INR,2026-06-05,2026-06-20,70,overdue,False,9,1,1
INV_EVT_00140,overdue_invoice,2026-08-29,INV_000140,B2B_0148,71195.04,INR,2026-06-10,2026-07-10,50,overdue,False,7,2,2
INV_EVT_00141,overdue_invoice,2026-08-29,INV_000141,B2B_0167,209034.6,INR,2026-04-12,2026-05-12,109,overdue,False,7,2,0
INV_EVT_00142,overdue_invoice,2026-08-29,INV_000142,B2B_0109,27914.48,INR,2026-07-06,2026-07-21,39,overdue,False,4,4,1
INV_EVT_00143,overdue_invoice,2026-08-29,INV_000143,B2B_0183,151867.6,INR,2026-06-24,2026-07-24,36,overdue,False,8,3,1
INV_EVT_00144,overdue_invoice,2026-08-29,INV_000144,B2B_0010,14321.51,INR,2026-06-21,2026-07-21,39,overdue,False,9,0,1
INV_EVT_00145,overdue_invoice,2026-08-29,INV_000145,B2B_0105,198035.56,INR,2026-07-05,2026-08-04,25,overdue,False,3,0,1
INV_EVT_00146,overdue_invoice,2026-08-29,INV_000146,B2B_0069,71372.85,INR,2026-07-15,2026-08-14,15,overdue,False,7,0,2
INV_EVT_00147,overdue_invoice,2026-08-29,INV_000147,B2B_0147,87995.27,INR,2026-05-29,2026-07-13,47,overdue,False,9,1,2
INV_EVT_00148,overdue_invoice,2026-08-29,INV_000148,B2B_0238,68895.25,INR,2026-05-27,2026-06-26,64,overdue,False,8,0,1
INV_EVT_00149,overdue_invoice,2026-08-29,INV_000149,B2B_0186,158551.81,INR,2026-07-16,2026-07-31,29,overdue,False,13,1,1
INV_EVT_00150,overdue_invoice,2026-08-29,INV_000150,B2B_0090,100941.21,INR,2026-04-27,2026-05-12,109,overdue,False,8,1,3
INV_EVT_00151,overdue_invoice,2026-08-29,INV_000151,B2B_0288,289407.59,INR,2026-06-16,2026-07-16,44,overdue,False,9,1,2
INV_EVT_00152,overdue_invoice,2026-08-29,INV_000152,B2B_0213,18110.41,INR,2026-05-02,2026-06-01,89,overdue,False,3,0,0
INV_EVT_00153,overdue_invoice,2026-08-29,INV_000153,B2B_0156,36358.6,INR,2026-04-14,2026-04-29,122,overdue,False,6,0,2
INV_EVT_00154,overdue_invoice,2026-08-29,INV_000154,B2B_0241,25550.78,INR,2026-04-05,2026-04-20,131,overdue,False,12,4,1
INV_EVT_00155,overdue_invoice,2026-08-29,INV_000155,B2B_0223,133181.6,INR,2026-05-05,2026-06-04,86,overdue,False,14,1,2
INV_EVT_00156,overdue_invoice,2026-08-29,INV_000156,B2B_0232,19441.8,INR,2026-04-14,2026-05-29,92,overdue,False,5,0,0
INV_EVT_00157,overdue_invoice,2026-08-29,INV_000157,B2B_0177,524427.46,INR,2026-05-29,2026-06-28,62,overdue,False,8,2,3
INV_EVT_00158,overdue_invoice,2026-08-29,INV_000158,B2B_0175,80716.57,INR,2026-05-04,2026-06-18,72,overdue,False,6,1,1
INV_EVT_00159,overdue_invoice,2026-08-29,INV_000159,B2B_0232,199339.58,INR,2026-04-24,2026-05-24,97,overdue,False,5,0,1
INV_EVT_00160,overdue_invoice,2026-08-29,INV_000160,B2B_0001,34619.73,INR,2026-04-29,2026-06-13,77,overdue,False,13,2,1
INV_EVT_00161,overdue_invoice,2026-08-29,INV_000161,B2B_0229,87754.94,INR,2026-05-22,2026-07-06,54,overdue,False,4,2,2
INV_EVT_00162,overdue_invoice,2026-08-29,INV_000162,B2B_0272,123579.77,INR,2026-05-17,2026-06-16,74,overdue,False,3,0,2
INV_EVT_00163,overdue_invoice,2026-08-29,INV_000163,B2B_0296,42623.97,INR,2026-04-30,2026-05-30,91,overdue,False,8,3,1
INV_EVT_00164,overdue_invoice,2026-08-29,INV_000164,B2B_0143,62507.05,INR,2026-07-16,2026-07-31,29,overdue,False,5,0,2
INV_EVT_00165,overdue_invoice,2026-08-29,INV_000165,B2B_0151,260705.39,INR,2026-04-04,2026-05-04,117,overdue,False,14,4,2
INV_EVT_00166,overdue_invoice,2026-08-29,INV_000166,B2B_0271,206562.65,INR,2026-04-28,2026-06-12,78,overdue,False,6,0,1
INV_EVT_00167,overdue_invoice,2026-08-29,INV_000167,B2B_0121,119182.83,INR,2026-04-10,2026-05-10,111,overdue,False,14,0,2
INV_EVT_00168,overdue_invoice,2026-08-29,INV_000168,B2B_0086,363063.91,INR,2026-05-14,2026-06-13,77,overdue,False,5,0,2
INV_EVT_00169,overdue_invoice,2026-08-29,INV_000169,B2B_0010,15813.24,INR,2026-05-13,2026-05-28,93,overdue,False,9,0,2
INV_EVT_00170,overdue_invoice,2026-08-29,INV_000170,B2B_0228,94677.36,INR,2026-04-11,2026-05-11,110,overdue,False,8,3,1
INV_EVT_00171,overdue_invoice,2026-08-29,INV_000171,B2B_0111,55278.96,INR,2026-06-02,2026-06-17,73,overdue,False,9,0,3
INV_EVT_00172,overdue_invoice,2026-08-29,INV_000172,B2B_0105,234270.52,INR,2026-06-28,2026-07-13,47,overdue,False,3,0,2
INV_EVT_00173,overdue_invoice,2026-08-29,INV_000173,B2B_0035,182251.31,INR,2026-05-31,2026-07-15,45,overdue,False,13,2,0
INV_EVT_00174,overdue_invoice,2026-08-29,INV_000174,B2B_0026,191146.62,INR,2026-04-11,2026-05-11,110,overdue,False,9,1,2
INV_EVT_00175,overdue_invoice,2026-08-29,INV_000175,B2B_0094,46524.8,INR,2026-06-22,2026-07-22,38,overdue,False,3,0,2
INV_EVT_00176,overdue_invoice,2026-08-29,INV_000176,B2B_0150,117535.54,INR,2026-06-30,2026-07-30,30,overdue,False,7,3,2
INV_EVT_00177,overdue_invoice,2026-08-29,INV_000177,B2B_0210,177982.17,INR,2026-05-19,2026-07-03,57,overdue,False,11,1,0
INV_EVT_00178,overdue_invoice,2026-08-29,INV_000178,B2B_0265,211736.6,INR,2026-07-11,2026-08-10,19,overdue,False,11,2,0
INV_EVT_00179,overdue_invoice,2026-08-29,INV_000179,B2B_0080,35743.44,INR,2026-05-14,2026-05-29,92,overdue,False,8,0,2
INV_EVT_00180,overdue_invoice,2026-08-29,INV_000180,B2B_0177,43419.01,INR,2026-05-12,2026-05-27,94,overdue,False,8,2,1
INV_EVT_00181,overdue_invoice,2026-08-29,INV_000181,B2B_0218,91254.61,INR,2026-06-10,2026-06-25,65,overdue,False,9,1,2
INV_EVT_00182,overdue_invoice,2026-08-29,INV_000182,B2B_0020,228921.42,INR,2026-06-13,2026-07-13,47,overdue,False,8,2,3
INV_EVT_00183,overdue_invoice,2026-08-29,INV_000183,B2B_0293,123188.54,INR,2026-06-27,2026-08-11,18,overdue,False,11,2,1
INV_EVT_00184,overdue_invoice,2026-08-29,INV_000184,B2B_0078,225457.42,INR,2026-05-23,2026-06-22,68,overdue,False,4,1,0
INV_EVT_00185,overdue_invoice,2026-08-29,INV_000185,B2B_0164,15729.15,INR,2026-07-16,2026-08-15,14,overdue,False,10,1,1
INV_EVT_00186,overdue_invoice,2026-08-29,INV_000186,B2B_0179,60351.12,INR,2026-06-08,2026-06-23,67,overdue,False,13,3,3
INV_EVT_00187,overdue_invoice,2026-08-29,INV_000187,B2B_0027,111783.23,INR,2026-07-07,2026-08-06,23,overdue,False,8,0,0
INV_EVT_00188,overdue_invoice,2026-08-29,INV_000188,B2B_0010,93051.72,INR,2026-06-29,2026-07-14,46,overdue,False,9,0,3
INV_EVT_00189,overdue_invoice,2026-08-29,INV_000189,B2B_0279,16517.73,INR,2026-06-22,2026-07-22,38,overdue,False,8,2,1
INV_EVT_00190,overdue_invoice,2026-08-29,INV_000190,B2B_0224,180944.68,INR,2026-04-19,2026-05-19,102,overdue,False,13,2,2
INV_EVT_00191,overdue_invoice,2026-08-29,INV_000191,B2B_0010,98865.01,INR,2026-06-01,2026-07-01,59,overdue,False,9,0,1
INV_EVT_00192,overdue_invoice,2026-08-29,INV_000192,B2B_0170,51639.07,INR,2026-04-24,2026-05-24,97,overdue,False,3,0,2
INV_EVT_00193,overdue_invoice,2026-08-29,INV_000193,B2B_0130,195525.65,INR,2026-04-20,2026-05-20,101,overdue,False,13,4,0
INV_EVT_00194,overdue_invoice,2026-08-29,INV_000194,B2B_0066,18804.1,INR,2026-06-17,2026-07-17,43,overdue,False,9,2,2
INV_EVT_00195,overdue_invoice,2026-08-29,INV_000195,B2B_0202,49820.65,INR,2026-07-02,2026-08-01,28,overdue,False,13,0,2
INV_EVT_00196,overdue_invoice,2026-08-29,INV_000196,B2B_0005,152127.41,INR,2026-06-12,2026-07-12,48,overdue,False,4,2,1
INV_EVT_00197,overdue_invoice,2026-08-29,INV_000197,B2B_0181,101319.78,INR,2026-05-09,2026-05-24,97,overdue,False,7,0,1
INV_EVT_00198,overdue_invoice,2026-08-29,INV_000198,B2B_0141,62660.92,INR,2026-04-28,2026-05-28,93,overdue,False,12,1,2
INV_EVT_00199,overdue_invoice,2026-08-29,INV_000199,B2B_0054,66318.38,INR,2026-04-24,2026-05-24,97,overdue,False,14,3,1
INV_EVT_00200,overdue_invoice,2026-08-29,INV_000200,B2B_0044,62218.57,INR,2026-05-31,2026-06-30,60,overdue,False,3,0,2
INV_EVT_00201,overdue_invoice,2026-08-29,INV_000201,B2B_0232,150096.86,INR,2026-06-04,2026-07-04,56,overdue,False,5,0,1
INV_EVT_00202,overdue_invoice,2026-08-29,INV_000202,B2B_0047,58794.24,INR,2026-05-05,2026-06-04,86,overdue,False,7,0,2
INV_EVT_00203,overdue_invoice,2026-08-29,INV_000203,B2B_0289,129001.97,INR,2026-05-04,2026-06-03,87,overdue,False,11,4,0
INV_EVT_00204,overdue_invoice,2026-08-29,INV_000204,B2B_0070,14123.34,INR,2026-04-12,2026-05-27,94,overdue,False,5,4,1
INV_EVT_00205,overdue_invoice,2026-08-29,INV_000205,B2B_0138,200542.01,INR,2026-05-02,2026-05-17,104,overdue,False,13,3,1
INV_EVT_00206,overdue_invoice,2026-08-29,INV_000206,B2B_0253,528864.47,INR,2026-04-21,2026-06-05,85,overdue,False,10,3,0
INV_EVT_00207,overdue_invoice,2026-08-29,INV_000207,B2B_0220,111855.09,INR,2026-05-27,2026-07-11,49,overdue,False,9,2,2
INV_EVT_00208,overdue_invoice,2026-08-29,INV_000208,B2B_0111,69984.15,INR,2026-05-16,2026-06-15,75,overdue,False,9,0,0
INV_EVT_00209,overdue_invoice,2026-08-29,INV_000209,B2B_0033,48882.94,INR,2026-06-24,2026-07-09,51,overdue,False,14,2,1
INV_EVT_00210,overdue_invoice,2026-08-29,INV_000210,B2B_0020,131276.08,INR,2026-04-26,2026-06-10,80,overdue,False,8,2,0
INV_EVT_00211,overdue_invoice,2026-08-29,INV_000211,B2B_0053,44582.84,INR,2026-05-10,2026-06-09,81,overdue,False,5,1,2
INV_EVT_00212,overdue_invoice,2026-08-29,INV_000212,B2B_0089,38958.66,INR,2026-06-28,2026-07-28,32,overdue,False,4,1,0
INV_EVT_00213,overdue_invoice,2026-08-29,INV_000213,B2B_0251,13658.54,INR,2026-06-03,2026-06-18,72,overdue,False,7,1,3
INV_EVT_00214,overdue_invoice,2026-08-29,INV_000214,B2B_0163,91065.1,INR,2026-04-20,2026-05-20,101,overdue,False,7,1,1
INV_EVT_00215,overdue_invoice,2026-08-29,INV_000215,B2B_0005,59431.68,INR,2026-05-05,2026-05-20,101,overdue,False,4,2,1
INV_EVT_00216,overdue_invoice,2026-08-29,INV_000216,B2B_0249,62098.02,INR,2026-06-21,2026-07-21,39,overdue,False,5,2,2
INV_EVT_00217,overdue_invoice,2026-08-29,INV_000217,B2B_0270,74861.55,INR,2026-04-21,2026-05-06,115,overdue,False,14,2,0
INV_EVT_00218,overdue_invoice,2026-08-29,INV_000218,B2B_0047,42563.36,INR,2026-06-03,2026-07-03,57,overdue,False,7,0,1
INV_EVT_00219,overdue_invoice,2026-08-29,INV_000219,B2B_0023,87127.22,INR,2026-05-11,2026-06-10,80,overdue,False,3,0,1
INV_EVT_00220,overdue_invoice,2026-08-29,INV_000220,B2B_0238,31612.43,INR,2026-05-15,2026-05-30,91,overdue,False,8,0,1
INV_EVT_00221,overdue_invoice,2026-08-29,INV_000221,B2B_0300,68386.55,INR,2026-06-29,2026-07-29,31,overdue,False,9,3,3
INV_EVT_00222,overdue_invoice,2026-08-29,INV_000222,B2B_0249,59880.7,INR,2026-06-13,2026-06-28,62,overdue,False,5,2,3
INV_EVT_00223,overdue_invoice,2026-08-29,INV_000223,B2B_0126,19122.23,INR,2026-04-13,2026-04-28,123,overdue,False,5,3,1
INV_EVT_00224,overdue_invoice,2026-08-29,INV_000224,B2B_0286,28443.27,INR,2026-04-22,2026-05-22,99,overdue,False,3,0,2
INV_EVT_00225,overdue_invoice,2026-08-29,INV_000225,B2B_0075,46688.36,INR,2026-07-07,2026-07-22,38,overdue,False,12,1,2
INV_EVT_00226,overdue_invoice,2026-08-29,INV_000226,B2B_0094,47825.16,INR,2026-05-16,2026-06-15,75,overdue,False,3,0,2
INV_EVT_00227,overdue_invoice,2026-08-29,INV_000227,B2B_0039,92281.82,INR,2026-04-29,2026-05-29,92,overdue,False,3,1,2
INV_EVT_00228,overdue_invoice,2026-08-29,INV_000228,B2B_0065,54244.06,INR,2026-04-09,2026-05-09,112,overdue,False,13,1,0
INV_EVT_00229,overdue_invoice,2026-08-29,INV_000229,B2B_0278,71992.25,INR,2026-05-23,2026-06-22,68,overdue,False,3,1,2
INV_EVT_00230,overdue_invoice,2026-08-29,INV_000230,B2B_0171,54078.59,INR,2026-06-18,2026-08-02,27,overdue,False,14,0,0
INV_EVT_00231,overdue_invoice,2026-08-29,INV_000231,B2B_0106,10000.0,INR,2026-04-20,2026-06-04,86,overdue,False,14,5,1
INV_EVT_00232,overdue_invoice,2026-08-29,INV_000232,B2B_0061,67949.94,INR,2026-05-05,2026-05-20,101,overdue,False,3,0,1
INV_EVT_00233,overdue_invoice,2026-08-29,INV_000233,B2B_0082,38235.03,INR,2026-04-11,2026-05-11,110,overdue,False,12,5,1
INV_EVT_00234,overdue_invoice,2026-08-29,INV_000234,B2B_0064,65997.16,INR,2026-07-01,2026-07-16,44,overdue,False,4,0,2
INV_EVT_00235,overdue_invoice,2026-08-29,INV_000235,B2B_0239,40634.82,INR,2026-05-31,2026-06-30,60,overdue,False,12,3,3
INV_EVT_00236,overdue_invoice,2026-08-29,INV_000236,B2B_0299,126726.27,INR,2026-06-29,2026-07-29,31,overdue,False,10,1,3
INV_EVT_00237,overdue_invoice,2026-08-29,INV_000237,B2B_0276,72295.16,INR,2026-07-10,2026-07-25,35,overdue,False,12,4,1
INV_EVT_00238,overdue_invoice,2026-08-29,INV_000238,B2B_0153,132172.13,INR,2026-05-24,2026-07-08,52,overdue,False,5,1,1
INV_EVT_00239,overdue_invoice,2026-08-29,INV_000239,B2B_0091,140134.35,INR,2026-05-06,2026-06-05,85,overdue,False,7,3,2
INV_EVT_00240,overdue_invoice,2026-08-29,INV_000240,B2B_0168,47663.93,INR,2026-04-14,2026-05-14,107,overdue,False,3,0,2
INV_EVT_00241,overdue_invoice,2026-08-29,INV_000241,B2B_0107,143984.65,INR,2026-05-30,2026-06-29,61,overdue,False,12,0,2
INV_EVT_00242,overdue_invoice,2026-08-29,INV_000242,B2B_0194,90060.04,INR,2026-05-29,2026-06-28,62,overdue,False,5,0,1
INV_EVT_00243,overdue_invoice,2026-08-29,INV_000243,B2B_0123,32173.05,INR,2026-05-21,2026-07-05,55,overdue,False,6,1,2
INV_EVT_00244,overdue_invoice,2026-08-29,INV_000244,B2B_0194,68354.62,INR,2026-05-20,2026-06-04,86,overdue,False,5,0,3
INV_EVT_00245,overdue_invoice,2026-08-29,INV_000245,B2B_0025,80861.97,INR,2026-06-15,2026-06-30,60,overdue,False,13,0,0
INV_EVT_00246,overdue_invoice,2026-08-29,INV_000246,B2B_0124,207145.67,INR,2026-04-09,2026-04-24,127,overdue,False,6,0,3
INV_EVT_00247,overdue_invoice,2026-08-29,INV_000247,B2B_0010,56748.82,INR,2026-04-22,2026-05-22,99,overdue,False,9,0,1
INV_EVT_00248,overdue_invoice,2026-08-29,INV_000248,B2B_0094,263533.29,INR,2026-06-26,2026-07-26,34,overdue,False,3,0,2
INV_EVT_00249,overdue_invoice,2026-08-29,INV_000249,B2B_0064,138849.61,INR,2026-04-07,2026-04-22,129,overdue,False,4,0,3
INV_EVT_00250,overdue_invoice,2026-08-29,INV_000250,B2B_0068,13819.52,INR,2026-04-20,2026-05-05,116,overdue,False,3,0,3
INV_EVT_00251,overdue_invoice,2026-08-29,INV_000251,B2B_0129,32754.07,INR,2026-05-11,2026-06-10,80,overdue,False,7,2,0
INV_EVT_00252,overdue_invoice,2026-08-29,INV_000252,B2B_0181,119908.2,INR,2026-04-28,2026-06-12,78,overdue,False,7,0,3
INV_EVT_00253,overdue_invoice,2026-08-29,INV_000253,B2B_0095,23411.35,INR,2026-05-04,2026-05-19,102,overdue,False,9,1,1
INV_EVT_00254,overdue_invoice,2026-08-29,INV_000254,B2B_0249,109775.15,INR,2026-05-09,2026-06-08,82,overdue,False,5,2,0
INV_EVT_00255,overdue_invoice,2026-08-29,INV_000255,B2B_0230,226689.35,INR,2026-05-21,2026-07-05,55,overdue,False,11,1,0
INV_EVT_00256,overdue_invoice,2026-08-29,INV_000256,B2B_0267,60519.1,INR,2026-06-08,2026-07-23,37,overdue,False,13,2,2
INV_EVT_00257,overdue_invoice,2026-08-29,INV_000257,B2B_0230,231283.04,INR,2026-07-09,2026-08-08,21,overdue,False,11,1,0
INV_EVT_00258,overdue_invoice,2026-08-29,INV_000258,B2B_0129,216293.39,INR,2026-04-18,2026-05-18,103,overdue,False,7,2,0
INV_EVT_00259,overdue_invoice,2026-08-29,INV_000259,B2B_0273,71694.52,INR,2026-06-05,2026-07-05,55,overdue,False,7,2,3
INV_EVT_00260,overdue_invoice,2026-08-29,INV_000260,B2B_0108,73024.9,INR,2026-04-07,2026-05-07,114,overdue,False,5,2,0
INV_EVT_00261,overdue_invoice,2026-08-29,INV_000261,B2B_0180,86702.17,INR,2026-04-10,2026-04-25,126,overdue,False,5,1,3
INV_EVT_00262,overdue_invoice,2026-08-29,INV_000262,B2B_0173,107061.54,INR,2026-06-07,2026-06-22,68,overdue,False,11,0,2
INV_EVT_00263,overdue_invoice,2026-08-29,INV_000263,B2B_0099,21574.7,INR,2026-04-24,2026-05-24,97,overdue,False,7,0,0
INV_EVT_00264,overdue_invoice,2026-08-29,INV_000264,B2B_0076,66790.09,INR,2026-06-04,2026-07-19,41,overdue,False,10,1,3
INV_EVT_00265,overdue_invoice,2026-08-29,INV_000265,B2B_0277,19665.87,INR,2026-05-29,2026-07-13,47,overdue,False,3,1,0
INV_EVT_00266,overdue_invoice,2026-08-29,INV_000266,B2B_0274,56904.9,INR,2026-05-01,2026-05-31,90,overdue,False,6,1,0
INV_EVT_00267,overdue_invoice,2026-08-29,INV_000267,B2B_0011,62926.28,INR,2026-04-11,2026-05-11,110,overdue,False,14,1,3
INV_EVT_00268,overdue_invoice,2026-08-29,INV_000268,B2B_0214,17523.53,INR,2026-05-23,2026-07-07,53,overdue,False,11,7,1
INV_EVT_00269,overdue_invoice,2026-08-29,INV_000269,B2B_0273,27293.77,INR,2026-04-19,2026-06-03,87,overdue,False,7,2,2
INV_EVT_00270,overdue_invoice,2026-08-29,INV_000270,B2B_0203,54544.46,INR,2026-06-26,2026-07-26,34,overdue,False,12,0,2
INV_EVT_00271,overdue_invoice,2026-08-29,INV_000271,B2B_0288,422320.37,INR,2026-06-11,2026-07-11,49,overdue,False,9,1,2
INV_EVT_00272,overdue_invoice,2026-08-29,INV_000272,B2B_0137,24732.02,INR,2026-04-15,2026-05-15,106,overdue,False,7,2,1
INV_EVT_00273,overdue_invoice,2026-08-29,INV_000273,B2B_0088,82858.14,INR,2026-04-09,2026-05-09,112,overdue,False,6,0,1
INV_EVT_00274,overdue_invoice,2026-08-29,INV_000274,B2B_0257,36695.29,INR,2026-05-08,2026-05-23,98,overdue,False,3,0,1
INV_EVT_00275,overdue_invoice,2026-08-29,INV_000275,B2B_0173,55559.47,INR,2026-06-21,2026-07-06,54,overdue,False,11,0,2
INV_EVT_00276,overdue_invoice,2026-08-29,INV_000276,B2B_0132,164947.72,INR,2026-06-01,2026-07-01,59,overdue,False,11,5,2
INV_EVT_00277,overdue_invoice,2026-08-29,INV_000277,B2B_0151,96146.0,INR,2026-05-23,2026-06-22,68,overdue,False,14,4,2
INV_EVT_00278,overdue_invoice,2026-08-29,INV_000278,B2B_0157,105436.72,INR,2026-06-04,2026-07-04,56,overdue,False,9,1,2
INV_EVT_00279,overdue_invoice,2026-08-29,INV_000279,B2B_0229,110885.16,INR,2026-05-20,2026-06-19,71,overdue,False,4,2,3
INV_EVT_00280,overdue_invoice,2026-08-29,INV_000280,B2B_0078,118853.04,INR,2026-05-12,2026-06-11,79,overdue,False,4,1,1
INV_EVT_00281,overdue_invoice,2026-08-29,INV_000281,B2B_0242,13306.26,INR,2026-06-30,2026-08-14,15,overdue,False,9,2,0
INV_EVT_00282,overdue_invoice,2026-08-29,INV_000282,B2B_0249,102138.03,INR,2026-06-15,2026-06-30,60,overdue,False,5,2,3
INV_EVT_00283,overdue_invoice,2026-08-29,INV_000283,B2B_0078,70064.77,INR,2026-04-28,2026-05-28,93,overdue,False,4,1,2
INV_EVT_00284,overdue_invoice,2026-08-29,INV_000284,B2B_0260,103074.19,INR,2026-05-13,2026-06-27,63,overdue,False,9,1,2
INV_EVT_00285,overdue_invoice,2026-08-29,INV_000285,B2B_0036,146436.17,INR,2026-07-07,2026-08-06,23,overdue,False,10,3,0
INV_EVT_00286,overdue_invoice,2026-08-29,INV_000286,B2B_0106,104586.91,INR,2026-07-05,2026-07-20,40,overdue,False,14,5,2
INV_EVT_00287,overdue_invoice,2026-08-29,INV_000287,B2B_0239,130296.09,INR,2026-05-23,2026-07-07,53,overdue,False,12,3,2
INV_EVT_00288,overdue_invoice,2026-08-29,INV_000288,B2B_0218,29380.22,INR,2026-06-06,2026-07-21,39,overdue,False,9,1,2
INV_EVT_00289,overdue_invoice,2026-08-29,INV_000289,B2B_0133,107311.26,INR,2026-06-13,2026-06-28,62,overdue,False,7,2,2
INV_EVT_00290,overdue_invoice,2026-08-29,INV_000290,B2B_0192,68722.22,INR,2026-04-24,2026-06-08,82,overdue,False,12,1,1
INV_EVT_00291,overdue_invoice,2026-08-29,INV_000291,B2B_0107,69985.89,INR,2026-05-07,2026-06-06,84,overdue,False,12,0,1
INV_EVT_00292,overdue_invoice,2026-08-29,INV_000292,B2B_0235,212214.15,INR,2026-07-03,2026-08-17,12,overdue,False,3,1,2
INV_EVT_00293,overdue_invoice,2026-08-29,INV_000293,B2B_0288,50731.72,INR,2026-07-14,2026-08-28,1,overdue,False,9,1,1
INV_EVT_00294,overdue_invoice,2026-08-29,INV_000294,B2B_0190,44000.62,INR,2026-05-05,2026-06-04,86,overdue,False,7,1,3
INV_EVT_00295,overdue_invoice,2026-08-29,INV_000295,B2B_0128,26222.92,INR,2026-04-24,2026-05-24,97,overdue,False,5,0,2
INV_EVT_00296,overdue_invoice,2026-08-29,INV_000296,B2B_0013,59205.07,INR,2026-05-04,2026-06-03,87,overdue,False,14,6,0
INV_EVT_00297,overdue_invoice,2026-08-29,INV_000297,B2B_0217,176626.46,INR,2026-05-01,2026-05-31,90,overdue,False,8,3,0
INV_EVT_00298,overdue_invoice,2026-08-29,INV_000298,B2B_0270,19752.03,INR,2026-05-01,2026-05-31,90,overdue,False,14,2,3
INV_EVT_00299,overdue_invoice,2026-08-29,INV_000299,B2B_0199,91694.51,INR,2026-05-26,2026-06-25,65,overdue,False,4,0,0
INV_EVT_00300,overdue_invoice,2026-08-29,INV_000300,B2B_0083,10000.0,INR,2026-07-14,2026-07-29,31,overdue,False,10,0,3
INV_EVT_00301,overdue_invoice,2026-08-29,INV_000301,B2B_0275,43175.84,INR,2026-06-11,2026-06-26,64,overdue,False,12,3,2
INV_EVT_00302,overdue_invoice,2026-08-29,INV_000302,B2B_0041,106429.38,INR,2026-04-22,2026-06-06,84,overdue,False,11,1,3
INV_EVT_00303,overdue_invoice,2026-08-29,INV_000303,B2B_0299,48746.83,INR,2026-05-31,2026-06-30,60,overdue,False,10,1,1
INV_EVT_00304,overdue_invoice,2026-08-29,INV_000304,B2B_0126,28670.24,INR,2026-06-20,2026-07-20,40,overdue,False,5,3,0
INV_EVT_00305,overdue_invoice,2026-08-29,INV_000305,B2B_0158,55862.93,INR,2026-05-11,2026-05-26,95,overdue,False,12,2,1
INV_EVT_00306,overdue_invoice,2026-08-29,INV_000306,B2B_0089,165467.53,INR,2026-06-29,2026-07-29,31,overdue,False,4,1,2
INV_EVT_00307,overdue_invoice,2026-08-29,INV_000307,B2B_0046,247407.34,INR,2026-07-02,2026-08-01,28,overdue,False,10,0,0
INV_EVT_00308,overdue_invoice,2026-08-29,INV_000308,B2B_0013,251453.12,INR,2026-07-07,2026-08-06,23,overdue,False,14,6,1
INV_EVT_00309,overdue_invoice,2026-08-29,INV_000309,B2B_0012,129453.14,INR,2026-04-17,2026-05-17,104,overdue,False,7,0,1
INV_EVT_00310,overdue_invoice,2026-08-29,INV_000310,B2B_0048,100078.17,INR,2026-05-16,2026-06-15,75,overdue,False,3,0,3
INV_EVT_00311,overdue_invoice,2026-08-29,INV_000311,B2B_0217,165035.2,INR,2026-06-24,2026-07-24,36,overdue,False,8,3,1
INV_EVT_00312,overdue_invoice,2026-08-29,INV_000312,B2B_0159,29736.95,INR,2026-05-03,2026-05-18,103,overdue,False,6,1,0
INV_EVT_00313,overdue_invoice,2026-08-29,INV_000313,B2B_0106,34540.27,INR,2026-07-10,2026-08-09,20,overdue,False,14,5,3
INV_EVT_00314,overdue_invoice,2026-08-29,INV_000314,B2B_0196,210762.71,INR,2026-05-12,2026-06-11,79,overdue,False,14,2,3
INV_EVT_00315,overdue_invoice,2026-08-29,INV_000315,B2B_0263,148785.66,INR,2026-05-28,2026-06-27,63,overdue,False,5,4,2
INV_EVT_00316,overdue_invoice,2026-08-29,INV_000316,B2B_0283,151041.38,INR,2026-04-12,2026-05-12,109,overdue,False,5,1,0
INV_EVT_00317,overdue_invoice,2026-08-29,INV_000317,B2B_0039,89563.58,INR,2026-05-23,2026-06-22,68,overdue,False,3,1,2
INV_EVT_00318,overdue_invoice,2026-08-29,INV_000318,B2B_0227,38764.01,INR,2026-06-07,2026-07-07,53,overdue,False,11,6,3
INV_EVT_00319,overdue_invoice,2026-08-29,INV_000319,B2B_0197,31607.88,INR,2026-05-14,2026-06-13,77,overdue,False,3,1,2
INV_EVT_00320,overdue_invoice,2026-08-29,INV_000320,B2B_0209,158844.48,INR,2026-07-07,2026-08-21,8,overdue,False,8,6,3
INV_EVT_00321,overdue_invoice,2026-08-29,INV_000321,B2B_0035,178350.27,INR,2026-05-23,2026-06-07,83,overdue,False,13,2,1
INV_EVT_00322,overdue_invoice,2026-08-29,INV_000322,B2B_0277,30603.35,INR,2026-06-17,2026-08-01,28,overdue,False,3,1,3
INV_EVT_00323,overdue_invoice,2026-08-29,INV_000323,B2B_0214,41507.61,INR,2026-06-21,2026-07-21,39,overdue,False,11,7,0
INV_EVT_00324,overdue_invoice,2026-08-29,INV_000324,B2B_0065,69073.67,INR,2026-06-27,2026-07-27,33,overdue,False,13,1,2
INV_EVT_00325,overdue_invoice,2026-08-29,INV_000325,B2B_0117,150987.7,INR,2026-05-30,2026-06-29,61,overdue,False,6,2,3
INV_EVT_00326,overdue_invoice,2026-08-29,INV_000326,B2B_0141,57114.46,INR,2026-05-03,2026-06-17,73,overdue,False,12,1,3
INV_EVT_00327,overdue_invoice,2026-08-29,INV_000327,B2B_0136,37928.66,INR,2026-06-27,2026-07-27,33,overdue,False,7,5,1
INV_EVT_00328,overdue_invoice,2026-08-29,INV_000328,B2B_0150,165376.26,INR,2026-04-27,2026-06-11,79,overdue,False,7,3,2
INV_EVT_00329,overdue_invoice,2026-08-29,INV_000329,B2B_0191,120941.51,INR,2026-05-15,2026-05-30,91,overdue,False,12,6,2
INV_EVT_00330,overdue_invoice,2026-08-29,INV_000330,B2B_0171,43038.01,INR,2026-05-28,2026-06-12,78,overdue,False,14,0,2
INV_EVT_00331,overdue_invoice,2026-08-29,INV_000331,B2B_0013,44256.61,INR,2026-04-16,2026-05-16,105,overdue,False,14,6,0
INV_EVT_00332,overdue_invoice,2026-08-29,INV_000332,B2B_0005,182266.34,INR,2026-06-20,2026-07-20,40,overdue,False,4,2,2
INV_EVT_00333,overdue_invoice,2026-08-29,INV_000333,B2B_0251,26917.81,INR,2026-07-10,2026-07-25,35,overdue,False,7,1,2
INV_EVT_00334,overdue_invoice,2026-08-29,INV_000334,B2B_0232,59334.29,INR,2026-05-31,2026-07-15,45,overdue,False,5,0,2
INV_EVT_00335,overdue_invoice,2026-08-29,INV_000335,B2B_0266,107440.18,INR,2026-07-10,2026-08-24,5,overdue,False,9,2,1
INV_EVT_00336,overdue_invoice,2026-08-29,INV_000336,B2B_0211,85541.11,INR,2026-05-08,2026-06-07,83,overdue,False,14,11,1
INV_EVT_00337,overdue_invoice,2026-08-29,INV_000337,B2B_0182,157751.33,INR,2026-07-01,2026-07-31,29,overdue,False,14,1,1
INV_EVT_00338,overdue_invoice,2026-08-29,INV_000338,B2B_0277,19080.7,INR,2026-06-30,2026-07-15,45,overdue,False,3,1,2
INV_EVT_00339,overdue_invoice,2026-08-29,INV_000339,B2B_0008,76064.01,INR,2026-04-11,2026-05-26,95,overdue,False,12,0,1
INV_EVT_00340,overdue_invoice,2026-08-29,INV_000340,B2B_0033,95432.36,INR,2026-05-24,2026-07-08,52,overdue,False,14,2,3
INV_EVT_00341,overdue_invoice,2026-08-29,INV_000341,B2B_0230,97941.02,INR,2026-05-17,2026-06-16,74,overdue,False,11,1,2
INV_EVT_00342,overdue_invoice,2026-08-29,INV_000342,B2B_0092,118987.59,INR,2026-06-23,2026-07-23,37,overdue,False,6,2,2
INV_EVT_00343,overdue_invoice,2026-08-29,INV_000343,B2B_0230,29488.32,INR,2026-05-17,2026-06-01,89,overdue,False,11,1,0
INV_EVT_00344,overdue_invoice,2026-08-29,INV_000344,B2B_0028,238317.56,INR,2026-04-28,2026-05-28,93,overdue,False,14,3,3
INV_EVT_00345,overdue_invoice,2026-08-29,INV_000345,B2B_0274,107847.96,INR,2026-05-18,2026-06-02,88,overdue,False,6,1,1
INV_EVT_00346,overdue_invoice,2026-08-29,INV_000346,B2B_0257,117447.59,INR,2026-05-23,2026-07-07,53,overdue,False,3,0,0
INV_EVT_00347,overdue_invoice,2026-08-29,INV_000347,B2B_0146,47275.66,INR,2026-06-13,2026-06-28,62,overdue,False,10,5,0
INV_EVT_00348,overdue_invoice,2026-08-29,INV_000348,B2B_0064,86668.3,INR,2026-05-27,2026-06-11,79,overdue,False,4,0,2
INV_EVT_00349,overdue_invoice,2026-08-29,INV_000349,B2B_0249,217425.63,INR,2026-06-30,2026-07-15,45,overdue,False,5,2,2
INV_EVT_00350,overdue_invoice,2026-08-29,INV_000350,B2B_0128,74094.74,INR,2026-05-24,2026-06-23,67,overdue,False,5,0,3
INV_EVT_00351,overdue_invoice,2026-08-29,INV_000351,B2B_0272,87687.03,INR,2026-06-09,2026-07-09,51,overdue,False,3,0,1
INV_EVT_00352,overdue_invoice,2026-08-29,INV_000352,B2B_0255,96627.27,INR,2026-06-11,2026-07-11,49,overdue,False,7,3,3
INV_EVT_00353,overdue_invoice,2026-08-29,INV_000353,B2B_0097,20308.51,INR,2026-06-07,2026-07-07,53,overdue,False,10,9,1
INV_EVT_00354,overdue_invoice,2026-08-29,INV_000354,B2B_0138,65329.28,INR,2026-04-19,2026-05-04,117,overdue,False,13,3,3
INV_EVT_00355,overdue_invoice,2026-08-29,INV_000355,B2B_0290,130568.93,INR,2026-04-23,2026-05-23,98,overdue,False,13,8,0
INV_EVT_00356,overdue_invoice,2026-08-29,INV_000356,B2B_0076,50736.81,INR,2026-07-15,2026-07-30,30,overdue,False,10,1,2
INV_EVT_00357,overdue_invoice,2026-08-29,INV_000357,B2B_0184,72512.05,INR,2026-05-14,2026-06-28,62,overdue,False,4,0,2
INV_EVT_00358,overdue_invoice,2026-08-29,INV_000358,B2B_0110,73060.66,INR,2026-06-19,2026-08-03,26,overdue,False,3,1,1
INV_EVT_00359,overdue_invoice,2026-08-29,INV_000359,B2B_0110,21190.07,INR,2026-06-21,2026-07-21,39,overdue,False,3,1,3
INV_EVT_00360,overdue_invoice,2026-08-29,INV_000360,B2B_0103,142727.09,INR,2026-06-15,2026-07-15,45,overdue,False,13,4,1
INV_EVT_00361,overdue_invoice,2026-08-29,INV_000361,B2B_0236,25387.4,INR,2026-06-10,2026-07-10,50,overdue,False,10,0,3
INV_EVT_00362,overdue_invoice,2026-08-29,INV_000362,B2B_0035,105174.67,INR,2026-06-28,2026-07-13,47,overdue,False,13,2,1
INV_EVT_00363,overdue_invoice,2026-08-29,INV_000363,B2B_0004,67397.7,INR,2026-05-08,2026-05-23,98,overdue,False,12,1,0
INV_EVT_00364,overdue_invoice,2026-08-29,INV_000364,B2B_0042,57087.72,INR,2026-05-06,2026-06-05,85,overdue,False,12,3,2
INV_EVT_00365,overdue_invoice,2026-08-29,INV_000365,B2B_0120,79115.81,INR,2026-04-12,2026-04-27,124,overdue,False,8,2,1
INV_EVT_00367,overdue_invoice,2026-08-29,INV_000367,B2B_0137,143775.84,INR,2026-07-08,2026-08-07,22,overdue,False,7,2,2
INV_EVT_00368,overdue_invoice,2026-08-29,INV_000368,B2B_0291,53155.15,INR,2026-05-14,2026-06-28,62,overdue,False,12,7,0
INV_EVT_00369,overdue_invoice,2026-08-29,INV_000369,B2B_0241,65753.78,INR,2026-05-31,2026-07-15,45,overdue,False,12,4,2
INV_EVT_00370,overdue_invoice,2026-08-29,INV_000370,B2B_0151,37710.74,INR,2026-05-01,2026-05-31,90,overdue,False,14,4,1
INV_EVT_00371,overdue_invoice,2026-08-29,INV_000371,B2B_0277,23296.17,INR,2026-05-26,2026-07-10,50,overdue,False,3,1,2
INV_EVT_00372,overdue_invoice,2026-08-29,INV_000372,B2B_0139,160491.28,INR,2026-06-19,2026-07-19,41,overdue,False,12,1,3
INV_EVT_00373,overdue_invoice,2026-08-29,INV_000373,B2B_0186,31177.16,INR,2026-07-12,2026-07-27,33,overdue,False,13,1,3
INV_EVT_00374,overdue_invoice,2026-08-29,INV_000374,B2B_0262,41647.77,INR,2026-06-19,2026-07-19,41,overdue,False,12,4,0
INV_EVT_00375,overdue_invoice,2026-08-29,INV_000375,B2B_0215,101596.74,INR,2026-07-16,2026-08-15,14,overdue,False,4,0,1
INV_EVT_00376,overdue_invoice,2026-08-29,INV_000376,B2B_0287,25516.75,INR,2026-05-31,2026-06-15,75,overdue,False,4,2,3
INV_EVT_00377,overdue_invoice,2026-08-29,INV_000377,B2B_0038,110119.34,INR,2026-06-15,2026-07-15,45,overdue,False,14,5,2
INV_EVT_00378,overdue_invoice,2026-08-29,INV_000378,B2B_0169,38186.84,INR,2026-06-12,2026-07-12,48,overdue,False,8,1,2
INV_EVT_00379,overdue_invoice,2026-08-29,INV_000379,B2B_0272,30215.18,INR,2026-04-21,2026-05-21,100,overdue,False,3,0,2
INV_EVT_00380,overdue_invoice,2026-08-29,INV_000380,B2B_0290,47132.1,INR,2026-06-19,2026-07-19,41,overdue,False,13,8,1
INV_EVT_00381,overdue_invoice,2026-08-29,INV_000381,B2B_0100,37964.22,INR,2026-04-16,2026-05-01,120,overdue,False,3,0,2
INV_EVT_00382,overdue_invoice,2026-08-29,INV_000382,B2B_0137,90589.02,INR,2026-05-11,2026-06-10,80,overdue,False,7,2,2
INV_EVT_00383,overdue_invoice,2026-08-29,INV_000383,B2B_0220,233223.24,INR,2026-05-10,2026-06-09,81,overdue,False,9,2,2
INV_EVT_00384,overdue_invoice,2026-08-29,INV_000384,B2B_0069,128603.53,INR,2026-06-19,2026-07-04,56,overdue,False,7,0,1
INV_EVT_00385,overdue_invoice,2026-08-29,INV_000385,B2B_0190,108792.2,INR,2026-04-15,2026-05-30,91,overdue,False,7,1,1
INV_EVT_00386,overdue_invoice,2026-08-29,INV_000386,B2B_0225,45843.67,INR,2026-05-06,2026-06-20,70,overdue,False,5,0,2
INV_EVT_00387,overdue_invoice,2026-08-29,INV_000387,B2B_0117,61841.98,INR,2026-04-26,2026-05-26,95,overdue,False,6,2,2
INV_EVT_00388,overdue_invoice,2026-08-29,INV_000388,B2B_0016,80751.95,INR,2026-06-09,2026-07-09,51,overdue,False,14,6,3
INV_EVT_00389,overdue_invoice,2026-08-29,INV_000389,B2B_0222,70582.79,INR,2026-07-04,2026-07-19,41,overdue,False,13,4,0
INV_EVT_00390,overdue_invoice,2026-08-29,INV_000390,B2B_0271,82861.2,INR,2026-04-20,2026-05-20,101,overdue,False,6,0,2
INV_EVT_00391,overdue_invoice,2026-08-29,INV_000391,B2B_0056,28220.72,INR,2026-07-04,2026-08-03,26,overdue,False,10,1,1
INV_EVT_00392,overdue_invoice,2026-08-29,INV_000392,B2B_0004,301575.4,INR,2026-04-09,2026-05-09,112,overdue,False,12,1,1
INV_EVT_00393,overdue_invoice,2026-08-29,INV_000393,B2B_0117,25049.74,INR,2026-04-21,2026-06-05,85,overdue,False,6,2,1
INV_EVT_00394,overdue_invoice,2026-08-29,INV_000394,B2B_0081,64684.13,INR,2026-05-01,2026-05-31,90,overdue,False,13,1,3
INV_EVT_00395,overdue_invoice,2026-08-29,INV_000395,B2B_0279,140708.74,INR,2026-06-01,2026-07-16,44,overdue,False,8,2,1
INV_EVT_00396,overdue_invoice,2026-08-29,INV_000396,B2B_0088,39933.8,INR,2026-06-11,2026-07-26,34,overdue,False,6,0,1
INV_EVT_00397,overdue_invoice,2026-08-29,INV_000397,B2B_0036,167842.0,INR,2026-05-23,2026-06-22,68,overdue,False,10,3,1
INV_EVT_00398,overdue_invoice,2026-08-29,INV_000398,B2B_0192,23405.21,INR,2026-05-15,2026-05-30,91,overdue,False,12,1,1
INV_EVT_00399,overdue_invoice,2026-08-29,INV_000399,B2B_0055,39889.39,INR,2026-06-24,2026-07-24,36,overdue,False,8,4,2
INV_EVT_00400,overdue_invoice,2026-08-29,INV_000400,B2B_0176,11011.25,INR,2026-04-27,2026-05-27,94,overdue,False,4,0,3
INV_EVT_00401,overdue_invoice,2026-08-29,INV_000401,B2B_0293,164941.11,INR,2026-04-29,2026-05-29,92,overdue,False,11,2,2
INV_EVT_00402,overdue_invoice,2026-08-29,INV_000402,B2B_0240,27725.75,INR,2026-06-10,2026-07-10,50,overdue,False,4,1,3
INV_EVT_00403,overdue_invoice,2026-08-29,INV_000403,B2B_0002,41357.83,INR,2026-04-21,2026-05-06,115,overdue,False,5,0,0
INV_EVT_00404,overdue_invoice,2026-08-29,INV_000404,B2B_0211,132571.22,INR,2026-05-21,2026-06-20,70,overdue,False,14,11,1
INV_EVT_00405,overdue_invoice,2026-08-29,INV_000405,B2B_0073,94450.89,INR,2026-06-23,2026-07-08,52,overdue,False,8,4,1
INV_EVT_00406,overdue_invoice,2026-08-29,INV_000406,B2B_0105,167844.8,INR,2026-07-04,2026-08-18,11,overdue,False,3,0,2
INV_EVT_00407,overdue_invoice,2026-08-29,INV_000407,B2B_0090,120149.08,INR,2026-05-31,2026-06-30,60,overdue,False,8,1,1
INV_EVT_00408,overdue_invoice,2026-08-29,INV_000408,B2B_0140,145913.76,INR,2026-05-27,2026-06-11,79,overdue,False,9,1,1
INV_EVT_00409,overdue_invoice,2026-08-29,INV_000409,B2B_0187,48667.88,INR,2026-04-23,2026-05-23,98,overdue,False,13,2,1
INV_EVT_00410,overdue_invoice,2026-08-29,INV_000410,B2B_0097,66711.32,INR,2026-06-04,2026-07-04,56,overdue,False,10,9,3
INV_EVT_00411,overdue_invoice,2026-08-29,INV_000411,B2B_0043,128957.26,INR,2026-05-23,2026-07-07,53,overdue,False,7,2,0
INV_EVT_00412,overdue_invoice,2026-08-29,INV_000412,B2B_0205,130336.08,INR,2026-06-18,2026-07-18,42,overdue,False,5,4,1
INV_EVT_00413,overdue_invoice,2026-08-29,INV_000413,B2B_0210,152093.74,INR,2026-04-17,2026-05-17,104,overdue,False,11,1,1
INV_EVT_00414,overdue_invoice,2026-08-29,INV_000414,B2B_0011,38671.05,INR,2026-06-24,2026-07-09,51,overdue,False,14,1,0
INV_EVT_00415,overdue_invoice,2026-08-29,INV_000415,B2B_0217,29685.26,INR,2026-05-30,2026-07-14,46,overdue,False,8,3,1
INV_EVT_00416,overdue_invoice,2026-08-29,INV_000416,B2B_0255,26143.96,INR,2026-07-05,2026-07-20,40,overdue,False,7,3,1
INV_EVT_00417,overdue_invoice,2026-08-29,INV_000417,B2B_0194,48847.95,INR,2026-04-29,2026-05-14,107,overdue,False,5,0,3
INV_EVT_00418,overdue_invoice,2026-08-29,INV_000418,B2B_0134,65782.65,INR,2026-07-08,2026-07-23,37,overdue,False,6,1,3
INV_EVT_00419,overdue_invoice,2026-08-29,INV_000419,B2B_0220,27456.5,INR,2026-06-21,2026-07-21,39,overdue,False,9,2,2
INV_EVT_00420,overdue_invoice,2026-08-29,INV_000420,B2B_0051,61552.6,INR,2026-07-15,2026-08-14,15,overdue,False,3,1,3
INV_EVT_00421,overdue_invoice,2026-08-29,INV_000421,B2B_0087,118169.03,INR,2026-06-25,2026-08-09,20,overdue,False,4,1,2
INV_EVT_00422,overdue_invoice,2026-08-29,INV_000422,B2B_0186,157288.23,INR,2026-07-06,2026-08-05,24,overdue,False,13,1,1
INV_EVT_00423,overdue_invoice,2026-08-29,INV_000423,B2B_0281,44572.38,INR,2026-05-24,2026-06-23,67,overdue,False,6,1,3
INV_EVT_00424,overdue_invoice,2026-08-29,INV_000424,B2B_0123,112299.27,INR,2026-04-06,2026-04-21,130,overdue,False,6,1,3
INV_EVT_00425,overdue_invoice,2026-08-29,INV_000425,B2B_0265,25682.0,INR,2026-05-19,2026-06-18,72,overdue,False,11,2,2
INV_EVT_00426,overdue_invoice,2026-08-29,INV_000426,B2B_0039,42045.99,INR,2026-06-29,2026-08-13,16,overdue,False,3,1,0
INV_EVT_00427,overdue_invoice,2026-08-29,INV_000427,B2B_0088,77634.05,INR,2026-06-23,2026-08-07,22,overdue,False,6,0,2
INV_EVT_00428,overdue_invoice,2026-08-29,INV_000428,B2B_0129,42530.04,INR,2026-06-07,2026-06-22,68,overdue,False,7,2,0
INV_EVT_00429,overdue_invoice,2026-08-29,INV_000429,B2B_0256,38236.05,INR,2026-06-05,2026-06-20,70,overdue,False,14,0,3
INV_EVT_00430,overdue_invoice,2026-08-29,INV_000430,B2B_0116,88347.89,INR,2026-04-04,2026-05-04,117,overdue,False,13,3,1
INV_EVT_00431,overdue_invoice,2026-08-29,INV_000431,B2B_0151,32255.37,INR,2026-06-06,2026-06-21,69,overdue,False,14,4,2
INV_EVT_00432,overdue_invoice,2026-08-29,INV_000432,B2B_0267,77878.76,INR,2026-06-05,2026-06-20,70,overdue,False,13,2,1
INV_EVT_00433,overdue_invoice,2026-08-29,INV_000433,B2B_0054,65407.92,INR,2026-05-08,2026-05-23,98,overdue,False,14,3,1
INV_EVT_00434,overdue_invoice,2026-08-29,INV_000434,B2B_0210,107025.8,INR,2026-04-18,2026-05-18,103,overdue,False,11,1,3
INV_EVT_00435,overdue_invoice,2026-08-29,INV_000435,B2B_0085,130287.26,INR,2026-07-11,2026-08-10,19,overdue,False,6,0,3
INV_EVT_00436,overdue_invoice,2026-08-29,INV_000436,B2B_0067,79230.96,INR,2026-06-20,2026-07-05,55,overdue,False,3,0,2
INV_EVT_00437,overdue_invoice,2026-08-29,INV_000437,B2B_0235,47848.25,INR,2026-04-30,2026-05-15,106,overdue,False,3,1,3
INV_EVT_00438,overdue_invoice,2026-08-29,INV_000438,B2B_0054,159413.86,INR,2026-04-08,2026-04-23,128,overdue,False,14,3,1
INV_EVT_00439,overdue_invoice,2026-08-29,INV_000439,B2B_0029,83298.95,INR,2026-06-17,2026-07-17,43,overdue,False,7,2,2
INV_EVT_00440,overdue_invoice,2026-08-29,INV_000440,B2B_0181,35188.43,INR,2026-06-01,2026-06-16,74,overdue,False,7,0,2
INV_EVT_00441,overdue_invoice,2026-08-29,INV_000441,B2B_0004,81662.69,INR,2026-06-20,2026-07-05,55,overdue,False,12,1,2
INV_EVT_00442,overdue_invoice,2026-08-29,INV_000442,B2B_0141,43574.07,INR,2026-05-09,2026-06-23,67,overdue,False,12,1,1
INV_EVT_00443,overdue_invoice,2026-08-29,INV_000443,B2B_0099,10000.0,INR,2026-04-23,2026-05-23,98,overdue,False,7,0,0
INV_EVT_00444,overdue_invoice,2026-08-29,INV_000444,B2B_0214,33021.24,INR,2026-06-14,2026-06-29,61,overdue,False,11,7,1
INV_EVT_00445,overdue_invoice,2026-08-29,INV_000445,B2B_0097,52514.59,INR,2026-07-07,2026-08-06,23,overdue,False,10,9,1
INV_EVT_00446,overdue_invoice,2026-08-29,INV_000446,B2B_0113,49295.49,INR,2026-06-26,2026-08-10,19,overdue,False,8,0,0
INV_EVT_00447,overdue_invoice,2026-08-29,INV_000447,B2B_0226,20771.05,INR,2026-05-29,2026-06-13,77,overdue,False,13,3,2
INV_EVT_00448,overdue_invoice,2026-08-29,INV_000448,B2B_0162,53748.35,INR,2026-06-27,2026-08-11,18,overdue,False,5,0,3
INV_EVT_00449,overdue_invoice,2026-08-29,INV_000449,B2B_0279,100026.3,INR,2026-04-23,2026-05-23,98,overdue,False,8,2,1
INV_EVT_00450,overdue_invoice,2026-08-29,INV_000450,B2B_0022,28562.37,INR,2026-06-23,2026-07-23,37,overdue,False,10,1,2
INV_EVT_00451,overdue_invoice,2026-08-29,INV_000451,B2B_0049,87291.12,INR,2026-04-18,2026-05-18,103,overdue,False,14,3,3
INV_EVT_00452,overdue_invoice,2026-08-29,INV_000452,B2B_0126,14049.49,INR,2026-05-21,2026-06-20,70,overdue,False,5,3,2
INV_EVT_00453,overdue_invoice,2026-08-29,INV_000453,B2B_0060,106476.43,INR,2026-04-26,2026-05-11,110,overdue,False,5,0,3
INV_EVT_00454,overdue_invoice,2026-08-29,INV_000454,B2B_0032,45177.69,INR,2026-05-19,2026-06-18,72,overdue,False,10,0,3
INV_EVT_00455,overdue_invoice,2026-08-29,INV_000455,B2B_0141,24326.19,INR,2026-06-10,2026-07-25,35,overdue,False,12,1,0
INV_EVT_00456,overdue_invoice,2026-08-29,INV_000456,B2B_0178,172427.5,INR,2026-05-05,2026-06-04,86,overdue,False,11,1,2
INV_EVT_00457,overdue_invoice,2026-08-29,INV_000457,B2B_0268,103004.83,INR,2026-04-29,2026-05-29,92,overdue,False,3,1,3
INV_EVT_00458,overdue_invoice,2026-08-29,INV_000458,B2B_0197,151690.79,INR,2026-06-06,2026-07-06,54,overdue,False,3,1,2
INV_EVT_00459,overdue_invoice,2026-08-29,INV_000459,B2B_0216,90939.01,INR,2026-04-26,2026-05-26,95,overdue,False,4,1,1
INV_EVT_00460,overdue_invoice,2026-08-29,INV_000460,B2B_0192,93638.73,INR,2026-07-03,2026-08-02,27,overdue,False,12,1,2
INV_EVT_00461,overdue_invoice,2026-08-29,INV_000461,B2B_0079,52191.56,INR,2026-07-12,2026-07-27,33,overdue,False,3,1,1
INV_EVT_00462,overdue_invoice,2026-08-29,INV_000462,B2B_0246,99383.71,INR,2026-05-13,2026-06-27,63,overdue,False,13,3,1
INV_EVT_00463,overdue_invoice,2026-08-29,INV_000463,B2B_0156,66311.59,INR,2026-07-07,2026-08-21,8,overdue,False,6,0,2
INV_EVT_00464,overdue_invoice,2026-08-29,INV_000464,B2B_0179,42546.54,INR,2026-07-06,2026-08-05,24,overdue,False,13,3,0
INV_EVT_00465,overdue_invoice,2026-08-29,INV_000465,B2B_0201,60945.62,INR,2026-06-24,2026-07-09,51,overdue,False,8,1,2
INV_EVT_00466,overdue_invoice,2026-08-29,INV_000466,B2B_0037,25591.11,INR,2026-04-09,2026-05-09,112,overdue,False,6,1,1
INV_EVT_00467,overdue_invoice,2026-08-29,INV_000467,B2B_0080,69388.15,INR,2026-04-18,2026-05-18,103,overdue,False,8,0,1
INV_EVT_00468,overdue_invoice,2026-08-29,INV_000468,B2B_0082,100619.12,INR,2026-04-29,2026-06-13,77,overdue,False,12,5,1
INV_EVT_00469,overdue_invoice,2026-08-29,INV_000469,B2B_0131,78208.92,INR,2026-04-06,2026-05-06,115,overdue,False,4,0,1
INV_EVT_00470,overdue_invoice,2026-08-29,INV_000470,B2B_0226,111346.74,INR,2026-05-18,2026-06-17,73,overdue,False,13,3,3
INV_EVT_00471,overdue_invoice,2026-08-29,INV_000471,B2B_0267,55263.95,INR,2026-07-02,2026-08-01,28,overdue,False,13,2,2
INV_EVT_00472,overdue_invoice,2026-08-29,INV_000472,B2B_0127,72678.56,INR,2026-07-06,2026-08-05,24,overdue,False,5,1,3
INV_EVT_00473,overdue_invoice,2026-08-29,INV_000473,B2B_0190,72403.79,INR,2026-05-30,2026-07-14,46,overdue,False,7,1,3
INV_EVT_00474,overdue_invoice,2026-08-29,INV_000474,B2B_0295,329207.66,INR,2026-05-29,2026-06-28,62,overdue,False,11,1,2
INV_EVT_00475,overdue_invoice,2026-08-29,INV_000475,B2B_0158,25112.94,INR,2026-05-31,2026-06-30,60,overdue,False,12,2,0
INV_EVT_00476,overdue_invoice,2026-08-29,INV_000476,B2B_0209,353293.59,INR,2026-07-01,2026-07-31,29,overdue,False,8,6,2
INV_EVT_00477,overdue_invoice,2026-08-29,INV_000477,B2B_0155,39640.66,INR,2026-06-22,2026-07-07,53,overdue,False,8,1,1
INV_EVT_00478,overdue_invoice,2026-08-29,INV_000478,B2B_0295,54219.39,INR,2026-04-06,2026-05-06,115,overdue,False,11,1,2
INV_EVT_00479,overdue_invoice,2026-08-29,INV_000479,B2B_0151,88358.68,INR,2026-06-11,2026-06-26,64,overdue,False,14,4,2
INV_EVT_00480,overdue_invoice,2026-08-29,INV_000480,B2B_0211,112350.07,INR,2026-06-04,2026-06-19,71,overdue,False,14,11,0
INV_EVT_00481,overdue_invoice,2026-08-29,INV_000481,B2B_0164,69363.06,INR,2026-05-04,2026-06-03,87,overdue,False,10,1,1
INV_EVT_00482,overdue_invoice,2026-08-29,INV_000482,B2B_0120,84567.46,INR,2026-05-09,2026-06-08,82,overdue,False,8,2,0
INV_EVT_00483,overdue_invoice,2026-08-29,INV_000483,B2B_0222,214436.61,INR,2026-05-08,2026-06-07,83,overdue,False,13,4,2
INV_EVT_00484,overdue_invoice,2026-08-29,INV_000484,B2B_0281,559699.87,INR,2026-07-05,2026-08-19,10,overdue,False,6,1,1
INV_EVT_00485,overdue_invoice,2026-08-29,INV_000485,B2B_0141,98322.14,INR,2026-06-10,2026-07-10,50,overdue,False,12,1,3
INV_EVT_00486,overdue_invoice,2026-08-29,INV_000486,B2B_0076,123497.03,INR,2026-06-03,2026-07-03,57,overdue,False,10,1,0
INV_EVT_00487,overdue_invoice,2026-08-29,INV_000487,B2B_0214,65681.13,INR,2026-05-31,2026-06-30,60,overdue,False,11,7,1
INV_EVT_00488,overdue_invoice,2026-08-29,INV_000488,B2B_0073,265315.18,INR,2026-06-30,2026-07-30,30,overdue,False,8,4,0
INV_EVT_00489,overdue_invoice,2026-08-29,INV_000489,B2B_0277,64983.69,INR,2026-07-07,2026-08-06,23,overdue,False,3,1,0
INV_EVT_00490,overdue_invoice,2026-08-29,INV_000490,B2B_0186,106479.47,INR,2026-05-18,2026-06-17,73,overdue,False,13,1,1
INV_EVT_00491,overdue_invoice,2026-08-29,INV_000491,B2B_0226,31065.89,INR,2026-04-22,2026-05-22,99,overdue,False,13,3,0
INV_EVT_00492,overdue_invoice,2026-08-29,INV_000492,B2B_0111,10000.0,INR,2026-04-05,2026-05-05,116,overdue,False,9,0,1
INV_EVT_00493,overdue_invoice,2026-08-29,INV_000493,B2B_0010,430361.62,INR,2026-07-13,2026-08-12,17,overdue,False,9,0,2
INV_EVT_00494,overdue_invoice,2026-08-29,INV_000494,B2B_0130,165948.52,INR,2026-06-02,2026-07-17,43,overdue,False,13,4,1
INV_EVT_00495,overdue_invoice,2026-08-29,INV_000495,B2B_0025,147349.68,INR,2026-04-13,2026-04-28,123,overdue,False,13,0,0
INV_EVT_00496,overdue_invoice,2026-08-29,INV_000496,B2B_0241,34073.01,INR,2026-05-04,2026-06-03,87,overdue,False,12,4,0
INV_EVT_00497,overdue_invoice,2026-08-29,INV_000497,B2B_0232,19600.38,INR,2026-06-24,2026-07-24,36,overdue,False,5,0,0
INV_EVT_00498,overdue_invoice,2026-08-29,INV_000498,B2B_0098,59067.97,INR,2026-07-08,2026-08-07,22,overdue,False,12,0,2
INV_EVT_00499,overdue_invoice,2026-08-29,INV_000499,B2B_0292,78282.45,INR,2026-06-24,2026-07-24,36,overdue,False,12,2,1
INV_EVT_00500,overdue_invoice,2026-08-29,INV_000500,B2B_0105,126312.2,INR,2026-06-21,2026-08-05,24,overdue,False,3,0,3
INV_EVT_00501,overdue_invoice,2026-08-29,INV_000501,B2B_0112,71988.73,INR,2026-04-09,2026-05-09,112,overdue,False,10,0,1
INV_EVT_00502,overdue_invoice,2026-08-29,INV_000502,B2B_0205,196728.35,INR,2026-07-04,2026-08-18,11,overdue,False,5,4,2
INV_EVT_00503,overdue_invoice,2026-08-29,INV_000503,B2B_0078,93960.53,INR,2026-06-19,2026-07-04,56,overdue,False,4,1,2
INV_EVT_00504,overdue_invoice,2026-08-29,INV_000504,B2B_0056,91215.04,INR,2026-06-29,2026-07-29,31,overdue,False,10,1,2
INV_EVT_00505,overdue_invoice,2026-08-29,INV_000505,B2B_0206,179201.66,INR,2026-04-30,2026-05-30,91,overdue,False,7,0,2
INV_EVT_00506,overdue_invoice,2026-08-29,INV_000506,B2B_0211,42089.3,INR,2026-06-30,2026-07-30,30,overdue,False,14,11,1
INV_EVT_00507,overdue_invoice,2026-08-29,INV_000507,B2B_0062,96854.46,INR,2026-06-27,2026-07-12,48,overdue,False,13,1,0
INV_EVT_00508,overdue_invoice,2026-08-29,INV_000508,B2B_0208,46023.09,INR,2026-05-11,2026-05-26,95,overdue,False,14,1,0
INV_EVT_00509,overdue_invoice,2026-08-29,INV_000509,B2B_0176,41862.68,INR,2026-06-04,2026-07-04,56,overdue,False,4,0,2
INV_EVT_00510,overdue_invoice,2026-08-29,INV_000510,B2B_0143,236487.11,INR,2026-05-30,2026-06-14,76,overdue,False,5,0,3
INV_EVT_00511,overdue_invoice,2026-08-29,INV_000511,B2B_0231,169675.96,INR,2026-05-03,2026-06-02,88,overdue,False,9,0,1
INV_EVT_00512,overdue_invoice,2026-08-29,INV_000512,B2B_0211,109232.96,INR,2026-05-18,2026-06-17,73,overdue,False,14,11,3
INV_EVT_00513,overdue_invoice,2026-08-29,INV_000513,B2B_0262,201453.49,INR,2026-04-14,2026-05-29,92,overdue,False,12,4,1
INV_EVT_00514,overdue_invoice,2026-08-29,INV_000514,B2B_0179,96273.31,INR,2026-05-14,2026-06-28,62,overdue,False,13,3,3
INV_EVT_00515,overdue_invoice,2026-08-29,INV_000515,B2B_0246,208762.28,INR,2026-07-04,2026-08-03,26,overdue,False,13,3,3
INV_EVT_00516,overdue_invoice,2026-08-29,INV_000516,B2B_0246,36649.68,INR,2026-06-12,2026-07-27,33,overdue,False,13,3,0
INV_EVT_00517,overdue_invoice,2026-08-29,INV_000517,B2B_0196,63803.41,INR,2026-06-24,2026-07-24,36,overdue,False,14,2,2
INV_EVT_00518,overdue_invoice,2026-08-29,INV_000518,B2B_0054,97024.9,INR,2026-04-19,2026-05-19,102,overdue,False,14,3,3
INV_EVT_00519,overdue_invoice,2026-08-29,INV_000519,B2B_0257,32330.92,INR,2026-06-02,2026-07-02,58,overdue,False,3,0,1
INV_EVT_00520,overdue_invoice,2026-08-29,INV_000520,B2B_0248,42150.85,INR,2026-05-24,2026-06-23,67,overdue,False,10,0,2
INV_EVT_00521,overdue_invoice,2026-08-29,INV_000521,B2B_0125,26884.31,INR,2026-04-25,2026-05-10,111,overdue,False,7,2,3
INV_EVT_00522,overdue_invoice,2026-08-29,INV_000522,B2B_0155,122675.05,INR,2026-04-17,2026-05-02,119,overdue,False,8,1,2
INV_EVT_00523,overdue_invoice,2026-08-29,INV_000523,B2B_0143,49780.03,INR,2026-05-16,2026-06-15,75,overdue,False,5,0,2
INV_EVT_00524,overdue_invoice,2026-08-29,INV_000524,B2B_0159,88880.16,INR,2026-04-25,2026-05-25,96,overdue,False,6,1,0
INV_EVT_00525,overdue_invoice,2026-08-29,INV_000525,B2B_0145,108759.07,INR,2026-07-11,2026-07-26,34,overdue,False,9,1,3
INV_EVT_00526,overdue_invoice,2026-08-29,INV_000526,B2B_0167,63444.42,INR,2026-05-05,2026-06-19,71,overdue,False,7,2,0
INV_EVT_00527,overdue_invoice,2026-08-29,INV_000527,B2B_0134,73220.72,INR,2026-05-27,2026-06-26,64,overdue,False,6,1,1
INV_EVT_00528,overdue_invoice,2026-08-29,INV_000528,B2B_0227,80155.89,INR,2026-05-25,2026-06-09,81,overdue,False,11,6,2
INV_EVT_00529,overdue_invoice,2026-08-29,INV_000529,B2B_0096,100642.77,INR,2026-04-12,2026-05-12,109,overdue,False,7,1,1
INV_EVT_00530,overdue_invoice,2026-08-29,INV_000530,B2B_0169,207651.51,INR,2026-04-21,2026-05-06,115,overdue,False,8,1,3
INV_EVT_00531,overdue_invoice,2026-08-29,INV_000531,B2B_0101,30203.66,INR,2026-06-29,2026-07-29,31,overdue,False,9,0,1
INV_EVT_00532,overdue_invoice,2026-08-29,INV_000532,B2B_0220,77240.45,INR,2026-05-07,2026-06-06,84,overdue,False,9,2,1
INV_EVT_00533,overdue_invoice,2026-08-29,INV_000533,B2B_0123,27922.7,INR,2026-06-05,2026-06-20,70,overdue,False,6,1,3
INV_EVT_00534,overdue_invoice,2026-08-29,INV_000534,B2B_0154,225676.47,INR,2026-04-30,2026-05-30,91,overdue,False,3,0,2
INV_EVT_00535,overdue_invoice,2026-08-29,INV_000535,B2B_0266,16974.55,INR,2026-07-02,2026-08-01,28,overdue,False,9,2,1
INV_EVT_00536,overdue_invoice,2026-08-29,INV_000536,B2B_0217,82065.63,INR,2026-07-11,2026-08-10,19,overdue,False,8,3,0
INV_EVT_00537,overdue_invoice,2026-08-29,INV_000537,B2B_0279,51802.61,INR,2026-06-19,2026-07-19,41,overdue,False,8,2,1
INV_EVT_00538,overdue_invoice,2026-08-29,INV_000538,B2B_0081,45737.43,INR,2026-06-06,2026-07-06,54,overdue,False,13,1,1
INV_EVT_00539,overdue_invoice,2026-08-29,INV_000539,B2B_0113,126350.66,INR,2026-04-10,2026-05-10,111,overdue,False,8,0,3
INV_EVT_00540,overdue_invoice,2026-08-29,INV_000540,B2B_0231,109354.33,INR,2026-05-10,2026-06-09,81,overdue,False,9,0,3
INV_EVT_00541,overdue_invoice,2026-08-29,INV_000541,B2B_0177,33822.21,INR,2026-04-07,2026-05-07,114,overdue,False,8,2,2
INV_EVT_00542,overdue_invoice,2026-08-29,INV_000542,B2B_0042,103603.36,INR,2026-07-10,2026-08-09,20,overdue,False,12,3,3
INV_EVT_00543,overdue_invoice,2026-08-29,INV_000543,B2B_0223,90200.33,INR,2026-07-04,2026-08-18,11,overdue,False,14,1,1
INV_EVT_00544,overdue_invoice,2026-08-29,INV_000544,B2B_0182,39934.97,INR,2026-05-25,2026-06-09,81,overdue,False,14,1,2
INV_EVT_00545,overdue_invoice,2026-08-29,INV_000545,B2B_0009,22776.67,INR,2026-05-28,2026-07-12,48,overdue,False,13,2,1
INV_EVT_00546,overdue_invoice,2026-08-29,INV_000546,B2B_0283,134055.44,INR,2026-05-22,2026-06-06,84,overdue,False,5,1,0
INV_EVT_00547,overdue_invoice,2026-08-29,INV_000547,B2B_0071,124230.38,INR,2026-05-30,2026-06-14,76,overdue,False,9,1,0
INV_EVT_00548,overdue_invoice,2026-08-29,INV_000548,B2B_0260,107983.7,INR,2026-06-20,2026-07-20,40,overdue,False,9,1,0
INV_EVT_00549,overdue_invoice,2026-08-29,INV_000549,B2B_0161,47354.0,INR,2026-05-16,2026-05-31,90,overdue,False,13,0,0
INV_EVT_00550,overdue_invoice,2026-08-29,INV_000550,B2B_0048,186359.05,INR,2026-06-17,2026-07-17,43,overdue,False,3,0,3
INV_EVT_00551,overdue_invoice,2026-08-29,INV_000551,B2B_0068,1000000.0,INR,2026-07-14,2026-08-13,16,overdue,False,3,0,0
INV_EVT_00552,overdue_invoice,2026-08-29,INV_000552,B2B_0229,81253.27,INR,2026-05-02,2026-06-16,74,overdue,False,4,2,3
INV_EVT_00553,overdue_invoice,2026-08-29,INV_000553,B2B_0195,108724.95,INR,2026-06-01,2026-07-01,59,overdue,False,3,0,3
INV_EVT_00554,overdue_invoice,2026-08-29,INV_000554,B2B_0249,37527.2,INR,2026-07-09,2026-08-08,21,overdue,False,5,2,2
INV_EVT_00555,overdue_invoice,2026-08-29,INV_000555,B2B_0015,37782.86,INR,2026-04-25,2026-05-25,96,overdue,False,8,1,2
INV_EVT_00556,overdue_invoice,2026-08-29,INV_000556,B2B_0283,285335.66,INR,2026-07-16,2026-07-31,29,overdue,False,5,1,2
INV_EVT_00557,overdue_invoice,2026-08-29,INV_000557,B2B_0038,428653.43,INR,2026-06-08,2026-07-08,52,overdue,False,14,5,1
INV_EVT_00558,overdue_invoice,2026-08-29,INV_000558,B2B_0067,58576.32,INR,2026-04-11,2026-05-26,95,overdue,False,3,0,1
INV_EVT_00559,overdue_invoice,2026-08-29,INV_000559,B2B_0074,42386.83,INR,2026-06-10,2026-07-10,50,overdue,False,11,5,0
INV_EVT_00560,overdue_invoice,2026-08-29,INV_000560,B2B_0091,34314.54,INR,2026-05-04,2026-06-03,87,overdue,False,7,3,0
INV_EVT_00561,overdue_invoice,2026-08-29,INV_000561,B2B_0144,43839.25,INR,2026-05-06,2026-06-05,85,overdue,False,10,0,2
INV_EVT_00562,overdue_invoice,2026-08-29,INV_000562,B2B_0220,73966.3,INR,2026-05-20,2026-06-19,71,overdue,False,9,2,1
INV_EVT_00563,overdue_invoice,2026-08-29,INV_000563,B2B_0071,26417.66,INR,2026-05-18,2026-06-17,73,overdue,False,9,1,3
INV_EVT_00564,overdue_invoice,2026-08-29,INV_000564,B2B_0166,40380.98,INR,2026-04-27,2026-05-27,94,overdue,False,5,0,3
INV_EVT_00565,overdue_invoice,2026-08-29,INV_000565,B2B_0193,149592.62,INR,2026-06-15,2026-06-30,60,overdue,False,4,0,1
INV_EVT_00566,overdue_invoice,2026-08-29,INV_000566,B2B_0286,61815.52,INR,2026-06-19,2026-07-19,41,overdue,False,3,0,2
INV_EVT_00567,overdue_invoice,2026-08-29,INV_000567,B2B_0036,37943.59,INR,2026-07-02,2026-08-01,28,overdue,False,10,3,3
INV_EVT_00568,overdue_invoice,2026-08-29,INV_000568,B2B_0223,27756.01,INR,2026-05-07,2026-06-06,84,overdue,False,14,1,2
INV_EVT_00569,overdue_invoice,2026-08-29,INV_000569,B2B_0148,164185.36,INR,2026-06-26,2026-08-10,19,overdue,False,7,2,3
INV_EVT_00570,overdue_invoice,2026-08-29,INV_000570,B2B_0261,30603.99,INR,2026-05-16,2026-06-30,60,overdue,False,3,2,1
INV_EVT_00571,overdue_invoice,2026-08-29,INV_000571,B2B_0272,62671.12,INR,2026-04-13,2026-05-13,108,overdue,False,3,0,2
INV_EVT_00572,overdue_invoice,2026-08-29,INV_000572,B2B_0021,155179.62,INR,2026-06-16,2026-07-16,44,overdue,False,8,1,1
INV_EVT_00573,overdue_invoice,2026-08-29,INV_000573,B2B_0295,107614.41,INR,2026-07-11,2026-07-26,34,overdue,False,11,1,0
INV_EVT_00574,overdue_invoice,2026-08-29,INV_000574,B2B_0038,88374.53,INR,2026-06-17,2026-07-17,43,overdue,False,14,5,2
INV_EVT_00575,overdue_invoice,2026-08-29,INV_000575,B2B_0228,89052.23,INR,2026-05-03,2026-06-02,88,overdue,False,8,3,0
INV_EVT_00576,overdue_invoice,2026-08-29,INV_000576,B2B_0157,33041.55,INR,2026-05-28,2026-06-27,63,overdue,False,9,1,0
INV_EVT_00577,overdue_invoice,2026-08-29,INV_000577,B2B_0185,39583.56,INR,2026-06-19,2026-07-19,41,overdue,False,11,3,2
INV_EVT_00578,overdue_invoice,2026-08-29,INV_000578,B2B_0056,48491.01,INR,2026-07-08,2026-08-07,22,overdue,False,10,1,3
INV_EVT_00579,overdue_invoice,2026-08-29,INV_000579,B2B_0195,10000.0,INR,2026-06-30,2026-07-15,45,overdue,False,3,0,2
INV_EVT_00580,overdue_invoice,2026-08-29,INV_000580,B2B_0228,50394.39,INR,2026-05-03,2026-06-02,88,overdue,False,8,3,3
INV_EVT_00581,overdue_invoice,2026-08-29,INV_000581,B2B_0190,64809.27,INR,2026-06-03,2026-07-03,57,overdue,False,7,1,2
INV_EVT_00582,overdue_invoice,2026-08-29,INV_000582,B2B_0028,65677.15,INR,2026-04-12,2026-05-12,109,overdue,False,14,3,1
INV_EVT_00583,overdue_invoice,2026-08-29,INV_000583,B2B_0279,63620.12,INR,2026-07-11,2026-08-25,4,overdue,False,8,2,1
INV_EVT_00584,overdue_invoice,2026-08-29,INV_000584,B2B_0201,82537.83,INR,2026-04-13,2026-04-28,123,overdue,False,8,1,0
INV_EVT_00585,overdue_invoice,2026-08-29,INV_000585,B2B_0123,86979.23,INR,2026-06-29,2026-08-13,16,overdue,False,6,1,0
INV_EVT_00586,overdue_invoice,2026-08-29,INV_000586,B2B_0209,257472.76,INR,2026-05-17,2026-06-01,89,overdue,False,8,6,1
INV_EVT_00587,overdue_invoice,2026-08-29,INV_000587,B2B_0055,79483.33,INR,2026-04-22,2026-05-22,99,overdue,False,8,4,3
INV_EVT_00588,overdue_invoice,2026-08-29,INV_000588,B2B_0064,138579.03,INR,2026-06-25,2026-07-25,35,overdue,False,4,0,0
INV_EVT_00589,overdue_invoice,2026-08-29,INV_000589,B2B_0289,43859.37,INR,2026-06-10,2026-07-25,35,overdue,False,11,4,1
INV_EVT_00590,overdue_invoice,2026-08-29,INV_000590,B2B_0278,91284.18,INR,2026-07-17,2026-08-01,28,overdue,False,3,1,3
INV_EVT_00591,overdue_invoice,2026-08-29,INV_000591,B2B_0153,88832.12,INR,2026-05-16,2026-05-31,90,overdue,False,5,1,3
INV_EVT_00592,overdue_invoice,2026-08-29,INV_000592,B2B_0171,58871.38,INR,2026-05-21,2026-06-20,70,overdue,False,14,0,0
INV_EVT_00593,overdue_invoice,2026-08-29,INV_000593,B2B_0223,18127.93,INR,2026-06-08,2026-07-08,52,overdue,False,14,1,2
INV_EVT_00594,overdue_invoice,2026-08-29,INV_000594,B2B_0280,24231.65,INR,2026-06-21,2026-08-05,24,overdue,False,13,5,3
INV_EVT_00595,overdue_invoice,2026-08-29,INV_000595,B2B_0197,101148.21,INR,2026-07-12,2026-08-26,3,overdue,False,3,1,0
INV_EVT_00596,overdue_invoice,2026-08-29,INV_000596,B2B_0116,67946.46,INR,2026-06-17,2026-07-17,43,overdue,False,13,3,1
INV_EVT_00597,overdue_invoice,2026-08-29,INV_000597,B2B_0116,58232.06,INR,2026-07-12,2026-08-26,3,overdue,False,13,3,2
INV_EVT_00598,overdue_invoice,2026-08-29,INV_000598,B2B_0098,41299.23,INR,2026-05-09,2026-05-24,97,overdue,False,12,0,2
INV_EVT_00599,overdue_invoice,2026-08-29,INV_000599,B2B_0218,76219.35,INR,2026-05-16,2026-06-15,75,overdue,False,9,1,3
INV_EVT_00600,overdue_invoice,2026-08-29,INV_000600,B2B_0020,112038.47,INR,2026-07-05,2026-07-20,40,overdue,False,8,2,1
INV_EVT_00601,overdue_invoice,2026-08-29,INV_000601,B2B_0264,312896.35,INR,2026-06-20,2026-07-20,40,overdue,False,5,4,0
INV_EVT_00602,overdue_invoice,2026-08-29,INV_000602,B2B_0187,70494.92,INR,2026-05-15,2026-06-14,76,overdue,False,13,2,3
INV_EVT_00603,overdue_invoice,2026-08-29,INV_000603,B2B_0156,62093.15,INR,2026-04-21,2026-05-21,100,overdue,False,6,0,1
INV_EVT_00604,overdue_invoice,2026-08-29,INV_000604,B2B_0044,88809.63,INR,2026-04-30,2026-05-30,91,overdue,False,3,0,2
INV_EVT_00605,overdue_invoice,2026-08-29,INV_000605,B2B_0084,181208.63,INR,2026-04-10,2026-05-25,96,overdue,False,12,5,3
INV_EVT_00606,overdue_invoice,2026-08-29,INV_000606,B2B_0158,451121.35,INR,2026-07-14,2026-08-13,16,overdue,False,12,2,2
INV_EVT_00607,overdue_invoice,2026-08-29,INV_000607,B2B_0015,112226.28,INR,2026-05-24,2026-06-08,82,overdue,False,8,1,2
INV_EVT_00608,overdue_invoice,2026-08-29,INV_000608,B2B_0077,22845.18,INR,2026-05-20,2026-06-04,86,overdue,False,9,1,1
INV_EVT_00609,overdue_invoice,2026-08-29,INV_000609,B2B_0115,73479.71,INR,2026-07-10,2026-08-09,20,overdue,False,14,8,0
INV_EVT_00610,overdue_invoice,2026-08-29,INV_000610,B2B_0207,29154.78,INR,2026-05-03,2026-06-02,88,overdue,False,11,2,0
INV_EVT_00611,overdue_invoice,2026-08-29,INV_000611,B2B_0179,33471.33,INR,2026-06-13,2026-07-13,47,overdue,False,13,3,2
INV_EVT_00612,overdue_invoice,2026-08-29,INV_000612,B2B_0071,305934.97,INR,2026-06-02,2026-06-17,73,overdue,False,9,1,0
INV_EVT_00613,overdue_invoice,2026-08-29,INV_000613,B2B_0094,54804.24,INR,2026-07-03,2026-07-18,42,overdue,False,3,0,1
INV_EVT_00614,overdue_invoice,2026-08-29,INV_000614,B2B_0231,40942.68,INR,2026-06-16,2026-07-16,44,overdue,False,9,0,2
INV_EVT_00615,overdue_invoice,2026-08-29,INV_000615,B2B_0061,216494.53,INR,2026-07-14,2026-07-29,31,overdue,False,3,0,3
INV_EVT_00616,overdue_invoice,2026-08-29,INV_000616,B2B_0206,77289.74,INR,2026-07-01,2026-07-31,29,overdue,False,7,0,2
INV_EVT_00617,overdue_invoice,2026-08-29,INV_000617,B2B_0072,29448.18,INR,2026-06-19,2026-08-03,26,overdue,False,3,0,2
INV_EVT_00618,overdue_invoice,2026-08-29,INV_000618,B2B_0288,76377.0,INR,2026-04-08,2026-05-08,113,overdue,False,9,1,3
INV_EVT_00619,overdue_invoice,2026-08-29,INV_000619,B2B_0289,23933.74,INR,2026-07-04,2026-07-19,41,overdue,False,11,4,1
INV_EVT_00620,overdue_invoice,2026-08-29,INV_000620,B2B_0225,36758.08,INR,2026-06-05,2026-07-20,40,overdue,False,5,0,2
INV_EVT_00621,overdue_invoice,2026-08-29,INV_000621,B2B_0219,84805.97,INR,2026-05-14,2026-06-28,62,overdue,False,4,0,0
INV_EVT_00622,overdue_invoice,2026-08-29,INV_000622,B2B_0268,10000.0,INR,2026-06-27,2026-07-27,33,overdue,False,3,1,0
INV_EVT_00623,overdue_invoice,2026-08-29,INV_000623,B2B_0280,129490.48,INR,2026-04-17,2026-05-17,104,overdue,False,13,5,3
INV_EVT_00624,overdue_invoice,2026-08-29,INV_000624,B2B_0292,89717.98,INR,2026-07-12,2026-07-27,33,overdue,False,12,2,1
INV_EVT_00625,overdue_invoice,2026-08-29,INV_000625,B2B_0034,143452.64,INR,2026-06-22,2026-07-22,38,overdue,False,6,0,1
INV_EVT_00626,overdue_invoice,2026-08-29,INV_000626,B2B_0042,53716.39,INR,2026-06-23,2026-07-08,52,overdue,False,12,3,0
INV_EVT_00627,overdue_invoice,2026-08-29,INV_000627,B2B_0182,102886.06,INR,2026-05-14,2026-06-13,77,overdue,False,14,1,1
INV_EVT_00628,overdue_invoice,2026-08-29,INV_000628,B2B_0179,33417.23,INR,2026-04-22,2026-05-22,99,overdue,False,13,3,3
INV_EVT_00629,overdue_invoice,2026-08-29,INV_000629,B2B_0103,35207.22,INR,2026-05-20,2026-06-19,71,overdue,False,13,4,3
INV_EVT_00630,overdue_invoice,2026-08-29,INV_000630,B2B_0286,79937.99,INR,2026-06-28,2026-07-28,32,overdue,False,3,0,2
INV_EVT_00631,overdue_invoice,2026-08-29,INV_000631,B2B_0088,75281.89,INR,2026-07-10,2026-08-24,5,overdue,False,6,0,1
INV_EVT_00632,overdue_invoice,2026-08-29,INV_000632,B2B_0241,73152.77,INR,2026-05-08,2026-06-07,83,overdue,False,12,4,3
INV_EVT_00633,overdue_invoice,2026-08-29,INV_000633,B2B_0131,216872.54,INR,2026-04-05,2026-05-05,116,overdue,False,4,0,2
INV_EVT_00634,overdue_invoice,2026-08-29,INV_000634,B2B_0166,59274.54,INR,2026-04-12,2026-04-27,124,overdue,False,5,0,0
INV_EVT_00635,overdue_invoice,2026-08-29,INV_000635,B2B_0069,105641.3,INR,2026-04-12,2026-05-12,109,overdue,False,7,0,2
INV_EVT_00636,overdue_invoice,2026-08-29,INV_000636,B2B_0281,97147.55,INR,2026-06-07,2026-07-07,53,overdue,False,6,1,1
INV_EVT_00637,overdue_invoice,2026-08-29,INV_000637,B2B_0215,83762.05,INR,2026-04-07,2026-05-07,114,overdue,False,4,0,0
INV_EVT_00638,overdue_invoice,2026-08-29,INV_000638,B2B_0185,102643.72,INR,2026-05-23,2026-06-22,68,overdue,False,11,3,1
INV_EVT_00639,overdue_invoice,2026-08-29,INV_000639,B2B_0078,18504.85,INR,2026-04-10,2026-05-25,96,overdue,False,4,1,2
INV_EVT_00640,overdue_invoice,2026-08-29,INV_000640,B2B_0082,47433.59,INR,2026-07-01,2026-07-16,44,overdue,False,12,5,2
INV_EVT_00641,overdue_invoice,2026-08-29,INV_000641,B2B_0051,178270.83,INR,2026-06-17,2026-07-17,43,overdue,False,3,1,3
INV_EVT_00642,overdue_invoice,2026-08-29,INV_000642,B2B_0110,58432.26,INR,2026-06-24,2026-07-09,51,overdue,False,3,1,1
INV_EVT_00643,overdue_invoice,2026-08-29,INV_000643,B2B_0287,129022.37,INR,2026-05-20,2026-06-04,86,overdue,False,4,2,1
INV_EVT_00644,overdue_invoice,2026-08-29,INV_000644,B2B_0003,107698.65,INR,2026-06-07,2026-07-07,53,overdue,False,12,4,3
INV_EVT_00645,overdue_invoice,2026-08-29,INV_000645,B2B_0064,10000.0,INR,2026-05-25,2026-07-09,51,overdue,False,4,0,2
INV_EVT_00646,overdue_invoice,2026-08-29,INV_000646,B2B_0219,25932.12,INR,2026-05-07,2026-06-21,69,overdue,False,4,0,2
INV_EVT_00647,overdue_invoice,2026-08-29,INV_000647,B2B_0222,43406.73,INR,2026-06-07,2026-06-22,68,overdue,False,13,4,0
INV_EVT_00648,overdue_invoice,2026-08-29,INV_000648,B2B_0047,42871.34,INR,2026-05-28,2026-06-27,63,overdue,False,7,0,2
INV_EVT_00649,overdue_invoice,2026-08-29,INV_000649,B2B_0084,51598.08,INR,2026-04-26,2026-05-11,110,overdue,False,12,5,2
INV_EVT_00650,overdue_invoice,2026-08-29,INV_000650,B2B_0284,52293.82,INR,2026-04-19,2026-05-19,102,overdue,False,6,1,2
INV_EVT_00651,overdue_invoice,2026-08-29,INV_000651,B2B_0039,38502.04,INR,2026-05-15,2026-06-14,76,overdue,False,3,1,1
INV_EVT_00652,overdue_invoice,2026-08-29,INV_000652,B2B_0210,43340.45,INR,2026-04-30,2026-06-14,76,overdue,False,11,1,2
INV_EVT_00653,overdue_invoice,2026-08-29,INV_000653,B2B_0166,15485.07,INR,2026-04-16,2026-05-16,105,overdue,False,5,0,3
INV_EVT_00654,overdue_invoice,2026-08-29,INV_000654,B2B_0106,347394.26,INR,2026-05-19,2026-06-18,72,overdue,False,14,5,2
INV_EVT_00655,overdue_invoice,2026-08-29,INV_000655,B2B_0218,223816.54,INR,2026-07-17,2026-08-16,13,overdue,False,9,1,3
INV_EVT_00656,overdue_invoice,2026-08-29,INV_000656,B2B_0012,148260.48,INR,2026-06-02,2026-07-17,43,overdue,False,7,0,1
INV_EVT_00657,overdue_invoice,2026-08-29,INV_000657,B2B_0111,68849.38,INR,2026-04-07,2026-05-07,114,overdue,False,9,0,2
INV_EVT_00658,overdue_invoice,2026-08-29,INV_000658,B2B_0221,35520.57,INR,2026-05-20,2026-06-19,71,overdue,False,3,0,2
INV_EVT_00659,overdue_invoice,2026-08-29,INV_000659,B2B_0147,516057.23,INR,2026-04-13,2026-05-13,108,overdue,False,9,1,2
INV_EVT_00660,overdue_invoice,2026-08-29,INV_000660,B2B_0054,34608.77,INR,2026-06-02,2026-07-02,58,overdue,False,14,3,1
INV_EVT_00661,overdue_invoice,2026-08-29,INV_000661,B2B_0079,230737.82,INR,2026-05-01,2026-05-16,105,overdue,False,3,1,2
INV_EVT_00662,overdue_invoice,2026-08-29,INV_000662,B2B_0191,94075.24,INR,2026-05-29,2026-06-28,62,overdue,False,12,6,1
INV_EVT_00663,overdue_invoice,2026-08-29,INV_000663,B2B_0011,35433.94,INR,2026-06-30,2026-07-15,45,overdue,False,14,1,2
INV_EVT_00664,overdue_invoice,2026-08-29,INV_000664,B2B_0039,38216.69,INR,2026-06-16,2026-07-01,59,overdue,False,3,1,1
INV_EVT_00665,overdue_invoice,2026-08-29,INV_000665,B2B_0132,52440.5,INR,2026-06-22,2026-07-22,38,overdue,False,11,5,3
INV_EVT_00666,overdue_invoice,2026-08-29,INV_000666,B2B_0169,44527.47,INR,2026-06-30,2026-07-30,30,overdue,False,8,1,1
INV_EVT_00667,overdue_invoice,2026-08-29,INV_000667,B2B_0254,23670.06,INR,2026-07-02,2026-08-16,13,overdue,False,6,3,3
INV_EVT_00668,overdue_invoice,2026-08-29,INV_000668,B2B_0238,102992.17,INR,2026-04-07,2026-05-07,114,overdue,False,8,0,3
INV_EVT_00669,overdue_invoice,2026-08-29,INV_000669,B2B_0048,35182.18,INR,2026-05-10,2026-06-09,81,overdue,False,3,0,2
INV_EVT_00670,overdue_invoice,2026-08-29,INV_000670,B2B_0197,134979.92,INR,2026-07-13,2026-08-27,2,overdue,False,3,1,2
INV_EVT_00671,overdue_invoice,2026-08-29,INV_000671,B2B_0024,63564.75,INR,2026-07-13,2026-08-27,2,overdue,False,11,1,2
INV_EVT_00672,overdue_invoice,2026-08-29,INV_000672,B2B_0029,82154.26,INR,2026-07-12,2026-08-11,18,overdue,False,7,2,2
INV_EVT_00673,overdue_invoice,2026-08-29,INV_000673,B2B_0226,80420.33,INR,2026-06-24,2026-07-24,36,overdue,False,13,3,2
INV_EVT_00674,overdue_invoice,2026-08-29,INV_000674,B2B_0294,53749.69,INR,2026-07-06,2026-08-05,24,overdue,False,9,0,0
INV_EVT_00675,overdue_invoice,2026-08-29,INV_000675,B2B_0058,67786.61,INR,2026-04-22,2026-06-06,84,overdue,False,10,4,1
INV_EVT_00676,overdue_invoice,2026-08-29,INV_000676,B2B_0224,84157.98,INR,2026-06-06,2026-07-06,54,overdue,False,13,2,1
INV_EVT_00677,overdue_invoice,2026-08-29,INV_000677,B2B_0211,465029.73,INR,2026-05-16,2026-06-15,75,overdue,False,14,11,3
INV_EVT_00678,overdue_invoice,2026-08-29,INV_000678,B2B_0069,26188.01,INR,2026-05-25,2026-06-24,66,overdue,False,7,0,1
INV_EVT_00679,overdue_invoice,2026-08-29,INV_000679,B2B_0114,41726.36,INR,2026-05-26,2026-06-25,65,overdue,False,12,3,2
INV_EVT_00680,overdue_invoice,2026-08-29,INV_000680,B2B_0188,53659.26,INR,2026-06-15,2026-07-15,45,overdue,False,4,0,1
INV_EVT_00681,overdue_invoice,2026-08-29,INV_000681,B2B_0144,26691.07,INR,2026-05-20,2026-06-19,71,overdue,False,10,0,3
INV_EVT_00682,overdue_invoice,2026-08-29,INV_000682,B2B_0155,25103.41,INR,2026-04-30,2026-06-14,76,overdue,False,8,1,3
INV_EVT_00683,overdue_invoice,2026-08-29,INV_000683,B2B_0210,21023.85,INR,2026-07-03,2026-07-18,42,overdue,False,11,1,2
INV_EVT_00684,overdue_invoice,2026-08-29,INV_000684,B2B_0204,68999.89,INR,2026-06-10,2026-07-10,50,overdue,False,6,2,3
INV_EVT_00685,overdue_invoice,2026-08-29,INV_000685,B2B_0158,47003.12,INR,2026-05-07,2026-06-21,69,overdue,False,12,2,1
INV_EVT_00686,overdue_invoice,2026-08-29,INV_000686,B2B_0230,82404.08,INR,2026-07-05,2026-08-04,25,overdue,False,11,1,0
INV_EVT_00687,overdue_invoice,2026-08-29,INV_000687,B2B_0116,22947.65,INR,2026-07-17,2026-08-16,13,overdue,False,13,3,3
INV_EVT_00688,overdue_invoice,2026-08-29,INV_000688,B2B_0014,35209.87,INR,2026-06-03,2026-07-03,57,overdue,False,5,0,1
INV_EVT_00689,overdue_invoice,2026-08-29,INV_000689,B2B_0129,148835.46,INR,2026-07-05,2026-08-04,25,overdue,False,7,2,2
INV_EVT_00690,overdue_invoice,2026-08-29,INV_000690,B2B_0109,130808.2,INR,2026-06-01,2026-07-01,59,overdue,False,4,4,3
INV_EVT_00691,overdue_invoice,2026-08-29,INV_000691,B2B_0137,20582.56,INR,2026-04-29,2026-05-29,92,overdue,False,7,2,1
INV_EVT_00692,overdue_invoice,2026-08-29,INV_000692,B2B_0175,138607.1,INR,2026-05-25,2026-06-24,66,overdue,False,6,1,2
INV_EVT_00693,overdue_invoice,2026-08-29,INV_000693,B2B_0030,46092.4,INR,2026-06-21,2026-07-21,39,overdue,False,9,6,2
INV_EVT_00694,overdue_invoice,2026-08-29,INV_000694,B2B_0189,29434.79,INR,2026-06-16,2026-07-31,29,overdue,False,13,1,2
INV_EVT_00695,overdue_invoice,2026-08-29,INV_000695,B2B_0029,127618.11,INR,2026-04-09,2026-04-24,127,overdue,False,7,2,2
INV_EVT_00696,overdue_invoice,2026-08-29,INV_000696,B2B_0006,146214.4,INR,2026-06-04,2026-07-04,56,overdue,False,14,4,1
INV_EVT_00697,overdue_invoice,2026-08-29,INV_000697,B2B_0177,10000.0,INR,2026-06-07,2026-07-22,38,overdue,False,8,2,1
INV_EVT_00698,overdue_invoice,2026-08-29,INV_000698,B2B_0155,141658.65,INR,2026-06-11,2026-07-11,49,overdue,False,8,1,2
INV_EVT_00699,overdue_invoice,2026-08-29,INV_000699,B2B_0243,47467.64,INR,2026-04-15,2026-05-15,106,overdue,False,5,2,3
INV_EVT_00700,overdue_invoice,2026-08-29,INV_000700,B2B_0029,46399.0,INR,2026-06-28,2026-07-28,32,overdue,False,7,2,3
INV_EVT_00701,overdue_invoice,2026-08-29,INV_000701,B2B_0040,52220.06,INR,2026-04-20,2026-05-20,101,overdue,False,10,1,1
INV_EVT_00702,overdue_invoice,2026-08-29,INV_000702,B2B_0276,165180.71,INR,2026-06-10,2026-07-10,50,overdue,False,12,4,1
INV_EVT_00703,overdue_invoice,2026-08-29,INV_000703,B2B_0032,191220.53,INR,2026-05-24,2026-07-08,52,overdue,False,10,0,2
INV_EVT_00704,overdue_invoice,2026-08-29,INV_000704,B2B_0136,91002.36,INR,2026-05-11,2026-06-10,80,overdue,False,7,5,3
INV_EVT_00705,overdue_invoice,2026-08-29,INV_000705,B2B_0166,129233.05,INR,2026-05-22,2026-06-21,69,overdue,False,5,0,2
INV_EVT_00706,overdue_invoice,2026-08-29,INV_000706,B2B_0246,378645.81,INR,2026-04-06,2026-05-06,115,overdue,False,13,3,0
INV_EVT_00707,overdue_invoice,2026-08-29,INV_000707,B2B_0006,67745.97,INR,2026-04-26,2026-05-26,95,overdue,False,14,4,3
INV_EVT_00708,overdue_invoice,2026-08-29,INV_000708,B2B_0241,30565.98,INR,2026-05-27,2026-06-11,79,overdue,False,12,4,1
INV_EVT_00709,overdue_invoice,2026-08-29,INV_000709,B2B_0142,104409.79,INR,2026-06-20,2026-08-04,25,overdue,False,4,0,1
INV_EVT_00710,overdue_invoice,2026-08-29,INV_000710,B2B_0242,120527.08,INR,2026-05-27,2026-06-26,64,overdue,False,9,2,2
INV_EVT_00711,overdue_invoice,2026-08-29,INV_000711,B2B_0004,60593.62,INR,2026-06-01,2026-07-01,59,overdue,False,12,1,1
INV_EVT_00712,overdue_invoice,2026-08-29,INV_000712,B2B_0243,59008.6,INR,2026-06-18,2026-07-18,42,overdue,False,5,2,2
INV_EVT_00713,overdue_invoice,2026-08-29,INV_000713,B2B_0007,382338.02,INR,2026-06-23,2026-07-23,37,overdue,False,10,1,2
INV_EVT_00714,overdue_invoice,2026-08-29,INV_000714,B2B_0230,56073.62,INR,2026-06-05,2026-07-20,40,overdue,False,11,1,3
INV_EVT_00715,overdue_invoice,2026-08-29,INV_000715,B2B_0232,33773.75,INR,2026-05-09,2026-05-24,97,overdue,False,5,0,3
INV_EVT_00716,overdue_invoice,2026-08-29,INV_000716,B2B_0052,10000.0,INR,2026-04-14,2026-05-14,107,overdue,False,4,1,3
INV_EVT_00717,overdue_invoice,2026-08-29,INV_000717,B2B_0299,132812.57,INR,2026-06-03,2026-06-18,72,overdue,False,10,1,1
INV_EVT_00718,overdue_invoice,2026-08-29,INV_000718,B2B_0266,191042.2,INR,2026-06-27,2026-08-11,18,overdue,False,9,2,2
INV_EVT_00719,overdue_invoice,2026-08-29,INV_000719,B2B_0176,27161.35,INR,2026-06-22,2026-08-06,23,overdue,False,4,0,1
INV_EVT_00720,overdue_invoice,2026-08-29,INV_000720,B2B_0192,110242.55,INR,2026-05-30,2026-06-29,61,overdue,False,12,1,3
INV_EVT_00721,overdue_invoice,2026-08-29,INV_000721,B2B_0089,52879.31,INR,2026-04-04,2026-05-04,117,overdue,False,4,1,2
INV_EVT_00722,overdue_invoice,2026-08-29,INV_000722,B2B_0019,73162.2,INR,2026-04-09,2026-05-09,112,overdue,False,9,0,1
INV_EVT_00723,overdue_invoice,2026-08-29,INV_000723,B2B_0053,43433.37,INR,2026-05-18,2026-07-02,58,overdue,False,5,1,2
INV_EVT_00724,overdue_invoice,2026-08-29,INV_000724,B2B_0107,68966.11,INR,2026-05-05,2026-06-04,86,overdue,False,12,0,1
INV_EVT_00725,overdue_invoice,2026-08-29,INV_000725,B2B_0054,139051.04,INR,2026-06-26,2026-08-10,19,overdue,False,14,3,3
INV_EVT_00726,overdue_invoice,2026-08-29,INV_000726,B2B_0185,46423.25,INR,2026-05-14,2026-06-28,62,overdue,False,11,3,1
INV_EVT_00727,overdue_invoice,2026-08-29,INV_000727,B2B_0181,40609.67,INR,2026-04-08,2026-04-23,128,overdue,False,7,0,1
INV_EVT_00728,overdue_invoice,2026-08-29,INV_000728,B2B_0226,31208.69,INR,2026-05-21,2026-06-20,70,overdue,False,13,3,1
INV_EVT_00729,overdue_invoice,2026-08-29,INV_000729,B2B_0006,171700.26,INR,2026-06-29,2026-07-14,46,overdue,False,14,4,1
INV_EVT_00730,overdue_invoice,2026-08-29,INV_000730,B2B_0291,35924.87,INR,2026-07-16,2026-07-31,29,overdue,False,12,7,1
INV_EVT_00731,overdue_invoice,2026-08-29,INV_000731,B2B_0117,114972.61,INR,2026-07-03,2026-07-18,42,overdue,False,6,2,2
INV_EVT_00732,overdue_invoice,2026-08-29,INV_000732,B2B_0014,25901.89,INR,2026-05-20,2026-07-04,56,overdue,False,5,0,1
INV_EVT_00733,overdue_invoice,2026-08-29,INV_000733,B2B_0148,12761.46,INR,2026-05-02,2026-06-16,74,overdue,False,7,2,2
INV_EVT_00734,overdue_invoice,2026-08-29,INV_000734,B2B_0070,44708.06,INR,2026-06-11,2026-07-26,34,overdue,False,5,4,0
INV_EVT_00735,overdue_invoice,2026-08-29,INV_000735,B2B_0263,84412.41,INR,2026-06-08,2026-06-23,67,overdue,False,5,4,2
INV_EVT_00736,overdue_invoice,2026-08-29,INV_000736,B2B_0053,166337.41,INR,2026-07-02,2026-08-01,28,overdue,False,5,1,3
INV_EVT_00737,overdue_invoice,2026-08-29,INV_000737,B2B_0254,132184.41,INR,2026-06-18,2026-07-18,42,overdue,False,6,3,2
INV_EVT_00738,overdue_invoice,2026-08-29,INV_000738,B2B_0171,90539.16,INR,2026-06-05,2026-07-05,55,overdue,False,14,0,3
INV_EVT_00739,overdue_invoice,2026-08-29,INV_000739,B2B_0044,10000.0,INR,2026-07-14,2026-08-28,1,overdue,False,3,0,1
INV_EVT_00740,overdue_invoice,2026-08-29,INV_000740,B2B_0268,102884.92,INR,2026-05-27,2026-06-26,64,overdue,False,3,1,3
INV_EVT_00741,overdue_invoice,2026-08-29,INV_000741,B2B_0105,21543.04,INR,2026-04-22,2026-05-22,99,overdue,False,3,0,0
INV_EVT_00742,overdue_invoice,2026-08-29,INV_000742,B2B_0039,40170.88,INR,2026-05-03,2026-06-17,73,overdue,False,3,1,3
INV_EVT_00743,overdue_invoice,2026-08-29,INV_000743,B2B_0014,291986.96,INR,2026-06-21,2026-07-21,39,overdue,False,5,0,3
INV_EVT_00744,overdue_invoice,2026-08-29,INV_000744,B2B_0075,156143.98,INR,2026-05-15,2026-06-29,61,overdue,False,12,1,3
INV_EVT_00745,overdue_invoice,2026-08-29,INV_000745,B2B_0160,29698.07,INR,2026-05-05,2026-06-19,71,overdue,False,11,2,1
INV_EVT_00746,overdue_invoice,2026-08-29,INV_000746,B2B_0165,53334.11,INR,2026-06-22,2026-07-22,38,overdue,False,13,6,0
INV_EVT_00747,overdue_invoice,2026-08-29,INV_000747,B2B_0220,131872.33,INR,2026-06-11,2026-07-11,49,overdue,False,9,2,2
INV_EVT_00748,overdue_invoice,2026-08-29,INV_000748,B2B_0242,62633.98,INR,2026-05-15,2026-06-14,76,overdue,False,9,2,0
INV_EVT_00749,overdue_invoice,2026-08-29,INV_000749,B2B_0239,59330.17,INR,2026-06-20,2026-07-05,55,overdue,False,12,3,2
INV_EVT_00750,overdue_invoice,2026-08-29,INV_000750,B2B_0152,28801.9,INR,2026-05-27,2026-06-26,64,overdue,False,4,0,1
INV_EVT_00751,overdue_invoice,2026-08-29,INV_000751,B2B_0195,108326.91,INR,2026-06-19,2026-07-04,56,overdue,False,3,0,0
INV_EVT_00752,overdue_invoice,2026-08-29,INV_000752,B2B_0261,120502.1,INR,2026-06-04,2026-07-19,41,overdue,False,3,2,1
INV_EVT_00753,overdue_invoice,2026-08-29,INV_000753,B2B_0163,37391.28,INR,2026-06-24,2026-07-24,36,overdue,False,7,1,0
INV_EVT_00754,overdue_invoice,2026-08-29,INV_000754,B2B_0142,14017.44,INR,2026-05-14,2026-06-13,77,overdue,False,4,0,1
INV_EVT_00755,overdue_invoice,2026-08-29,INV_000755,B2B_0062,299138.01,INR,2026-05-31,2026-06-15,75,overdue,False,13,1,1
INV_EVT_00756,overdue_invoice,2026-08-29,INV_000756,B2B_0293,40459.52,INR,2026-05-31,2026-07-15,45,overdue,False,11,2,1
INV_EVT_00757,overdue_invoice,2026-08-29,INV_000757,B2B_0108,98829.65,INR,2026-05-19,2026-06-18,72,overdue,False,5,2,0
INV_EVT_00758,overdue_invoice,2026-08-29,INV_000758,B2B_0259,35850.88,INR,2026-05-09,2026-05-24,97,overdue,False,3,1,2
INV_EVT_00759,overdue_invoice,2026-08-29,INV_000759,B2B_0278,39160.77,INR,2026-06-13,2026-07-13,47,overdue,False,3,1,2
INV_EVT_00760,overdue_invoice,2026-08-29,INV_000760,B2B_0025,152306.64,INR,2026-04-11,2026-05-11,110,overdue,False,13,0,2
INV_EVT_00761,overdue_invoice,2026-08-29,INV_000761,B2B_0001,55167.01,INR,2026-05-04,2026-06-03,87,overdue,False,13,2,2
INV_EVT_00762,overdue_invoice,2026-08-29,INV_000762,B2B_0018,131528.79,INR,2026-05-20,2026-06-19,71,overdue,False,11,2,2
INV_EVT_00763,overdue_invoice,2026-08-29,INV_000763,B2B_0209,134074.82,INR,2026-05-24,2026-06-23,67,overdue,False,8,6,3
INV_EVT_00764,overdue_invoice,2026-08-29,INV_000764,B2B_0179,47236.04,INR,2026-05-12,2026-05-27,94,overdue,False,13,3,3
INV_EVT_00765,overdue_invoice,2026-08-29,INV_000765,B2B_0004,90009.9,INR,2026-07-16,2026-07-31,29,overdue,False,12,1,2
INV_EVT_00766,overdue_invoice,2026-08-29,INV_000766,B2B_0017,132101.57,INR,2026-06-18,2026-07-18,42,overdue,False,7,0,3
INV_EVT_00767,overdue_invoice,2026-08-29,INV_000767,B2B_0041,192034.21,INR,2026-07-04,2026-08-03,26,overdue,False,11,1,2
INV_EVT_00768,overdue_invoice,2026-08-29,INV_000768,B2B_0024,57652.47,INR,2026-06-13,2026-06-28,62,overdue,False,11,1,1
INV_EVT_00769,overdue_invoice,2026-08-29,INV_000769,B2B_0290,71968.16,INR,2026-06-06,2026-07-06,54,overdue,False,13,8,2
INV_EVT_00770,overdue_invoice,2026-08-29,INV_000770,B2B_0223,33784.11,INR,2026-07-05,2026-08-04,25,overdue,False,14,1,2
INV_EVT_00771,overdue_invoice,2026-08-29,INV_000771,B2B_0265,133454.27,INR,2026-06-22,2026-07-07,53,overdue,False,11,2,3
INV_EVT_00772,overdue_invoice,2026-08-29,INV_000772,B2B_0073,77580.07,INR,2026-05-14,2026-06-13,77,overdue,False,8,4,2
INV_EVT_00773,overdue_invoice,2026-08-29,INV_000773,B2B_0023,24735.34,INR,2026-04-22,2026-05-07,114,overdue,False,3,0,1
INV_EVT_00774,overdue_invoice,2026-08-29,INV_000774,B2B_0019,54238.32,INR,2026-06-16,2026-07-16,44,overdue,False,9,0,0
INV_EVT_00775,overdue_invoice,2026-08-29,INV_000775,B2B_0016,65458.46,INR,2026-06-11,2026-07-11,49,overdue,False,14,6,2
INV_EVT_00776,overdue_invoice,2026-08-29,INV_000776,B2B_0216,44876.02,INR,2026-06-24,2026-07-24,36,overdue,False,4,1,1
INV_EVT_00777,overdue_invoice,2026-08-29,INV_000777,B2B_0108,40459.9,INR,2026-05-23,2026-06-07,83,overdue,False,5,2,2
INV_EVT_00778,overdue_invoice,2026-08-29,INV_000778,B2B_0023,19524.38,INR,2026-04-09,2026-05-24,97,overdue,False,3,0,3
INV_EVT_00779,overdue_invoice,2026-08-29,INV_000779,B2B_0260,77768.98,INR,2026-06-05,2026-07-05,55,overdue,False,9,1,3
INV_EVT_00780,overdue_invoice,2026-08-29,INV_000780,B2B_0119,51310.7,INR,2026-06-11,2026-07-11,49,overdue,False,12,0,0
INV_EVT_00781,overdue_invoice,2026-08-29,INV_000781,B2B_0247,149527.21,INR,2026-04-13,2026-05-28,93,overdue,False,9,2,2
INV_EVT_00782,overdue_invoice,2026-08-29,INV_000782,B2B_0010,66325.87,INR,2026-06-21,2026-07-21,39,overdue,False,9,0,2
INV_EVT_00783,overdue_invoice,2026-08-29,INV_000783,B2B_0028,140608.53,INR,2026-04-30,2026-06-14,76,overdue,False,14,3,1
INV_EVT_00784,overdue_invoice,2026-08-29,INV_000784,B2B_0176,27851.06,INR,2026-06-18,2026-07-03,57,overdue,False,4,0,2
INV_EVT_00785,overdue_invoice,2026-08-29,INV_000785,B2B_0263,97479.63,INR,2026-05-23,2026-07-07,53,overdue,False,5,4,2
INV_EVT_00786,overdue_invoice,2026-08-29,INV_000786,B2B_0234,128871.03,INR,2026-05-11,2026-06-10,80,overdue,False,11,1,1
INV_EVT_00787,overdue_invoice,2026-08-29,INV_000787,B2B_0243,130554.29,INR,2026-05-09,2026-06-23,67,overdue,False,5,2,1
INV_EVT_00788,overdue_invoice,2026-08-29,INV_000788,B2B_0266,58046.78,INR,2026-05-25,2026-06-09,81,overdue,False,9,2,3
INV_EVT_00789,overdue_invoice,2026-08-29,INV_000789,B2B_0046,35724.93,INR,2026-06-06,2026-07-06,54,overdue,False,10,0,0
INV_EVT_00790,overdue_invoice,2026-08-29,INV_000790,B2B_0280,273941.9,INR,2026-05-19,2026-06-18,72,overdue,False,13,5,3
INV_EVT_00791,overdue_invoice,2026-08-29,INV_000791,B2B_0127,62163.42,INR,2026-06-13,2026-07-13,47,overdue,False,5,1,2
INV_EVT_00792,overdue_invoice,2026-08-29,INV_000792,B2B_0175,28086.87,INR,2026-06-14,2026-06-29,61,overdue,False,6,1,3
INV_EVT_00793,overdue_invoice,2026-08-29,INV_000793,B2B_0050,61510.43,INR,2026-04-10,2026-05-10,111,overdue,False,10,0,2
INV_EVT_00794,overdue_invoice,2026-08-29,INV_000794,B2B_0080,94697.4,INR,2026-04-09,2026-05-09,112,overdue,False,8,0,2
INV_EVT_00795,overdue_invoice,2026-08-29,INV_000795,B2B_0214,41362.56,INR,2026-04-07,2026-04-22,129,overdue,False,11,7,3
INV_EVT_00796,overdue_invoice,2026-08-29,INV_000796,B2B_0078,101366.01,INR,2026-06-13,2026-06-28,62,overdue,False,4,1,1
INV_EVT_00797,overdue_invoice,2026-08-29,INV_000797,B2B_0219,149487.41,INR,2026-06-02,2026-07-02,58,overdue,False,4,0,3
INV_EVT_00798,overdue_invoice,2026-08-29,INV_000798,B2B_0207,70735.61,INR,2026-07-09,2026-08-08,21,overdue,False,11,2,0
INV_EVT_00799,overdue_invoice,2026-08-29,INV_000799,B2B_0182,164103.32,INR,2026-07-08,2026-08-07,22,overdue,False,14,1,2
INV_EVT_00800,overdue_invoice,2026-08-29,INV_000800,B2B_0091,66868.17,INR,2026-05-16,2026-06-15,75,overdue,False,7,3,2
INV_EVT_00801,overdue_invoice,2026-08-29,INV_000801,B2B_0037,50527.28,INR,2026-04-20,2026-05-20,101,overdue,False,6,1,3
INV_EVT_00802,overdue_invoice,2026-08-29,INV_000802,B2B_0142,259582.42,INR,2026-04-12,2026-05-12,109,overdue,False,4,0,2
INV_EVT_00803,overdue_invoice,2026-08-29,INV_000803,B2B_0260,121507.02,INR,2026-04-16,2026-05-16,105,overdue,False,9,1,2
INV_EVT_00804,overdue_invoice,2026-08-29,INV_000804,B2B_0184,80313.42,INR,2026-06-28,2026-07-28,32,overdue,False,4,0,1
INV_EVT_00805,overdue_invoice,2026-08-29,INV_000805,B2B_0013,17575.29,INR,2026-04-13,2026-04-28,123,overdue,False,14,6,1
INV_EVT_00806,overdue_invoice,2026-08-29,INV_000806,B2B_0016,24527.54,INR,2026-07-01,2026-07-31,29,overdue,False,14,6,2
INV_EVT_00807,overdue_invoice,2026-08-29,INV_000807,B2B_0244,19510.92,INR,2026-04-27,2026-05-12,109,overdue,False,9,2,1
INV_EVT_00808,overdue_invoice,2026-08-29,INV_000808,B2B_0076,71162.44,INR,2026-07-16,2026-08-15,14,overdue,False,10,1,1
INV_EVT_00809,overdue_invoice,2026-08-29,INV_000809,B2B_0271,71865.69,INR,2026-04-22,2026-05-22,99,overdue,False,6,0,2
INV_EVT_00810,overdue_invoice,2026-08-29,INV_000810,B2B_0200,102312.49,INR,2026-04-15,2026-04-30,121,overdue,False,12,0,2
INV_EVT_00811,overdue_invoice,2026-08-29,INV_000811,B2B_0190,167727.12,INR,2026-06-19,2026-07-04,56,overdue,False,7,1,2
INV_EVT_00812,overdue_invoice,2026-08-29,INV_000812,B2B_0043,21816.51,INR,2026-05-22,2026-06-06,84,overdue,False,7,2,0
INV_EVT_00813,overdue_invoice,2026-08-29,INV_000813,B2B_0128,25178.24,INR,2026-06-19,2026-07-19,41,overdue,False,5,0,3
INV_EVT_00814,overdue_invoice,2026-08-29,INV_000814,B2B_0136,35456.24,INR,2026-04-29,2026-05-29,92,overdue,False,7,5,1
INV_EVT_00815,overdue_invoice,2026-08-29,INV_000815,B2B_0226,105800.26,INR,2026-05-12,2026-06-11,79,overdue,False,13,3,0
INV_EVT_00816,overdue_invoice,2026-08-29,INV_000816,B2B_0007,92587.18,INR,2026-04-04,2026-05-04,117,overdue,False,10,1,2
INV_EVT_00817,overdue_invoice,2026-08-29,INV_000817,B2B_0114,32133.23,INR,2026-04-09,2026-05-24,97,overdue,False,12,3,2
INV_EVT_00818,overdue_invoice,2026-08-29,INV_000818,B2B_0268,42004.44,INR,2026-04-26,2026-05-11,110,overdue,False,3,1,0
INV_EVT_00819,overdue_invoice,2026-08-29,INV_000819,B2B_0218,99489.16,INR,2026-06-13,2026-07-13,47,overdue,False,9,1,2
INV_EVT_00820,overdue_invoice,2026-08-29,INV_000820,B2B_0148,77602.01,INR,2026-05-12,2026-06-11,79,overdue,False,7,2,1
INV_EVT_00821,overdue_invoice,2026-08-29,INV_000821,B2B_0175,165071.62,INR,2026-04-14,2026-04-29,122,overdue,False,6,1,1
INV_EVT_00822,overdue_invoice,2026-08-29,INV_000822,B2B_0235,38456.79,INR,2026-06-18,2026-07-18,42,overdue,False,3,1,2
INV_EVT_00823,overdue_invoice,2026-08-29,INV_000823,B2B_0222,65830.56,INR,2026-05-14,2026-05-29,92,overdue,False,13,4,2
INV_EVT_00824,overdue_invoice,2026-08-29,INV_000824,B2B_0004,33342.9,INR,2026-07-09,2026-08-23,6,overdue,False,12,1,2
INV_EVT_00825,overdue_invoice,2026-08-29,INV_000825,B2B_0005,183604.06,INR,2026-05-16,2026-06-30,60,overdue,False,4,2,3
INV_EVT_00826,overdue_invoice,2026-08-29,INV_000826,B2B_0043,166252.22,INR,2026-06-14,2026-07-14,46,overdue,False,7,2,0
INV_EVT_00827,overdue_invoice,2026-08-29,INV_000827,B2B_0007,108295.82,INR,2026-04-30,2026-05-30,91,overdue,False,10,1,1
INV_EVT_00828,overdue_invoice,2026-08-29,INV_000828,B2B_0206,159802.3,INR,2026-07-14,2026-08-13,16,overdue,False,7,0,2
INV_EVT_00829,overdue_invoice,2026-08-29,INV_000829,B2B_0277,220642.27,INR,2026-05-20,2026-06-19,71,overdue,False,3,1,2
INV_EVT_00830,overdue_invoice,2026-08-29,INV_000830,B2B_0106,234958.61,INR,2026-04-20,2026-06-04,86,overdue,False,14,5,0
INV_EVT_00831,overdue_invoice,2026-08-29,INV_000831,B2B_0227,285541.38,INR,2026-04-09,2026-05-24,97,overdue,False,11,6,1
INV_EVT_00832,overdue_invoice,2026-08-29,INV_000832,B2B_0296,41847.99,INR,2026-04-29,2026-06-13,77,overdue,False,8,3,2
INV_EVT_00833,overdue_invoice,2026-08-29,INV_000833,B2B_0257,39302.59,INR,2026-04-16,2026-05-16,105,overdue,False,3,0,3
INV_EVT_00834,overdue_invoice,2026-08-29,INV_000834,B2B_0246,206878.29,INR,2026-05-08,2026-06-07,83,overdue,False,13,3,2
INV_EVT_00835,overdue_invoice,2026-08-29,INV_000835,B2B_0116,53087.15,INR,2026-04-12,2026-04-27,124,overdue,False,13,3,3
INV_EVT_00836,overdue_invoice,2026-08-29,INV_000836,B2B_0128,18246.21,INR,2026-05-19,2026-07-03,57,overdue,False,5,0,1
INV_EVT_00837,overdue_invoice,2026-08-29,INV_000837,B2B_0246,51911.49,INR,2026-07-16,2026-08-15,14,overdue,False,13,3,3
INV_EVT_00838,overdue_invoice,2026-08-29,INV_000838,B2B_0195,168262.7,INR,2026-05-13,2026-06-12,78,overdue,False,3,0,3
INV_EVT_00839,overdue_invoice,2026-08-29,INV_000839,B2B_0194,51535.02,INR,2026-06-20,2026-07-20,40,overdue,False,5,0,1
INV_EVT_00840,overdue_invoice,2026-08-29,INV_000840,B2B_0229,137310.55,INR,2026-05-28,2026-07-12,48,overdue,False,4,2,3
INV_EVT_00841,overdue_invoice,2026-08-29,INV_000841,B2B_0123,95329.62,INR,2026-05-09,2026-06-08,82,overdue,False,6,1,1
INV_EVT_00842,overdue_invoice,2026-08-29,INV_000842,B2B_0224,25599.32,INR,2026-07-10,2026-08-09,20,overdue,False,13,2,1
INV_EVT_00843,overdue_invoice,2026-08-29,INV_000843,B2B_0012,107219.81,INR,2026-04-17,2026-05-17,104,overdue,False,7,0,1
INV_EVT_00844,overdue_invoice,2026-08-29,INV_000844,B2B_0058,75439.08,INR,2026-04-05,2026-04-20,131,overdue,False,10,4,0
INV_EVT_00845,overdue_invoice,2026-08-29,INV_000845,B2B_0261,48317.78,INR,2026-04-22,2026-05-22,99,overdue,False,3,2,2
INV_EVT_00846,overdue_invoice,2026-08-29,INV_000846,B2B_0128,23911.92,INR,2026-06-28,2026-07-28,32,overdue,False,5,0,3
INV_EVT_00847,overdue_invoice,2026-08-29,INV_000847,B2B_0268,268356.17,INR,2026-05-23,2026-06-22,68,overdue,False,3,1,3
INV_EVT_00848,overdue_invoice,2026-08-29,INV_000848,B2B_0292,36157.12,INR,2026-07-13,2026-08-12,17,overdue,False,12,2,3
INV_EVT_00849,overdue_invoice,2026-08-29,INV_000849,B2B_0207,14715.61,INR,2026-04-08,2026-05-08,113,overdue,False,11,2,0
INV_EVT_00850,overdue_invoice,2026-08-29,INV_000850,B2B_0217,145606.29,INR,2026-05-24,2026-06-08,82,overdue,False,8,3,3
INV_EVT_00851,overdue_invoice,2026-08-29,INV_000851,B2B_0212,52410.39,INR,2026-04-09,2026-05-09,112,overdue,False,11,2,2
INV_EVT_00852,overdue_invoice,2026-08-29,INV_000852,B2B_0112,192753.09,INR,2026-07-05,2026-08-04,25,overdue,False,10,0,3
INV_EVT_00853,overdue_invoice,2026-08-29,INV_000853,B2B_0092,68834.22,INR,2026-07-16,2026-07-31,29,overdue,False,6,2,0
INV_EVT_00854,overdue_invoice,2026-08-29,INV_000854,B2B_0036,73945.62,INR,2026-06-08,2026-07-08,52,overdue,False,10,3,1
INV_EVT_00855,overdue_invoice,2026-08-29,INV_000855,B2B_0045,119518.7,INR,2026-06-15,2026-07-30,30,overdue,False,3,0,1
INV_EVT_00856,overdue_invoice,2026-08-29,INV_000856,B2B_0109,82134.44,INR,2026-04-21,2026-05-21,100,overdue,False,4,4,0
INV_EVT_00857,overdue_invoice,2026-08-29,INV_000857,B2B_0003,81863.38,INR,2026-06-19,2026-07-19,41,overdue,False,12,4,2
INV_EVT_00858,overdue_invoice,2026-08-29,INV_000858,B2B_0125,177581.47,INR,2026-06-04,2026-07-04,56,overdue,False,7,2,2
INV_EVT_00859,overdue_invoice,2026-08-29,INV_000859,B2B_0279,36374.97,INR,2026-04-08,2026-05-23,98,overdue,False,8,2,3
INV_EVT_00860,overdue_invoice,2026-08-29,INV_000860,B2B_0164,116684.24,INR,2026-06-21,2026-08-05,24,overdue,False,10,1,3
INV_EVT_00861,overdue_invoice,2026-08-29,INV_000861,B2B_0037,94182.49,INR,2026-05-10,2026-06-09,81,overdue,False,6,1,1
INV_EVT_00862,overdue_invoice,2026-08-29,INV_000862,B2B_0046,20795.0,INR,2026-05-24,2026-06-23,67,overdue,False,10,0,0
INV_EVT_00863,overdue_invoice,2026-08-29,INV_000863,B2B_0236,181574.79,INR,2026-06-14,2026-06-29,61,overdue,False,10,0,2
INV_EVT_00864,overdue_invoice,2026-08-29,INV_000864,B2B_0167,138423.59,INR,2026-06-28,2026-07-28,32,overdue,False,7,2,3
INV_EVT_00865,overdue_invoice,2026-08-29,INV_000865,B2B_0167,255871.52,INR,2026-05-20,2026-06-19,71,overdue,False,7,2,3
INV_EVT_00866,overdue_invoice,2026-08-29,INV_000866,B2B_0024,52919.9,INR,2026-06-11,2026-07-11,49,overdue,False,11,1,1
INV_EVT_00867,overdue_invoice,2026-08-29,INV_000867,B2B_0186,31169.34,INR,2026-05-22,2026-07-06,54,overdue,False,13,1,1
INV_EVT_00868,overdue_invoice,2026-08-29,INV_000868,B2B_0149,870837.48,INR,2026-04-08,2026-05-23,98,overdue,False,13,1,2
INV_EVT_00869,overdue_invoice,2026-08-29,INV_000869,B2B_0018,33267.06,INR,2026-07-08,2026-07-23,37,overdue,False,11,2,3
INV_EVT_00870,overdue_invoice,2026-08-29,INV_000870,B2B_0161,39792.71,INR,2026-06-24,2026-07-24,36,overdue,False,13,0,2
INV_EVT_00871,overdue_invoice,2026-08-29,INV_000871,B2B_0024,116772.38,INR,2026-05-30,2026-06-29,61,overdue,False,11,1,1
INV_EVT_00872,overdue_invoice,2026-08-29,INV_000872,B2B_0201,53059.39,INR,2026-04-23,2026-05-08,113,overdue,False,8,1,1
INV_EVT_00873,overdue_invoice,2026-08-29,INV_000873,B2B_0130,104230.3,INR,2026-06-19,2026-08-03,26,overdue,False,13,4,1
INV_EVT_00874,overdue_invoice,2026-08-29,INV_000874,B2B_0221,25996.86,INR,2026-04-12,2026-05-27,94,overdue,False,3,0,3
INV_EVT_00875,overdue_invoice,2026-08-29,INV_000875,B2B_0129,19298.05,INR,2026-07-16,2026-08-15,14,overdue,False,7,2,0
INV_EVT_00876,overdue_invoice,2026-08-29,INV_000876,B2B_0024,48407.91,INR,2026-04-04,2026-04-19,132,overdue,False,11,1,1
INV_EVT_00877,overdue_invoice,2026-08-29,INV_000877,B2B_0262,128492.38,INR,2026-06-29,2026-08-13,16,overdue,False,12,4,3
INV_EVT_00878,overdue_invoice,2026-08-29,INV_000878,B2B_0215,73047.44,INR,2026-07-17,2026-08-16,13,overdue,False,4,0,2
INV_EVT_00879,overdue_invoice,2026-08-29,INV_000879,B2B_0284,194959.56,INR,2026-05-18,2026-06-17,73,overdue,False,6,1,0
INV_EVT_00880,overdue_invoice,2026-08-29,INV_000880,B2B_0268,60795.3,INR,2026-07-17,2026-08-01,28,overdue,False,3,1,0
INV_EVT_00881,overdue_invoice,2026-08-29,INV_000881,B2B_0034,87174.03,INR,2026-05-16,2026-06-30,60,overdue,False,6,0,3
INV_EVT_00882,overdue_invoice,2026-08-29,INV_000882,B2B_0255,36304.29,INR,2026-07-03,2026-07-18,42,overdue,False,7,3,2
INV_EVT_00883,overdue_invoice,2026-08-29,INV_000883,B2B_0275,23335.11,INR,2026-05-02,2026-06-01,89,overdue,False,12,3,3
INV_EVT_00884,overdue_invoice,2026-08-29,INV_000884,B2B_0183,28439.11,INR,2026-05-16,2026-05-31,90,overdue,False,8,3,3
INV_EVT_00885,overdue_invoice,2026-08-29,INV_000885,B2B_0223,39737.62,INR,2026-05-12,2026-06-11,79,overdue,False,14,1,0
INV_EVT_00886,overdue_invoice,2026-08-29,INV_000886,B2B_0054,360276.59,INR,2026-05-23,2026-06-22,68,overdue,False,14,3,1
INV_EVT_00887,overdue_invoice,2026-08-29,INV_000887,B2B_0184,26832.82,INR,2026-05-10,2026-06-09,81,overdue,False,4,0,2
INV_EVT_00888,overdue_invoice,2026-08-29,INV_000888,B2B_0090,37071.27,INR,2026-04-20,2026-05-20,101,overdue,False,8,1,1
INV_EVT_00889,overdue_invoice,2026-08-29,INV_000889,B2B_0083,224106.24,INR,2026-04-23,2026-05-23,98,overdue,False,10,0,1
INV_EVT_00890,overdue_invoice,2026-08-29,INV_000890,B2B_0219,44047.17,INR,2026-07-11,2026-08-10,19,overdue,False,4,0,3
INV_EVT_00891,overdue_invoice,2026-08-29,INV_000891,B2B_0104,120021.44,INR,2026-04-20,2026-05-20,101,overdue,False,11,6,2
INV_EVT_00892,overdue_invoice,2026-08-29,INV_000892,B2B_0077,12139.9,INR,2026-05-31,2026-06-30,60,overdue,False,9,1,3
INV_EVT_00893,overdue_invoice,2026-08-29,INV_000893,B2B_0243,34492.08,INR,2026-06-16,2026-07-16,44,overdue,False,5,2,1
INV_EVT_00894,overdue_invoice,2026-08-29,INV_000894,B2B_0281,112824.75,INR,2026-04-26,2026-05-11,110,overdue,False,6,1,3
INV_EVT_00895,overdue_invoice,2026-08-29,INV_000895,B2B_0214,19281.62,INR,2026-05-22,2026-06-21,69,overdue,False,11,7,1
INV_EVT_00896,overdue_invoice,2026-08-29,INV_000896,B2B_0080,86451.71,INR,2026-05-11,2026-05-26,95,overdue,False,8,0,2
INV_EVT_00897,overdue_invoice,2026-08-29,INV_000897,B2B_0215,77006.34,INR,2026-05-18,2026-06-02,88,overdue,False,4,0,2
INV_EVT_00898,overdue_invoice,2026-08-29,INV_000898,B2B_0245,47773.88,INR,2026-06-12,2026-06-27,63,overdue,False,5,1,1
INV_EVT_00899,overdue_invoice,2026-08-29,INV_000899,B2B_0179,60118.12,INR,2026-06-09,2026-06-24,66,overdue,False,13,3,2
INV_EVT_00900,overdue_invoice,2026-08-29,INV_000900,B2B_0173,131489.85,INR,2026-06-26,2026-07-26,34,overdue,False,11,0,3
INV_EVT_00901,overdue_invoice,2026-08-29,INV_000901,B2B_0193,71769.13,INR,2026-04-23,2026-05-23,98,overdue,False,4,0,2
INV_EVT_00902,overdue_invoice,2026-08-29,INV_000902,B2B_0115,164223.73,INR,2026-06-04,2026-06-19,71,overdue,False,14,8,1
INV_EVT_00903,overdue_invoice,2026-08-29,INV_000903,B2B_0070,139594.08,INR,2026-06-15,2026-07-30,30,overdue,False,5,4,0
INV_EVT_00904,overdue_invoice,2026-08-29,INV_000904,B2B_0225,255785.89,INR,2026-07-01,2026-08-15,14,overdue,False,5,0,0
INV_EVT_00905,overdue_invoice,2026-08-29,INV_000905,B2B_0265,53299.0,INR,2026-04-20,2026-05-20,101,overdue,False,11,2,3
INV_EVT_00906,overdue_invoice,2026-08-29,INV_000906,B2B_0199,85591.23,INR,2026-06-30,2026-07-15,45,overdue,False,4,0,0
INV_EVT_00907,overdue_invoice,2026-08-29,INV_000907,B2B_0075,32170.75,INR,2026-06-10,2026-07-10,50,overdue,False,12,1,0
INV_EVT_00908,overdue_invoice,2026-08-29,INV_000908,B2B_0156,122589.7,INR,2026-04-22,2026-05-22,99,overdue,False,6,0,1
INV_EVT_00909,overdue_invoice,2026-08-29,INV_000909,B2B_0215,42322.43,INR,2026-06-08,2026-06-23,67,overdue,False,4,0,0
INV_EVT_00910,overdue_invoice,2026-08-29,INV_000910,B2B_0203,122295.64,INR,2026-07-11,2026-08-10,19,overdue,False,12,0,1
INV_EVT_00911,overdue_invoice,2026-08-29,INV_000911,B2B_0222,59802.53,INR,2026-05-20,2026-06-04,86,overdue,False,13,4,0
INV_EVT_00912,overdue_invoice,2026-08-29,INV_000912,B2B_0229,65166.15,INR,2026-04-20,2026-05-05,116,overdue,False,4,2,1
INV_EVT_00913,overdue_invoice,2026-08-29,INV_000913,B2B_0184,89739.39,INR,2026-05-05,2026-06-04,86,overdue,False,4,0,2
INV_EVT_00914,overdue_invoice,2026-08-29,INV_000914,B2B_0168,41278.85,INR,2026-07-03,2026-08-17,12,overdue,False,3,0,2
INV_EVT_00915,overdue_invoice,2026-08-29,INV_000915,B2B_0149,43755.55,INR,2026-04-26,2026-05-26,95,overdue,False,13,1,2
INV_EVT_00916,overdue_invoice,2026-08-29,INV_000916,B2B_0215,45379.48,INR,2026-06-30,2026-07-30,30,overdue,False,4,0,0
INV_EVT_00917,overdue_invoice,2026-08-29,INV_000917,B2B_0092,48411.01,INR,2026-04-08,2026-05-08,113,overdue,False,6,2,3
INV_EVT_00918,overdue_invoice,2026-08-29,INV_000918,B2B_0091,122526.37,INR,2026-07-08,2026-08-07,22,overdue,False,7,3,2
INV_EVT_00919,overdue_invoice,2026-08-29,INV_000919,B2B_0048,54607.85,INR,2026-06-30,2026-07-30,30,overdue,False,3,0,0
INV_EVT_00920,overdue_invoice,2026-08-29,INV_000920,B2B_0023,47045.96,INR,2026-06-13,2026-07-13,47,overdue,False,3,0,2
INV_EVT_00921,overdue_invoice,2026-08-29,INV_000921,B2B_0070,143306.37,INR,2026-06-29,2026-07-29,31,overdue,False,5,4,3
INV_EVT_00922,overdue_invoice,2026-08-29,INV_000922,B2B_0096,129057.75,INR,2026-05-21,2026-06-20,70,overdue,False,7,1,3
INV_EVT_00923,overdue_invoice,2026-08-29,INV_000923,B2B_0178,65493.02,INR,2026-07-10,2026-07-25,35,overdue,False,11,1,1
INV_EVT_00924,overdue_invoice,2026-08-29,INV_000924,B2B_0044,531058.27,INR,2026-06-01,2026-07-01,59,overdue,False,3,0,0
INV_EVT_00925,overdue_invoice,2026-08-29,INV_000925,B2B_0176,32144.05,INR,2026-06-12,2026-07-27,33,overdue,False,4,0,3
INV_EVT_00926,overdue_invoice,2026-08-29,INV_000926,B2B_0046,267886.98,INR,2026-04-16,2026-05-16,105,overdue,False,10,0,2
INV_EVT_00927,overdue_invoice,2026-08-29,INV_000927,B2B_0163,91159.3,INR,2026-04-25,2026-05-25,96,overdue,False,7,1,3
INV_EVT_00928,overdue_invoice,2026-08-29,INV_000928,B2B_0169,165433.0,INR,2026-05-12,2026-06-26,64,overdue,False,8,1,2
INV_EVT_00929,overdue_invoice,2026-08-29,INV_000929,B2B_0165,58254.38,INR,2026-04-13,2026-05-28,93,overdue,False,13,6,2
INV_EVT_00930,overdue_invoice,2026-08-29,INV_000930,B2B_0124,188289.47,INR,2026-06-10,2026-07-10,50,overdue,False,6,0,3
INV_EVT_00931,overdue_invoice,2026-08-29,INV_000931,B2B_0252,33686.73,INR,2026-05-22,2026-06-21,69,overdue,False,11,5,3
INV_EVT_00932,overdue_invoice,2026-08-29,INV_000932,B2B_0107,140087.43,INR,2026-06-01,2026-06-16,74,overdue,False,12,0,3
INV_EVT_00933,overdue_invoice,2026-08-29,INV_000933,B2B_0210,91124.87,INR,2026-07-01,2026-07-31,29,overdue,False,11,1,1
INV_EVT_00934,overdue_invoice,2026-08-29,INV_000934,B2B_0187,152186.13,INR,2026-06-24,2026-07-09,51,overdue,False,13,2,3
INV_EVT_00935,overdue_invoice,2026-08-29,INV_000935,B2B_0135,50310.29,INR,2026-05-06,2026-06-05,85,overdue,False,12,3,0
INV_EVT_00936,overdue_invoice,2026-08-29,INV_000936,B2B_0177,103829.22,INR,2026-05-05,2026-06-04,86,overdue,False,8,2,3
INV_EVT_00937,overdue_invoice,2026-08-29,INV_000937,B2B_0270,39617.78,INR,2026-07-10,2026-08-09,20,overdue,False,14,2,2
INV_EVT_00938,overdue_invoice,2026-08-29,INV_000938,B2B_0163,55643.61,INR,2026-05-23,2026-07-07,53,overdue,False,7,1,2
INV_EVT_00939,overdue_invoice,2026-08-29,INV_000939,B2B_0152,60795.15,INR,2026-05-13,2026-05-28,93,overdue,False,4,0,0
INV_EVT_00940,overdue_invoice,2026-08-29,INV_000940,B2B_0174,45676.53,INR,2026-05-12,2026-06-11,79,overdue,False,10,3,1
INV_EVT_00941,overdue_invoice,2026-08-29,INV_000941,B2B_0271,50077.49,INR,2026-06-18,2026-07-18,42,overdue,False,6,0,0
INV_EVT_00942,overdue_invoice,2026-08-29,INV_000942,B2B_0009,27896.74,INR,2026-07-14,2026-08-13,16,overdue,False,13,2,3
INV_EVT_00943,overdue_invoice,2026-08-29,INV_000943,B2B_0011,67077.58,INR,2026-06-27,2026-07-27,33,overdue,False,14,1,2
INV_EVT_00944,overdue_invoice,2026-08-29,INV_000944,B2B_0028,236091.78,INR,2026-04-17,2026-05-17,104,overdue,False,14,3,0
INV_EVT_00945,overdue_invoice,2026-08-29,INV_000945,B2B_0098,716897.43,INR,2026-05-31,2026-07-15,45,overdue,False,12,0,1
INV_EVT_00946,overdue_invoice,2026-08-29,INV_000946,B2B_0227,37997.39,INR,2026-04-15,2026-05-15,106,overdue,False,11,6,0
INV_EVT_00947,overdue_invoice,2026-08-29,INV_000947,B2B_0158,40506.15,INR,2026-07-05,2026-08-04,25,overdue,False,12,2,2
INV_EVT_00948,overdue_invoice,2026-08-29,INV_000948,B2B_0176,97002.79,INR,2026-05-03,2026-06-02,88,overdue,False,4,0,2
INV_EVT_00949,overdue_invoice,2026-08-29,INV_000949,B2B_0192,110726.56,INR,2026-05-24,2026-06-08,82,overdue,False,12,1,0
INV_EVT_00950,overdue_invoice,2026-08-29,INV_000950,B2B_0192,26461.09,INR,2026-07-09,2026-08-08,21,overdue,False,12,1,1
INV_EVT_00951,overdue_invoice,2026-08-29,INV_000951,B2B_0050,11788.18,INR,2026-05-16,2026-06-15,75,overdue,False,10,0,0
INV_EVT_00952,overdue_invoice,2026-08-29,INV_000952,B2B_0179,91443.89,INR,2026-06-11,2026-07-11,49,overdue,False,13,3,2
INV_EVT_00953,overdue_invoice,2026-08-29,INV_000953,B2B_0275,216156.22,INR,2026-05-30,2026-06-29,61,overdue,False,12,3,1
INV_EVT_00954,overdue_invoice,2026-08-29,INV_000954,B2B_0290,231491.72,INR,2026-06-19,2026-07-19,41,overdue,False,13,8,1
INV_EVT_00955,overdue_invoice,2026-08-29,INV_000955,B2B_0107,73909.06,INR,2026-07-04,2026-08-03,26,overdue,False,12,0,0
INV_EVT_00956,overdue_invoice,2026-08-29,INV_000956,B2B_0257,226102.29,INR,2026-06-03,2026-07-03,57,overdue,False,3,0,2
INV_EVT_00957,overdue_invoice,2026-08-29,INV_000957,B2B_0140,65012.68,INR,2026-04-13,2026-04-28,123,overdue,False,9,1,3
INV_EVT_00958,overdue_invoice,2026-08-29,INV_000958,B2B_0276,24382.15,INR,2026-07-07,2026-07-22,38,overdue,False,12,4,1
INV_EVT_00959,overdue_invoice,2026-08-29,INV_000959,B2B_0091,66898.82,INR,2026-04-26,2026-06-10,80,overdue,False,7,3,3
INV_EVT_00960,overdue_invoice,2026-08-29,INV_000960,B2B_0277,170218.34,INR,2026-06-24,2026-07-24,36,overdue,False,3,1,2
INV_EVT_00961,overdue_invoice,2026-08-29,INV_000961,B2B_0068,82617.74,INR,2026-06-14,2026-07-14,46,overdue,False,3,0,2
INV_EVT_00962,overdue_invoice,2026-08-29,INV_000962,B2B_0246,47360.94,INR,2026-06-01,2026-06-16,74,overdue,False,13,3,3
INV_EVT_00963,overdue_invoice,2026-08-29,INV_000963,B2B_0201,77756.41,INR,2026-07-10,2026-07-25,35,overdue,False,8,1,0
INV_EVT_00964,overdue_invoice,2026-08-29,INV_000964,B2B_0042,97449.79,INR,2026-04-18,2026-05-18,103,overdue,False,12,3,0
INV_EVT_00965,overdue_invoice,2026-08-29,INV_000965,B2B_0176,83219.45,INR,2026-06-02,2026-07-02,58,overdue,False,4,0,1
INV_EVT_00966,overdue_invoice,2026-08-29,INV_000966,B2B_0230,94931.01,INR,2026-04-21,2026-05-06,115,overdue,False,11,1,3
INV_EVT_00967,overdue_invoice,2026-08-29,INV_000967,B2B_0055,100774.8,INR,2026-06-18,2026-07-18,42,overdue,False,8,4,0
INV_EVT_00968,overdue_invoice,2026-08-29,INV_000968,B2B_0280,175036.26,INR,2026-05-10,2026-05-25,96,overdue,False,13,5,2
INV_EVT_00969,overdue_invoice,2026-08-29,INV_000969,B2B_0190,82862.95,INR,2026-07-05,2026-08-04,25,overdue,False,7,1,2
INV_EVT_00970,overdue_invoice,2026-08-29,INV_000970,B2B_0213,66024.01,INR,2026-07-15,2026-08-14,15,overdue,False,3,0,2
INV_EVT_00971,overdue_invoice,2026-08-29,INV_000971,B2B_0275,99313.56,INR,2026-06-23,2026-07-08,52,overdue,False,12,3,0
INV_EVT_00972,overdue_invoice,2026-08-29,INV_000972,B2B_0133,119615.01,INR,2026-05-26,2026-07-10,50,overdue,False,7,2,2
INV_EVT_00973,overdue_invoice,2026-08-29,INV_000973,B2B_0139,18531.21,INR,2026-05-31,2026-06-30,60,overdue,False,12,1,2
INV_EVT_00974,overdue_invoice,2026-08-29,INV_000974,B2B_0201,186547.2,INR,2026-04-11,2026-05-26,95,overdue,False,8,1,2
INV_EVT_00975,overdue_invoice,2026-08-29,INV_000975,B2B_0053,289578.0,INR,2026-06-14,2026-06-29,61,overdue,False,5,1,1
INV_EVT_00976,overdue_invoice,2026-08-29,INV_000976,B2B_0090,76165.17,INR,2026-06-22,2026-07-22,38,overdue,False,8,1,2
INV_EVT_00977,overdue_invoice,2026-08-29,INV_000977,B2B_0174,121936.31,INR,2026-05-03,2026-06-17,73,overdue,False,10,3,0
INV_EVT_00978,overdue_invoice,2026-08-29,INV_000978,B2B_0285,41355.54,INR,2026-07-14,2026-08-13,16,overdue,False,11,2,1
INV_EVT_00979,overdue_invoice,2026-08-29,INV_000979,B2B_0284,127847.11,INR,2026-04-18,2026-05-18,103,overdue,False,6,1,1
INV_EVT_00980,overdue_invoice,2026-08-29,INV_000980,B2B_0031,37828.99,INR,2026-06-13,2026-07-13,47,overdue,False,14,2,3
INV_EVT_00981,overdue_invoice,2026-08-29,INV_000981,B2B_0271,86269.47,INR,2026-06-15,2026-06-30,60,overdue,False,6,0,2
INV_EVT_00982,overdue_invoice,2026-08-29,INV_000982,B2B_0185,118328.25,INR,2026-06-01,2026-07-01,59,overdue,False,11,3,3
INV_EVT_00983,overdue_invoice,2026-08-29,INV_000983,B2B_0121,39824.12,INR,2026-06-24,2026-08-08,21,overdue,False,14,0,1
INV_EVT_00984,overdue_invoice,2026-08-29,INV_000984,B2B_0070,30810.85,INR,2026-04-08,2026-05-23,98,overdue,False,5,4,1
INV_EVT_00985,overdue_invoice,2026-08-29,INV_000985,B2B_0153,56680.66,INR,2026-07-01,2026-07-31,29,overdue,False,5,1,2
INV_EVT_00986,overdue_invoice,2026-08-29,INV_000986,B2B_0265,47581.49,INR,2026-04-05,2026-04-20,131,overdue,False,11,2,2
INV_EVT_00987,overdue_invoice,2026-08-29,INV_000987,B2B_0139,57678.17,INR,2026-05-27,2026-06-11,79,overdue,False,12,1,1
INV_EVT_00988,overdue_invoice,2026-08-29,INV_000988,B2B_0230,31007.7,INR,2026-07-09,2026-08-08,21,overdue,False,11,1,2
INV_EVT_00989,overdue_invoice,2026-08-29,INV_000989,B2B_0295,177567.36,INR,2026-06-17,2026-07-17,43,overdue,False,11,1,0
INV_EVT_00990,overdue_invoice,2026-08-29,INV_000990,B2B_0050,60144.09,INR,2026-05-13,2026-05-28,93,overdue,False,10,0,3
INV_EVT_00991,overdue_invoice,2026-08-29,INV_000991,B2B_0114,106247.65,INR,2026-04-13,2026-05-13,108,overdue,False,12,3,0
INV_EVT_00992,overdue_invoice,2026-08-29,INV_000992,B2B_0238,20332.64,INR,2026-06-06,2026-07-06,54,overdue,False,8,0,3
INV_EVT_00993,overdue_invoice,2026-08-29,INV_000993,B2B_0283,46667.88,INR,2026-06-17,2026-07-17,43,overdue,False,5,1,2
INV_EVT_00994,overdue_invoice,2026-08-29,INV_000994,B2B_0288,267338.68,INR,2026-05-05,2026-06-04,86,overdue,False,9,1,2
INV_EVT_00995,overdue_invoice,2026-08-29,INV_000995,B2B_0217,37005.22,INR,2026-06-12,2026-07-27,33,overdue,False,8,3,2
INV_EVT_00996,overdue_invoice,2026-08-29,INV_000996,B2B_0032,93694.52,INR,2026-04-14,2026-05-29,92,overdue,False,10,0,0
INV_EVT_00997,overdue_invoice,2026-08-29,INV_000997,B2B_0252,396875.58,INR,2026-07-11,2026-07-26,34,overdue,False,11,5,2
INV_EVT_00998,overdue_invoice,2026-08-29,INV_000998,B2B_0154,74492.07,INR,2026-04-29,2026-06-13,77,overdue,False,3,0,2
INV_EVT_00999,overdue_invoice,2026-08-29,INV_000999,B2B_0156,248590.98,INR,2026-05-23,2026-07-07,53,overdue,False,6,0,1
INV_EVT_01000,overdue_invoice,2026-08-29,INV_001000,B2B_0246,36431.61,INR,2026-05-31,2026-06-30,60,overdue,False,13,3,2
INV_EVT_01001,overdue_invoice,2026-08-29,INV_001001,B2B_0092,50876.73,INR,2026-06-26,2026-07-11,49,overdue,False,6,2,3
INV_EVT_01002,overdue_invoice,2026-08-29,INV_001002,B2B_0192,71075.52,INR,2026-07-14,2026-07-29,31,overdue,False,12,1,1
INV_EVT_01003,overdue_invoice,2026-08-29,INV_001003,B2B_0005,48383.93,INR,2026-04-30,2026-05-30,91,overdue,False,4,2,3
INV_EVT_01004,overdue_invoice,2026-08-29,INV_001004,B2B_0117,98046.03,INR,2026-04-11,2026-05-11,110,overdue,False,6,2,0
INV_EVT_01005,overdue_invoice,2026-08-29,INV_001005,B2B_0047,18012.06,INR,2026-05-19,2026-06-18,72,overdue,False,7,0,1
INV_EVT_01006,overdue_invoice,2026-08-29,INV_001006,B2B_0247,31903.66,INR,2026-04-10,2026-04-25,126,overdue,False,9,2,3
INV_EVT_01007,overdue_invoice,2026-08-29,INV_001007,B2B_0156,212184.82,INR,2026-06-06,2026-06-21,69,overdue,False,6,0,1
INV_EVT_01008,overdue_invoice,2026-08-29,INV_001008,B2B_0295,81968.52,INR,2026-05-11,2026-05-26,95,overdue,False,11,1,2
INV_EVT_01009,overdue_invoice,2026-08-29,INV_001009,B2B_0295,109951.71,INR,2026-07-15,2026-08-14,15,overdue,False,11,1,0
INV_EVT_01010,overdue_invoice,2026-08-29,INV_001010,B2B_0070,285797.83,INR,2026-04-16,2026-05-16,105,overdue,False,5,4,3
INV_EVT_01011,overdue_invoice,2026-08-29,INV_001011,B2B_0264,18423.88,INR,2026-05-06,2026-06-05,85,overdue,False,5,4,2
INV_EVT_01012,overdue_invoice,2026-08-29,INV_001012,B2B_0132,10000.0,INR,2026-06-13,2026-07-13,47,overdue,False,11,5,0
INV_EVT_01013,overdue_invoice,2026-08-29,INV_001013,B2B_0057,306578.87,INR,2026-06-27,2026-07-12,48,overdue,False,10,0,2
INV_EVT_01014,overdue_invoice,2026-08-29,INV_001014,B2B_0216,24836.25,INR,2026-06-11,2026-07-11,49,overdue,False,4,1,3
INV_EVT_01015,overdue_invoice,2026-08-29,INV_001015,B2B_0175,79143.21,INR,2026-06-05,2026-07-05,55,overdue,False,6,1,1
INV_EVT_01016,overdue_invoice,2026-08-29,INV_001016,B2B_0292,20182.22,INR,2026-04-07,2026-05-07,114,overdue,False,12,2,1
INV_EVT_01017,overdue_invoice,2026-08-29,INV_001017,B2B_0080,10000.0,INR,2026-05-11,2026-06-10,80,overdue,False,8,0,0
INV_EVT_01018,overdue_invoice,2026-08-29,INV_001018,B2B_0037,69483.06,INR,2026-06-12,2026-07-12,48,overdue,False,6,1,1
INV_EVT_01019,overdue_invoice,2026-08-29,INV_001019,B2B_0058,107139.61,INR,2026-06-13,2026-07-28,32,overdue,False,10,4,2
INV_EVT_01020,overdue_invoice,2026-08-29,INV_001020,B2B_0240,38134.66,INR,2026-05-31,2026-06-30,60,overdue,False,4,1,2
INV_EVT_01021,overdue_invoice,2026-08-29,INV_001021,B2B_0261,10000.0,INR,2026-04-22,2026-05-22,99,overdue,False,3,2,1
INV_EVT_01022,overdue_invoice,2026-08-29,INV_001022,B2B_0259,94086.9,INR,2026-06-13,2026-07-13,47,overdue,False,3,1,3
INV_EVT_01023,overdue_invoice,2026-08-29,INV_001023,B2B_0066,335971.19,INR,2026-05-11,2026-05-26,95,overdue,False,9,2,1
INV_EVT_01024,overdue_invoice,2026-08-29,INV_001024,B2B_0037,18423.45,INR,2026-06-25,2026-07-10,50,overdue,False,6,1,3
INV_EVT_01025,overdue_invoice,2026-08-29,INV_001025,B2B_0004,135370.82,INR,2026-07-14,2026-08-13,16,overdue,False,12,1,3
INV_EVT_01026,overdue_invoice,2026-08-29,INV_001026,B2B_0244,91652.74,INR,2026-06-02,2026-07-17,43,overdue,False,9,2,1
INV_EVT_01027,overdue_invoice,2026-08-29,INV_001027,B2B_0004,16711.01,INR,2026-06-30,2026-07-30,30,overdue,False,12,1,2
INV_EVT_01028,overdue_invoice,2026-08-29,INV_001028,B2B_0109,164715.33,INR,2026-04-29,2026-05-29,92,overdue,False,4,4,0
INV_EVT_01029,overdue_invoice,2026-08-29,INV_001029,B2B_0064,85112.52,INR,2026-05-13,2026-06-12,78,overdue,False,4,0,3
INV_EVT_01030,overdue_invoice,2026-08-29,INV_001030,B2B_0066,65616.58,INR,2026-05-01,2026-05-16,105,overdue,False,9,2,3
INV_EVT_01031,overdue_invoice,2026-08-29,INV_001031,B2B_0208,204116.52,INR,2026-05-19,2026-07-03,57,overdue,False,14,1,1
INV_EVT_01032,overdue_invoice,2026-08-29,INV_001032,B2B_0299,75454.59,INR,2026-07-13,2026-08-12,17,overdue,False,10,1,3
INV_EVT_01033,overdue_invoice,2026-08-29,INV_001033,B2B_0277,204668.14,INR,2026-04-18,2026-05-18,103,overdue,False,3,1,1
INV_EVT_01034,overdue_invoice,2026-08-29,INV_001034,B2B_0233,598527.77,INR,2026-06-13,2026-07-13,47,overdue,False,6,0,2
INV_EVT_01035,overdue_invoice,2026-08-29,INV_001035,B2B_0253,87609.23,INR,2026-04-26,2026-05-26,95,overdue,False,10,3,2
INV_EVT_01036,overdue_invoice,2026-08-29,INV_001036,B2B_0155,105065.2,INR,2026-04-24,2026-05-24,97,overdue,False,8,1,1
INV_EVT_01037,overdue_invoice,2026-08-29,INV_001037,B2B_0218,46852.87,INR,2026-05-29,2026-07-13,47,overdue,False,9,1,2
INV_EVT_01038,overdue_invoice,2026-08-29,INV_001038,B2B_0216,253284.12,INR,2026-04-21,2026-06-05,85,overdue,False,4,1,3
INV_EVT_01039,overdue_invoice,2026-08-29,INV_001039,B2B_0257,27822.52,INR,2026-06-10,2026-07-10,50,overdue,False,3,0,3
INV_EVT_01040,overdue_invoice,2026-08-29,INV_001040,B2B_0035,49446.89,INR,2026-06-13,2026-07-13,47,overdue,False,13,2,3
INV_EVT_01041,overdue_invoice,2026-08-29,INV_001041,B2B_0256,71303.71,INR,2026-06-28,2026-07-28,32,overdue,False,14,0,3
INV_EVT_01042,overdue_invoice,2026-08-29,INV_001042,B2B_0065,64799.18,INR,2026-04-24,2026-06-08,82,overdue,False,13,1,1
INV_EVT_01043,overdue_invoice,2026-08-29,INV_001043,B2B_0199,42384.34,INR,2026-06-12,2026-06-27,63,overdue,False,4,0,1
INV_EVT_01044,overdue_invoice,2026-08-29,INV_001044,B2B_0120,151296.19,INR,2026-05-03,2026-06-02,88,overdue,False,8,2,2
INV_EVT_01045,overdue_invoice,2026-08-29,INV_001045,B2B_0028,58496.96,INR,2026-06-10,2026-07-25,35,overdue,False,14,3,3
INV_EVT_01046,overdue_invoice,2026-08-29,INV_001046,B2B_0198,13405.55,INR,2026-06-11,2026-06-26,64,overdue,False,10,3,1
INV_EVT_01047,overdue_invoice,2026-08-29,INV_001047,B2B_0115,189745.91,INR,2026-06-30,2026-07-15,45,overdue,False,14,8,1
INV_EVT_01048,overdue_invoice,2026-08-29,INV_001048,B2B_0236,299456.67,INR,2026-05-23,2026-06-22,68,overdue,False,10,0,0
INV_EVT_01049,overdue_invoice,2026-08-29,INV_001049,B2B_0066,47984.59,INR,2026-06-01,2026-07-16,44,overdue,False,9,2,2
INV_EVT_01050,overdue_invoice,2026-08-29,INV_001050,B2B_0261,222235.35,INR,2026-06-29,2026-07-29,31,overdue,False,3,2,0
INV_EVT_01051,overdue_invoice,2026-08-29,INV_001051,B2B_0064,48944.48,INR,2026-05-10,2026-06-09,81,overdue,False,4,0,2
INV_EVT_01052,overdue_invoice,2026-08-29,INV_001052,B2B_0219,33864.3,INR,2026-07-14,2026-07-29,31,overdue,False,4,0,2
INV_EVT_01053,overdue_invoice,2026-08-29,INV_001053,B2B_0113,35871.26,INR,2026-05-31,2026-07-15,45,overdue,False,8,0,2
INV_EVT_01054,overdue_invoice,2026-08-29,INV_001054,B2B_0033,277905.43,INR,2026-06-24,2026-07-24,36,overdue,False,14,2,1
INV_EVT_01055,overdue_invoice,2026-08-29,INV_001055,B2B_0117,223980.06,INR,2026-07-06,2026-08-05,24,overdue,False,6,2,1
INV_EVT_01056,overdue_invoice,2026-08-29,INV_001056,B2B_0090,130801.25,INR,2026-05-18,2026-06-17,73,overdue,False,8,1,3
INV_EVT_01057,overdue_invoice,2026-08-29,INV_001057,B2B_0293,33385.35,INR,2026-07-17,2026-08-16,13,overdue,False,11,2,2
INV_EVT_01058,overdue_invoice,2026-08-29,INV_001058,B2B_0262,142187.34,INR,2026-04-27,2026-06-11,79,overdue,False,12,4,1
INV_EVT_01059,overdue_invoice,2026-08-29,INV_001059,B2B_0225,31457.02,INR,2026-06-17,2026-07-17,43,overdue,False,5,0,1
INV_EVT_01060,overdue_invoice,2026-08-29,INV_001060,B2B_0101,123690.66,INR,2026-04-13,2026-05-28,93,overdue,False,9,0,2
INV_EVT_01061,overdue_invoice,2026-08-29,INV_001061,B2B_0267,48474.4,INR,2026-07-03,2026-07-18,42,overdue,False,13,2,1
INV_EVT_01062,overdue_invoice,2026-08-29,INV_001062,B2B_0104,47553.27,INR,2026-04-15,2026-04-30,121,overdue,False,11,6,0
INV_EVT_01063,overdue_invoice,2026-08-29,INV_001063,B2B_0242,49363.23,INR,2026-05-02,2026-06-16,74,overdue,False,9,2,0
INV_EVT_01064,overdue_invoice,2026-08-29,INV_001064,B2B_0210,14282.38,INR,2026-07-13,2026-08-12,17,overdue,False,11,1,3
INV_EVT_01065,overdue_invoice,2026-08-29,INV_001065,B2B_0176,18411.79,INR,2026-06-14,2026-07-14,46,overdue,False,4,0,3
INV_EVT_01066,overdue_invoice,2026-08-29,INV_001066,B2B_0171,66514.19,INR,2026-04-18,2026-05-03,118,overdue,False,14,0,1
INV_EVT_01067,overdue_invoice,2026-08-29,INV_001067,B2B_0081,31746.54,INR,2026-06-22,2026-08-06,23,overdue,False,13,1,0
INV_EVT_01068,overdue_invoice,2026-08-29,INV_001068,B2B_0244,144778.7,INR,2026-07-07,2026-08-21,8,overdue,False,9,2,3
INV_EVT_01069,overdue_invoice,2026-08-29,INV_001069,B2B_0300,191956.1,INR,2026-05-05,2026-06-04,86,overdue,False,9,3,2
INV_EVT_01070,overdue_invoice,2026-08-29,INV_001070,B2B_0256,21535.0,INR,2026-07-09,2026-08-23,6,overdue,False,14,0,2
INV_EVT_01071,overdue_invoice,2026-08-29,INV_001071,B2B_0199,22452.27,INR,2026-05-19,2026-07-03,57,overdue,False,4,0,2
INV_EVT_01072,overdue_invoice,2026-08-29,INV_001072,B2B_0030,65463.8,INR,2026-06-15,2026-06-30,60,overdue,False,9,6,2
INV_EVT_01073,overdue_invoice,2026-08-29,INV_001073,B2B_0261,355271.4,INR,2026-06-12,2026-07-12,48,overdue,False,3,2,0
INV_EVT_01074,overdue_invoice,2026-08-29,INV_001074,B2B_0094,39867.95,INR,2026-06-17,2026-07-17,43,overdue,False,3,0,1
INV_EVT_01075,overdue_invoice,2026-08-29,INV_001075,B2B_0207,111330.61,INR,2026-06-24,2026-08-08,21,overdue,False,11,2,1
INV_EVT_01076,overdue_invoice,2026-08-29,INV_001076,B2B_0271,19895.87,INR,2026-04-20,2026-05-20,101,overdue,False,6,0,3
INV_EVT_01077,overdue_invoice,2026-08-29,INV_001077,B2B_0051,35996.13,INR,2026-06-28,2026-07-28,32,overdue,False,3,1,1
INV_EVT_01078,overdue_invoice,2026-08-29,INV_001078,B2B_0247,109384.41,INR,2026-06-07,2026-07-07,53,overdue,False,9,2,2
INV_EVT_01079,overdue_invoice,2026-08-29,INV_001079,B2B_0285,61066.8,INR,2026-07-15,2026-08-14,15,overdue,False,11,2,0
INV_EVT_01080,overdue_invoice,2026-08-29,INV_001080,B2B_0123,110406.87,INR,2026-06-17,2026-07-02,58,overdue,False,6,1,1
INV_EVT_01081,overdue_invoice,2026-08-29,INV_001081,B2B_0185,81664.51,INR,2026-05-25,2026-06-24,66,overdue,False,11,3,1
INV_EVT_01082,overdue_invoice,2026-08-29,INV_001082,B2B_0120,73038.88,INR,2026-05-22,2026-06-21,69,overdue,False,8,2,2
INV_EVT_01083,overdue_invoice,2026-08-29,INV_001083,B2B_0077,71745.13,INR,2026-04-21,2026-06-05,85,overdue,False,9,1,3
INV_EVT_01084,overdue_invoice,2026-08-29,INV_001084,B2B_0101,220864.72,INR,2026-04-09,2026-05-09,112,overdue,False,9,0,0
INV_EVT_01085,overdue_invoice,2026-08-29,INV_001085,B2B_0132,69912.59,INR,2026-05-13,2026-06-12,78,overdue,False,11,5,2
INV_EVT_01086,overdue_invoice,2026-08-29,INV_001086,B2B_0272,146544.82,INR,2026-06-18,2026-07-18,42,overdue,False,3,0,3
INV_EVT_01087,overdue_invoice,2026-08-29,INV_001087,B2B_0194,59417.24,INR,2026-06-09,2026-07-09,51,overdue,False,5,0,2
INV_EVT_01088,overdue_invoice,2026-08-29,INV_001088,B2B_0031,79035.69,INR,2026-04-22,2026-05-22,99,overdue,False,14,2,1
INV_EVT_01089,overdue_invoice,2026-08-29,INV_001089,B2B_0277,31096.85,INR,2026-05-21,2026-06-05,85,overdue,False,3,1,2
INV_EVT_01090,overdue_invoice,2026-08-29,INV_001090,B2B_0220,13679.89,INR,2026-05-02,2026-06-16,74,overdue,False,9,2,2
INV_EVT_01091,overdue_invoice,2026-08-29,INV_001091,B2B_0033,52104.56,INR,2026-04-10,2026-04-25,126,overdue,False,14,2,1
INV_EVT_01092,overdue_invoice,2026-08-29,INV_001092,B2B_0132,78982.95,INR,2026-05-29,2026-07-13,47,overdue,False,11,5,1
INV_EVT_01093,overdue_invoice,2026-08-29,INV_001093,B2B_0288,49782.7,INR,2026-05-03,2026-06-02,88,overdue,False,9,1,2
INV_EVT_01094,overdue_invoice,2026-08-29,INV_001094,B2B_0105,112487.35,INR,2026-04-30,2026-05-30,91,overdue,False,3,0,2
INV_EVT_01095,overdue_invoice,2026-08-29,INV_001095,B2B_0049,38398.22,INR,2026-04-22,2026-05-22,99,overdue,False,14,3,1
INV_EVT_01096,overdue_invoice,2026-08-29,INV_001096,B2B_0015,23846.14,INR,2026-05-26,2026-06-10,80,overdue,False,8,1,3
INV_EVT_01097,overdue_invoice,2026-08-29,INV_001097,B2B_0165,22328.01,INR,2026-05-24,2026-06-23,67,overdue,False,13,6,2
INV_EVT_01098,overdue_invoice,2026-08-29,INV_001098,B2B_0079,122484.75,INR,2026-05-05,2026-06-04,86,overdue,False,3,1,1
INV_EVT_01099,overdue_invoice,2026-08-29,INV_001099,B2B_0013,37343.31,INR,2026-05-31,2026-06-15,75,overdue,False,14,6,2
INV_EVT_01100,overdue_invoice,2026-08-29,INV_001100,B2B_0127,72686.57,INR,2026-06-10,2026-06-25,65,overdue,False,5,1,1
INV_EVT_01101,overdue_invoice,2026-08-29,INV_001101,B2B_0152,23282.81,INR,2026-06-22,2026-07-22,38,overdue,False,4,0,1
INV_EVT_01102,overdue_invoice,2026-08-29,INV_001102,B2B_0234,35917.91,INR,2026-05-29,2026-07-13,47,overdue,False,11,1,3
INV_EVT_01103,overdue_invoice,2026-08-29,INV_001103,B2B_0294,70406.74,INR,2026-05-25,2026-06-24,66,overdue,False,9,0,0
INV_EVT_01104,overdue_invoice,2026-08-29,INV_001104,B2B_0280,169349.17,INR,2026-06-25,2026-07-25,35,overdue,False,13,5,2
INV_EVT_01105,overdue_invoice,2026-08-29,INV_001105,B2B_0118,30327.46,INR,2026-06-05,2026-07-05,55,overdue,False,8,2,3
INV_EVT_01106,overdue_invoice,2026-08-29,INV_001106,B2B_0110,22261.38,INR,2026-06-14,2026-06-29,61,overdue,False,3,1,0
INV_EVT_01107,overdue_invoice,2026-08-29,INV_001107,B2B_0079,70226.32,INR,2026-05-03,2026-05-18,103,overdue,False,3,1,1
INV_EVT_01108,overdue_invoice,2026-08-29,INV_001108,B2B_0009,80067.6,INR,2026-04-04,2026-05-04,117,overdue,False,13,2,3
INV_EVT_01109,overdue_invoice,2026-08-29,INV_001109,B2B_0289,49975.95,INR,2026-07-04,2026-08-18,11,overdue,False,11,4,0
INV_EVT_01110,overdue_invoice,2026-08-29,INV_001110,B2B_0112,187330.29,INR,2026-05-16,2026-06-15,75,overdue,False,10,0,2
INV_EVT_01111,overdue_invoice,2026-08-29,INV_001111,B2B_0217,17845.04,INR,2026-06-28,2026-07-28,32,overdue,False,8,3,3
INV_EVT_01112,overdue_invoice,2026-08-29,INV_001112,B2B_0084,36485.46,INR,2026-05-13,2026-06-12,78,overdue,False,12,5,0
INV_EVT_01113,overdue_invoice,2026-08-29,INV_001113,B2B_0097,70494.72,INR,2026-07-01,2026-07-16,44,overdue,False,10,9,0
INV_EVT_01114,overdue_invoice,2026-08-29,INV_001114,B2B_0052,34925.76,INR,2026-06-13,2026-07-13,47,overdue,False,4,1,1
INV_EVT_01115,overdue_invoice,2026-08-29,INV_001115,B2B_0198,92063.61,INR,2026-04-07,2026-05-07,114,overdue,False,10,3,0
INV_EVT_01116,overdue_invoice,2026-08-29,INV_001116,B2B_0197,70618.42,INR,2026-05-14,2026-05-29,92,overdue,False,3,1,0
INV_EVT_01117,overdue_invoice,2026-08-29,INV_001117,B2B_0106,57610.77,INR,2026-06-17,2026-07-17,43,overdue,False,14,5,1
INV_EVT_01118,overdue_invoice,2026-08-29,INV_001118,B2B_0087,483897.25,INR,2026-06-20,2026-07-20,40,overdue,False,4,1,1
INV_EVT_01119,overdue_invoice,2026-08-29,INV_001119,B2B_0118,31804.46,INR,2026-05-30,2026-06-14,76,overdue,False,8,2,3
INV_EVT_01120,overdue_invoice,2026-08-29,INV_001120,B2B_0254,56984.36,INR,2026-06-08,2026-07-23,37,overdue,False,6,3,3
INV_EVT_01121,overdue_invoice,2026-08-29,INV_001121,B2B_0113,103995.18,INR,2026-04-10,2026-05-10,111,overdue,False,8,0,0
INV_EVT_01122,overdue_invoice,2026-08-29,INV_001122,B2B_0135,38506.97,INR,2026-04-06,2026-05-06,115,overdue,False,12,3,1
INV_EVT_01123,overdue_invoice,2026-08-29,INV_001123,B2B_0300,78352.67,INR,2026-06-27,2026-07-27,33,overdue,False,9,3,0
INV_EVT_01124,overdue_invoice,2026-08-29,INV_001124,B2B_0139,139291.41,INR,2026-04-28,2026-05-13,108,overdue,False,12,1,1
INV_EVT_01125,overdue_invoice,2026-08-29,INV_001125,B2B_0125,83604.59,INR,2026-04-24,2026-05-24,97,overdue,False,7,2,1
INV_EVT_01126,overdue_invoice,2026-08-29,INV_001126,B2B_0022,127374.04,INR,2026-06-02,2026-07-02,58,overdue,False,10,1,2
INV_EVT_01127,overdue_invoice,2026-08-29,INV_001127,B2B_0131,52082.09,INR,2026-06-18,2026-07-18,42,overdue,False,4,0,0
INV_EVT_01128,overdue_invoice,2026-08-29,INV_001128,B2B_0035,57056.82,INR,2026-05-20,2026-06-19,71,overdue,False,13,2,3
INV_EVT_01129,overdue_invoice,2026-08-29,INV_001129,B2B_0003,327635.31,INR,2026-07-12,2026-08-11,18,overdue,False,12,4,2
INV_EVT_01130,overdue_invoice,2026-08-29,INV_001130,B2B_0171,102800.86,INR,2026-06-15,2026-07-15,45,overdue,False,14,0,0
INV_EVT_01131,overdue_invoice,2026-08-29,INV_001131,B2B_0156,152564.37,INR,2026-05-10,2026-06-24,66,overdue,False,6,0,1
INV_EVT_01132,overdue_invoice,2026-08-29,INV_001132,B2B_0094,41765.09,INR,2026-05-05,2026-06-04,86,overdue,False,3,0,3
INV_EVT_01133,overdue_invoice,2026-08-29,INV_001133,B2B_0008,59149.56,INR,2026-07-17,2026-08-16,13,overdue,False,12,0,1
INV_EVT_01134,overdue_invoice,2026-08-29,INV_001134,B2B_0088,178894.45,INR,2026-06-17,2026-07-17,43,overdue,False,6,0,2
INV_EVT_01135,overdue_invoice,2026-08-29,INV_001135,B2B_0233,75902.86,INR,2026-07-07,2026-08-06,23,overdue,False,6,0,3
INV_EVT_01136,overdue_invoice,2026-08-29,INV_001136,B2B_0209,26098.68,INR,2026-04-20,2026-05-20,101,overdue,False,8,6,0
INV_EVT_01137,overdue_invoice,2026-08-29,INV_001137,B2B_0051,34352.18,INR,2026-06-04,2026-07-04,56,overdue,False,3,1,3
INV_EVT_01138,overdue_invoice,2026-08-29,INV_001138,B2B_0134,66866.06,INR,2026-04-09,2026-05-24,97,overdue,False,6,1,3
INV_EVT_01139,overdue_invoice,2026-08-29,INV_001139,B2B_0207,247883.63,INR,2026-05-28,2026-06-27,63,overdue,False,11,2,1
INV_EVT_01140,overdue_invoice,2026-08-29,INV_001140,B2B_0053,108305.33,INR,2026-05-08,2026-06-22,68,overdue,False,5,1,1
INV_EVT_01141,overdue_invoice,2026-08-29,INV_001141,B2B_0268,38403.02,INR,2026-06-11,2026-07-11,49,overdue,False,3,1,2
INV_EVT_01142,overdue_invoice,2026-08-29,INV_001142,B2B_0007,69772.45,INR,2026-06-26,2026-07-26,34,overdue,False,10,1,3
INV_EVT_01143,overdue_invoice,2026-08-29,INV_001143,B2B_0229,74571.9,INR,2026-04-05,2026-05-05,116,overdue,False,4,2,1
INV_EVT_01144,overdue_invoice,2026-08-29,INV_001144,B2B_0050,18575.4,INR,2026-06-02,2026-07-17,43,overdue,False,10,0,1
INV_EVT_01145,overdue_invoice,2026-08-29,INV_001145,B2B_0081,69050.38,INR,2026-07-05,2026-08-19,10,overdue,False,13,1,3
INV_EVT_01146,overdue_invoice,2026-08-29,INV_001146,B2B_0292,53602.12,INR,2026-06-17,2026-07-17,43,overdue,False,12,2,3
INV_EVT_01147,overdue_invoice,2026-08-29,INV_001147,B2B_0122,62898.29,INR,2026-07-11,2026-07-26,34,overdue,False,11,1,2
INV_EVT_01148,overdue_invoice,2026-08-29,INV_001148,B2B_0164,34684.9,INR,2026-06-09,2026-06-24,66,overdue,False,10,1,1
INV_EVT_01149,overdue_invoice,2026-08-29,INV_001149,B2B_0214,95845.08,INR,2026-06-25,2026-07-10,50,overdue,False,11,7,1
INV_EVT_01150,overdue_invoice,2026-08-29,INV_001150,B2B_0225,51031.98,INR,2026-06-30,2026-07-30,30,overdue,False,5,0,3
INV_EVT_01151,overdue_invoice,2026-08-29,INV_001151,B2B_0006,38269.23,INR,2026-05-19,2026-06-03,87,overdue,False,14,4,2
INV_EVT_01152,overdue_invoice,2026-08-29,INV_001152,B2B_0250,312995.53,INR,2026-05-15,2026-06-14,76,overdue,False,11,2,3
INV_EVT_01153,overdue_invoice,2026-08-29,INV_001153,B2B_0160,52676.12,INR,2026-04-08,2026-05-08,113,overdue,False,11,2,3
INV_EVT_01154,overdue_invoice,2026-08-29,INV_001154,B2B_0001,23834.57,INR,2026-06-13,2026-06-28,62,overdue,False,13,2,1
INV_EVT_01155,overdue_invoice,2026-08-29,INV_001155,B2B_0039,188776.19,INR,2026-06-30,2026-07-30,30,overdue,False,3,1,0
INV_EVT_01156,overdue_invoice,2026-08-29,INV_001156,B2B_0224,219965.08,INR,2026-06-30,2026-08-14,15,overdue,False,13,2,1
INV_EVT_01157,overdue_invoice,2026-08-29,INV_001157,B2B_0016,32835.8,INR,2026-06-20,2026-07-05,55,overdue,False,14,6,2
INV_EVT_01158,overdue_invoice,2026-08-29,INV_001158,B2B_0149,50233.76,INR,2026-04-10,2026-04-25,126,overdue,False,13,1,3
INV_EVT_01159,overdue_invoice,2026-08-29,INV_001159,B2B_0234,61526.9,INR,2026-05-24,2026-06-23,67,overdue,False,11,1,1
INV_EVT_01160,overdue_invoice,2026-08-29,INV_001160,B2B_0096,51410.92,INR,2026-07-14,2026-07-29,31,overdue,False,7,1,3
INV_EVT_01161,overdue_invoice,2026-08-29,INV_001161,B2B_0163,23410.24,INR,2026-06-06,2026-07-06,54,overdue,False,7,1,1
INV_EVT_01162,overdue_invoice,2026-08-29,INV_001162,B2B_0288,29863.3,INR,2026-04-04,2026-05-04,117,overdue,False,9,1,3
INV_EVT_01163,overdue_invoice,2026-08-29,INV_001163,B2B_0056,391952.04,INR,2026-06-01,2026-06-16,74,overdue,False,10,1,1
INV_EVT_01164,overdue_invoice,2026-08-29,INV_001164,B2B_0299,43439.62,INR,2026-07-07,2026-08-06,23,overdue,False,10,1,1
INV_EVT_01165,overdue_invoice,2026-08-29,INV_001165,B2B_0126,46193.7,INR,2026-07-03,2026-08-02,27,overdue,False,5,3,2
INV_EVT_01166,overdue_invoice,2026-08-29,INV_001166,B2B_0125,131195.02,INR,2026-06-01,2026-07-01,59,overdue,False,7,2,3
INV_EVT_01167,overdue_invoice,2026-08-29,INV_001167,B2B_0199,48086.07,INR,2026-06-13,2026-07-28,32,overdue,False,4,0,1
INV_EVT_01168,overdue_invoice,2026-08-29,INV_001168,B2B_0234,41281.06,INR,2026-05-27,2026-06-11,79,overdue,False,11,1,2
INV_EVT_01169,overdue_invoice,2026-08-29,INV_001169,B2B_0039,30519.28,INR,2026-05-12,2026-06-26,64,overdue,False,3,1,2
INV_EVT_01170,overdue_invoice,2026-08-29,INV_001170,B2B_0086,107896.78,INR,2026-05-01,2026-05-31,90,overdue,False,5,0,3
INV_EVT_01171,overdue_invoice,2026-08-29,INV_001171,B2B_0011,82932.54,INR,2026-05-11,2026-05-26,95,overdue,False,14,1,2
INV_EVT_01172,overdue_invoice,2026-08-29,INV_001172,B2B_0299,172599.19,INR,2026-04-12,2026-05-27,94,overdue,False,10,1,1
INV_EVT_01173,overdue_invoice,2026-08-29,INV_001173,B2B_0059,50052.46,INR,2026-06-23,2026-07-23,37,overdue,False,5,0,0
INV_EVT_01174,overdue_invoice,2026-08-29,INV_001174,B2B_0007,199551.21,INR,2026-06-07,2026-07-07,53,overdue,False,10,1,1
INV_EVT_01175,overdue_invoice,2026-08-29,INV_001175,B2B_0139,79511.16,INR,2026-06-30,2026-08-14,15,overdue,False,12,1,0
INV_EVT_01176,overdue_invoice,2026-08-29,INV_001176,B2B_0216,46064.6,INR,2026-05-04,2026-06-03,87,overdue,False,4,1,3
INV_EVT_01177,overdue_invoice,2026-08-29,INV_001177,B2B_0226,101551.47,INR,2026-06-22,2026-07-22,38,overdue,False,13,3,1
INV_EVT_01178,overdue_invoice,2026-08-29,INV_001178,B2B_0171,93014.08,INR,2026-07-15,2026-08-14,15,overdue,False,14,0,2
INV_EVT_01179,overdue_invoice,2026-08-29,INV_001179,B2B_0005,87872.61,INR,2026-04-23,2026-05-23,98,overdue,False,4,2,1
INV_EVT_01180,overdue_invoice,2026-08-29,INV_001180,B2B_0127,38549.66,INR,2026-07-15,2026-08-14,15,overdue,False,5,1,3
INV_EVT_01181,overdue_invoice,2026-08-29,INV_001181,B2B_0007,65053.91,INR,2026-06-23,2026-08-07,22,overdue,False,10,1,2
INV_EVT_01182,overdue_invoice,2026-08-29,INV_001182,B2B_0228,60276.78,INR,2026-06-12,2026-07-27,33,overdue,False,8,3,0
INV_EVT_01183,overdue_invoice,2026-08-29,INV_001183,B2B_0102,126653.28,INR,2026-05-27,2026-06-11,79,overdue,False,14,8,3
INV_EVT_01184,overdue_invoice,2026-08-29,INV_001184,B2B_0014,197022.89,INR,2026-06-07,2026-07-07,53,overdue,False,5,0,1
INV_EVT_01185,overdue_invoice,2026-08-29,INV_001185,B2B_0226,137203.86,INR,2026-07-15,2026-08-14,15,overdue,False,13,3,0
INV_EVT_01186,overdue_invoice,2026-08-29,INV_001186,B2B_0278,128263.94,INR,2026-06-07,2026-07-07,53,overdue,False,3,1,0
INV_EVT_01187,overdue_invoice,2026-08-29,INV_001187,B2B_0128,170745.62,INR,2026-04-16,2026-05-01,120,overdue,False,5,0,2
INV_EVT_01188,overdue_invoice,2026-08-29,INV_001188,B2B_0020,189292.56,INR,2026-06-03,2026-06-18,72,overdue,False,8,2,1
INV_EVT_01189,overdue_invoice,2026-08-29,INV_001189,B2B_0065,51751.5,INR,2026-06-16,2026-07-31,29,overdue,False,13,1,2
INV_EVT_01190,overdue_invoice,2026-08-29,INV_001190,B2B_0130,27814.84,INR,2026-05-13,2026-06-12,78,overdue,False,13,4,2
INV_EVT_01191,overdue_invoice,2026-08-29,INV_001191,B2B_0292,80352.41,INR,2026-04-25,2026-05-10,111,overdue,False,12,2,0
INV_EVT_01192,overdue_invoice,2026-08-29,INV_001192,B2B_0053,236496.58,INR,2026-06-25,2026-07-25,35,overdue,False,5,1,3
INV_EVT_01193,overdue_invoice,2026-08-29,INV_001193,B2B_0221,25936.68,INR,2026-05-03,2026-06-02,88,overdue,False,3,0,3
INV_EVT_01194,overdue_invoice,2026-08-29,INV_001194,B2B_0270,32869.6,INR,2026-06-08,2026-07-23,37,overdue,False,14,2,1
INV_EVT_01195,overdue_invoice,2026-08-29,INV_001195,B2B_0293,74329.22,INR,2026-07-02,2026-08-01,28,overdue,False,11,2,2
INV_EVT_01196,overdue_invoice,2026-08-29,INV_001196,B2B_0202,45436.77,INR,2026-06-13,2026-07-13,47,overdue,False,13,0,2
INV_EVT_01197,overdue_invoice,2026-08-29,INV_001197,B2B_0154,156684.29,INR,2026-05-25,2026-06-09,81,overdue,False,3,0,2
INV_EVT_01198,overdue_invoice,2026-08-29,INV_001198,B2B_0154,75405.16,INR,2026-04-04,2026-04-19,132,overdue,False,3,0,0
INV_EVT_01199,overdue_invoice,2026-08-29,INV_001199,B2B_0225,138914.7,INR,2026-04-21,2026-05-06,115,overdue,False,5,0,2
INV_EVT_01200,overdue_invoice,2026-08-29,INV_001200,B2B_0281,90030.56,INR,2026-06-30,2026-07-30,30,overdue,False,6,1,0
INV_EVT_01201,overdue_invoice,2026-08-29,INV_001201,B2B_0127,98064.64,INR,2026-05-31,2026-06-30,60,overdue,False,5,1,3
INV_EVT_01202,overdue_invoice,2026-08-29,INV_001202,B2B_0054,27635.03,INR,2026-07-12,2026-08-11,18,overdue,False,14,3,0
INV_EVT_01203,overdue_invoice,2026-08-29,INV_001203,B2B_0028,42288.83,INR,2026-05-27,2026-06-11,79,overdue,False,14,3,2
INV_EVT_01204,overdue_invoice,2026-08-29,INV_001204,B2B_0175,14731.57,INR,2026-06-28,2026-07-28,32,overdue,False,6,1,3
INV_EVT_01205,overdue_invoice,2026-08-29,INV_001205,B2B_0237,38286.5,INR,2026-07-07,2026-08-06,23,overdue,False,4,2,3
INV_EVT_01206,overdue_invoice,2026-08-29,INV_001206,B2B_0118,45761.01,INR,2026-05-02,2026-06-01,89,overdue,False,8,2,2
INV_EVT_01207,overdue_invoice,2026-08-29,INV_001207,B2B_0063,93299.65,INR,2026-04-11,2026-05-11,110,overdue,False,4,1,1
INV_EVT_01208,overdue_invoice,2026-08-29,INV_001208,B2B_0010,28248.82,INR,2026-06-30,2026-07-30,30,overdue,False,9,0,1
INV_EVT_01209,overdue_invoice,2026-08-29,INV_001209,B2B_0299,293817.92,INR,2026-04-21,2026-06-05,85,overdue,False,10,1,3
INV_EVT_01210,overdue_invoice,2026-08-29,INV_001210,B2B_0287,188287.88,INR,2026-05-17,2026-06-16,74,overdue,False,4,2,3
INV_EVT_01211,overdue_invoice,2026-08-29,INV_001211,B2B_0052,31458.38,INR,2026-05-29,2026-06-28,62,overdue,False,4,1,2
INV_EVT_01212,overdue_invoice,2026-08-29,INV_001212,B2B_0292,16304.42,INR,2026-05-07,2026-06-21,69,overdue,False,12,2,3
INV_EVT_01213,overdue_invoice,2026-08-29,INV_001213,B2B_0064,19724.08,INR,2026-06-23,2026-07-23,37,overdue,False,4,0,1
INV_EVT_01214,overdue_invoice,2026-08-29,INV_001214,B2B_0006,90835.82,INR,2026-06-18,2026-08-02,27,overdue,False,14,4,0
INV_EVT_01215,overdue_invoice,2026-08-29,INV_001215,B2B_0220,26418.35,INR,2026-05-06,2026-06-20,70,overdue,False,9,2,3
INV_EVT_01216,overdue_invoice,2026-08-29,INV_001216,B2B_0098,56309.06,INR,2026-04-22,2026-05-22,99,overdue,False,12,0,3
INV_EVT_01217,overdue_invoice,2026-08-29,INV_001217,B2B_0182,111398.29,INR,2026-06-26,2026-08-10,19,overdue,False,14,1,2
INV_EVT_01218,overdue_invoice,2026-08-29,INV_001218,B2B_0058,97213.17,INR,2026-04-09,2026-04-24,127,overdue,False,10,4,0
INV_EVT_01219,overdue_invoice,2026-08-29,INV_001219,B2B_0073,128017.84,INR,2026-04-26,2026-05-26,95,overdue,False,8,4,2
INV_EVT_01220,overdue_invoice,2026-08-29,INV_001220,B2B_0084,25389.3,INR,2026-06-21,2026-07-21,39,overdue,False,12,5,2
INV_EVT_01221,overdue_invoice,2026-08-29,INV_001221,B2B_0295,120512.0,INR,2026-05-05,2026-06-04,86,overdue,False,11,1,0
INV_EVT_01222,overdue_invoice,2026-08-29,INV_001222,B2B_0162,123738.13,INR,2026-06-11,2026-06-26,64,overdue,False,5,0,1
INV_EVT_01223,overdue_invoice,2026-08-29,INV_001223,B2B_0119,152213.09,INR,2026-06-06,2026-07-21,39,overdue,False,12,0,1
INV_EVT_01224,overdue_invoice,2026-08-29,INV_001224,B2B_0008,137974.45,INR,2026-05-21,2026-06-05,85,overdue,False,12,0,3
INV_EVT_01225,overdue_invoice,2026-08-29,INV_001225,B2B_0221,25719.34,INR,2026-07-09,2026-07-24,36,overdue,False,3,0,0
INV_EVT_01226,overdue_invoice,2026-08-29,INV_001226,B2B_0218,10119.19,INR,2026-06-12,2026-07-12,48,overdue,False,9,1,0
INV_EVT_01227,overdue_invoice,2026-08-29,INV_001227,B2B_0128,95596.36,INR,2026-07-13,2026-08-27,2,overdue,False,5,0,1
INV_EVT_01228,overdue_invoice,2026-08-29,INV_001228,B2B_0035,256053.64,INR,2026-04-17,2026-05-17,104,overdue,False,13,2,1
INV_EVT_01229,overdue_invoice,2026-08-29,INV_001229,B2B_0288,38552.17,INR,2026-07-16,2026-08-15,14,overdue,False,9,1,1
INV_EVT_01230,overdue_invoice,2026-08-29,INV_001230,B2B_0153,38224.47,INR,2026-04-05,2026-05-05,116,overdue,False,5,1,1
INV_EVT_01231,overdue_invoice,2026-08-29,INV_001231,B2B_0147,82128.2,INR,2026-04-22,2026-06-06,84,overdue,False,9,1,2
INV_EVT_01232,overdue_invoice,2026-08-29,INV_001232,B2B_0124,169824.27,INR,2026-05-29,2026-06-13,77,overdue,False,6,0,1
INV_EVT_01233,overdue_invoice,2026-08-29,INV_001233,B2B_0023,128633.54,INR,2026-06-02,2026-07-02,58,overdue,False,3,0,2
INV_EVT_01234,overdue_invoice,2026-08-29,INV_001234,B2B_0273,27781.1,INR,2026-05-06,2026-06-05,85,overdue,False,7,2,2
INV_EVT_01235,overdue_invoice,2026-08-29,INV_001235,B2B_0200,50545.3,INR,2026-06-04,2026-07-19,41,overdue,False,12,0,1
INV_EVT_01236,overdue_invoice,2026-08-29,INV_001236,B2B_0084,45620.31,INR,2026-07-12,2026-08-11,18,overdue,False,12,5,0
INV_EVT_01237,overdue_invoice,2026-08-29,INV_001237,B2B_0013,113311.34,INR,2026-06-14,2026-06-29,61,overdue,False,14,6,0
INV_EVT_01238,overdue_invoice,2026-08-29,INV_001238,B2B_0040,131098.16,INR,2026-05-06,2026-06-20,70,overdue,False,10,1,1
INV_EVT_01239,overdue_invoice,2026-08-29,INV_001239,B2B_0124,35394.01,INR,2026-04-09,2026-05-24,97,overdue,False,6,0,3
INV_EVT_01240,overdue_invoice,2026-08-29,INV_001240,B2B_0149,37517.56,INR,2026-06-28,2026-07-13,47,overdue,False,13,1,3
INV_EVT_01241,overdue_invoice,2026-08-29,INV_001241,B2B_0111,90311.54,INR,2026-04-10,2026-04-25,126,overdue,False,9,0,0
INV_EVT_01242,overdue_invoice,2026-08-29,INV_001242,B2B_0121,60281.25,INR,2026-06-04,2026-06-19,71,overdue,False,14,0,3
INV_EVT_01243,overdue_invoice,2026-08-29,INV_001243,B2B_0092,38799.13,INR,2026-07-12,2026-08-11,18,overdue,False,6,2,1
INV_EVT_01244,overdue_invoice,2026-08-29,INV_001244,B2B_0181,50027.57,INR,2026-04-04,2026-04-19,132,overdue,False,7,0,1
INV_EVT_01245,overdue_invoice,2026-08-29,INV_001245,B2B_0228,116377.21,INR,2026-04-20,2026-06-04,86,overdue,False,8,3,0
INV_EVT_01246,overdue_invoice,2026-08-29,INV_001246,B2B_0078,54209.23,INR,2026-06-27,2026-07-27,33,overdue,False,4,1,0
INV_EVT_01247,overdue_invoice,2026-08-29,INV_001247,B2B_0094,65255.97,INR,2026-06-29,2026-07-29,31,overdue,False,3,0,0
INV_EVT_01248,overdue_invoice,2026-08-29,INV_001248,B2B_0242,38680.29,INR,2026-04-23,2026-05-23,98,overdue,False,9,2,1
INV_EVT_01249,overdue_invoice,2026-08-29,INV_001249,B2B_0150,115698.99,INR,2026-05-21,2026-07-05,55,overdue,False,7,3,3
INV_EVT_01250,overdue_invoice,2026-08-29,INV_001250,B2B_0056,47499.9,INR,2026-07-11,2026-08-25,4,overdue,False,10,1,3
INV_EVT_01251,overdue_invoice,2026-08-29,INV_001251,B2B_0203,88778.66,INR,2026-04-21,2026-05-21,100,overdue,False,12,0,2
INV_EVT_01252,overdue_invoice,2026-08-29,INV_001252,B2B_0010,82417.12,INR,2026-04-20,2026-05-05,116,overdue,False,9,0,2
INV_EVT_01253,overdue_invoice,2026-08-29,INV_001253,B2B_0056,52731.17,INR,2026-06-05,2026-07-05,55,overdue,False,10,1,1
INV_EVT_01254,overdue_invoice,2026-08-29,INV_001254,B2B_0293,36892.23,INR,2026-07-08,2026-08-07,22,overdue,False,11,2,1
INV_EVT_01255,overdue_invoice,2026-08-29,INV_001255,B2B_0094,67658.86,INR,2026-06-14,2026-07-14,46,overdue,False,3,0,1
INV_EVT_01256,overdue_invoice,2026-08-29,INV_001256,B2B_0110,56286.11,INR,2026-07-16,2026-07-31,29,overdue,False,3,1,2
INV_EVT_01257,overdue_invoice,2026-08-29,INV_001257,B2B_0171,161890.2,INR,2026-07-14,2026-07-29,31,overdue,False,14,0,2
INV_EVT_01258,overdue_invoice,2026-08-29,INV_001258,B2B_0114,36549.4,INR,2026-07-08,2026-08-07,22,overdue,False,12,3,2
INV_EVT_01259,overdue_invoice,2026-08-29,INV_001259,B2B_0199,132044.56,INR,2026-07-10,2026-07-25,35,overdue,False,4,0,1
INV_EVT_01260,overdue_invoice,2026-08-29,INV_001260,B2B_0250,189463.24,INR,2026-05-03,2026-06-02,88,overdue,False,11,2,0
INV_EVT_01261,overdue_invoice,2026-08-29,INV_001261,B2B_0140,122154.57,INR,2026-05-13,2026-06-12,78,overdue,False,9,1,2
INV_EVT_01262,overdue_invoice,2026-08-29,INV_001262,B2B_0015,131042.5,INR,2026-06-10,2026-06-25,65,overdue,False,8,1,2
INV_EVT_01263,overdue_invoice,2026-08-29,INV_001263,B2B_0025,59135.31,INR,2026-05-02,2026-06-01,89,overdue,False,13,0,3
INV_EVT_01264,overdue_invoice,2026-08-29,INV_001264,B2B_0199,104135.33,INR,2026-07-01,2026-07-31,29,overdue,False,4,0,3
INV_EVT_01265,overdue_invoice,2026-08-29,INV_001265,B2B_0180,104943.98,INR,2026-04-22,2026-06-06,84,overdue,False,5,1,2
INV_EVT_01266,overdue_invoice,2026-08-29,INV_001266,B2B_0252,20102.51,INR,2026-04-30,2026-05-30,91,overdue,False,11,5,2
INV_EVT_01267,overdue_invoice,2026-08-29,INV_001267,B2B_0184,56305.11,INR,2026-05-11,2026-06-25,65,overdue,False,4,0,0
INV_EVT_01268,overdue_invoice,2026-08-29,INV_001268,B2B_0299,27826.22,INR,2026-05-09,2026-06-08,82,overdue,False,10,1,2
INV_EVT_01269,overdue_invoice,2026-08-29,INV_001269,B2B_0124,16510.84,INR,2026-04-04,2026-05-04,117,overdue,False,6,0,0
INV_EVT_01270,overdue_invoice,2026-08-29,INV_001270,B2B_0128,72068.5,INR,2026-07-08,2026-08-07,22,overdue,False,5,0,1
INV_EVT_01271,overdue_invoice,2026-08-29,INV_001271,B2B_0267,104358.72,INR,2026-04-27,2026-05-27,94,overdue,False,13,2,0
INV_EVT_01272,overdue_invoice,2026-08-29,INV_001272,B2B_0048,43240.49,INR,2026-05-18,2026-06-17,73,overdue,False,3,0,3
INV_EVT_01273,overdue_invoice,2026-08-29,INV_001273,B2B_0033,111436.72,INR,2026-05-27,2026-06-11,79,overdue,False,14,2,2
INV_EVT_01274,overdue_invoice,2026-08-29,INV_001274,B2B_0037,116486.55,INR,2026-05-29,2026-06-28,62,overdue,False,6,1,1
INV_EVT_01275,overdue_invoice,2026-08-29,INV_001275,B2B_0264,79810.2,INR,2026-04-19,2026-06-03,87,overdue,False,5,4,3
INV_EVT_01276,overdue_invoice,2026-08-29,INV_001276,B2B_0089,49822.9,INR,2026-04-16,2026-05-16,105,overdue,False,4,1,1
INV_EVT_01277,overdue_invoice,2026-08-29,INV_001277,B2B_0089,126966.5,INR,2026-06-26,2026-07-26,34,overdue,False,4,1,1
INV_EVT_01278,overdue_invoice,2026-08-29,INV_001278,B2B_0193,304164.25,INR,2026-04-17,2026-05-02,119,overdue,False,4,0,2
INV_EVT_01279,overdue_invoice,2026-08-29,INV_001279,B2B_0111,14429.87,INR,2026-04-19,2026-05-19,102,overdue,False,9,0,1
INV_EVT_01280,overdue_invoice,2026-08-29,INV_001280,B2B_0010,133329.75,INR,2026-06-03,2026-07-18,42,overdue,False,9,0,0
INV_EVT_01281,overdue_invoice,2026-08-29,INV_001281,B2B_0245,29558.25,INR,2026-06-20,2026-07-20,40,overdue,False,5,1,2
INV_EVT_01282,overdue_invoice,2026-08-29,INV_001282,B2B_0159,146628.65,INR,2026-05-20,2026-06-19,71,overdue,False,6,1,3
INV_EVT_01283,overdue_invoice,2026-08-29,INV_001283,B2B_0298,165280.71,INR,2026-04-19,2026-05-04,117,overdue,False,12,1,1
INV_EVT_01284,overdue_invoice,2026-08-29,INV_001284,B2B_0216,54025.62,INR,2026-06-05,2026-07-05,55,overdue,False,4,1,1
INV_EVT_01285,overdue_invoice,2026-08-29,INV_001285,B2B_0251,52916.66,INR,2026-04-28,2026-05-28,93,overdue,False,7,1,0
INV_EVT_01286,overdue_invoice,2026-08-29,INV_001286,B2B_0046,73708.09,INR,2026-06-25,2026-07-25,35,overdue,False,10,0,3
INV_EVT_01287,overdue_invoice,2026-08-29,INV_001287,B2B_0189,82446.26,INR,2026-04-15,2026-05-15,106,overdue,False,13,1,0
INV_EVT_01288,overdue_invoice,2026-08-29,INV_001288,B2B_0145,63756.64,INR,2026-05-03,2026-06-02,88,overdue,False,9,1,2
INV_EVT_01289,overdue_invoice,2026-08-29,INV_001289,B2B_0153,186415.54,INR,2026-05-31,2026-06-15,75,overdue,False,5,1,1
INV_EVT_01290,overdue_invoice,2026-08-29,INV_001290,B2B_0055,21382.2,INR,2026-05-07,2026-06-21,69,overdue,False,8,4,0
INV_EVT_01291,overdue_invoice,2026-08-29,INV_001291,B2B_0188,50153.13,INR,2026-06-23,2026-07-23,37,overdue,False,4,0,3
INV_EVT_01292,overdue_invoice,2026-08-29,INV_001292,B2B_0285,126213.5,INR,2026-07-08,2026-07-23,37,overdue,False,11,2,0
INV_EVT_01293,overdue_invoice,2026-08-29,INV_001293,B2B_0262,59583.71,INR,2026-07-17,2026-08-16,13,overdue,False,12,4,0
INV_EVT_01294,overdue_invoice,2026-08-29,INV_001294,B2B_0098,61466.81,INR,2026-04-23,2026-05-23,98,overdue,False,12,0,1
INV_EVT_01295,overdue_invoice,2026-08-29,INV_001295,B2B_0136,58899.33,INR,2026-05-04,2026-06-03,87,overdue,False,7,5,0
INV_EVT_01296,overdue_invoice,2026-08-29,INV_001296,B2B_0206,160529.84,INR,2026-04-13,2026-05-28,93,overdue,False,7,0,2
INV_EVT_01297,overdue_invoice,2026-08-29,INV_001297,B2B_0294,130690.62,INR,2026-04-06,2026-04-21,130,overdue,False,9,0,3
INV_EVT_01298,overdue_invoice,2026-08-29,INV_001298,B2B_0240,25961.94,INR,2026-06-04,2026-07-19,41,overdue,False,4,1,0
INV_EVT_01299,overdue_invoice,2026-08-29,INV_001299,B2B_0272,30171.31,INR,2026-06-27,2026-07-12,48,overdue,False,3,0,2
INV_EVT_01300,overdue_invoice,2026-08-29,INV_001300,B2B_0023,53818.17,INR,2026-06-14,2026-07-14,46,overdue,False,3,0,2
INV_EVT_01301,overdue_invoice,2026-08-29,INV_001301,B2B_0119,67156.16,INR,2026-06-25,2026-07-25,35,overdue,False,12,0,0
INV_EVT_01302,overdue_invoice,2026-08-29,INV_001302,B2B_0162,154893.02,INR,2026-06-25,2026-07-25,35,overdue,False,5,0,1
INV_EVT_01303,overdue_invoice,2026-08-29,INV_001303,B2B_0119,68289.71,INR,2026-04-05,2026-05-05,116,overdue,False,12,0,2
INV_EVT_01304,overdue_invoice,2026-08-29,INV_001304,B2B_0041,215896.15,INR,2026-04-26,2026-06-10,80,overdue,False,11,1,1
INV_EVT_01305,overdue_invoice,2026-08-29,INV_001305,B2B_0082,333506.95,INR,2026-06-07,2026-06-22,68,overdue,False,12,5,0
INV_EVT_01306,overdue_invoice,2026-08-29,INV_001306,B2B_0021,37458.14,INR,2026-06-27,2026-07-27,33,overdue,False,8,1,2
INV_EVT_01307,overdue_invoice,2026-08-29,INV_001307,B2B_0240,86043.69,INR,2026-04-26,2026-05-11,110,overdue,False,4,1,3
INV_EVT_01308,overdue_invoice,2026-08-29,INV_001308,B2B_0068,171352.65,INR,2026-04-19,2026-05-04,117,overdue,False,3,0,1
INV_EVT_01309,overdue_invoice,2026-08-29,INV_001309,B2B_0187,90646.22,INR,2026-04-18,2026-05-03,118,overdue,False,13,2,0
INV_EVT_01310,overdue_invoice,2026-08-29,INV_001310,B2B_0170,99112.66,INR,2026-06-12,2026-07-12,48,overdue,False,3,0,2
INV_EVT_01311,overdue_invoice,2026-08-29,INV_001311,B2B_0122,52237.6,INR,2026-06-17,2026-07-02,58,overdue,False,11,1,3
INV_EVT_01312,overdue_invoice,2026-08-29,INV_001312,B2B_0269,48452.15,INR,2026-06-27,2026-07-27,33,overdue,False,13,5,3
INV_EVT_01313,overdue_invoice,2026-08-29,INV_001313,B2B_0295,88805.0,INR,2026-06-22,2026-07-22,38,overdue,False,11,1,3
INV_EVT_01314,overdue_invoice,2026-08-29,INV_001314,B2B_0148,167309.83,INR,2026-04-04,2026-05-04,117,overdue,False,7,2,0
INV_EVT_01315,overdue_invoice,2026-08-29,INV_001315,B2B_0196,32560.97,INR,2026-06-16,2026-07-16,44,overdue,False,14,2,1
INV_EVT_01316,overdue_invoice,2026-08-29,INV_001316,B2B_0250,67363.45,INR,2026-04-18,2026-05-03,118,overdue,False,11,2,2
INV_EVT_01317,overdue_invoice,2026-08-29,INV_001317,B2B_0114,319091.92,INR,2026-06-24,2026-07-24,36,overdue,False,12,3,0
INV_EVT_01318,overdue_invoice,2026-08-29,INV_001318,B2B_0136,64661.73,INR,2026-06-11,2026-07-26,34,overdue,False,7,5,0
INV_EVT_01319,overdue_invoice,2026-08-29,INV_001319,B2B_0231,86438.01,INR,2026-06-05,2026-07-05,55,overdue,False,9,0,2
INV_EVT_01320,overdue_invoice,2026-08-29,INV_001320,B2B_0025,143471.07,INR,2026-06-24,2026-07-24,36,overdue,False,13,0,0
INV_EVT_01321,overdue_invoice,2026-08-29,INV_001321,B2B_0272,119709.06,INR,2026-06-01,2026-06-16,74,overdue,False,3,0,3
INV_EVT_01322,overdue_invoice,2026-08-29,INV_001322,B2B_0070,66793.35,INR,2026-05-07,2026-05-22,99,overdue,False,5,4,1
INV_EVT_01323,overdue_invoice,2026-08-29,INV_001323,B2B_0047,63605.18,INR,2026-05-19,2026-06-18,72,overdue,False,7,0,0
INV_EVT_01324,overdue_invoice,2026-08-29,INV_001324,B2B_0177,256652.07,INR,2026-05-15,2026-06-14,76,overdue,False,8,2,1
INV_EVT_01325,overdue_invoice,2026-08-29,INV_001325,B2B_0161,35592.74,INR,2026-05-04,2026-06-03,87,overdue,False,13,0,2
INV_EVT_01326,overdue_invoice,2026-08-29,INV_001326,B2B_0050,25658.33,INR,2026-04-21,2026-06-05,85,overdue,False,10,0,1
INV_EVT_01327,overdue_invoice,2026-08-29,INV_001327,B2B_0281,184721.98,INR,2026-04-07,2026-05-22,99,overdue,False,6,1,1
INV_EVT_01328,overdue_invoice,2026-08-29,INV_001328,B2B_0255,208288.48,INR,2026-05-14,2026-05-29,92,overdue,False,7,3,1
INV_EVT_01330,overdue_invoice,2026-08-29,INV_001330,B2B_0172,153888.09,INR,2026-06-05,2026-06-20,70,overdue,False,5,4,0
INV_EVT_01331,overdue_invoice,2026-08-29,INV_001331,B2B_0292,102073.14,INR,2026-06-12,2026-07-12,48,overdue,False,12,2,0
INV_EVT_01332,overdue_invoice,2026-08-29,INV_001332,B2B_0148,69988.01,INR,2026-06-03,2026-07-03,57,overdue,False,7,2,3
INV_EVT_01333,overdue_invoice,2026-08-29,INV_001333,B2B_0259,83752.56,INR,2026-06-18,2026-07-18,42,overdue,False,3,1,2
INV_EVT_01334,overdue_invoice,2026-08-29,INV_001334,B2B_0216,337369.97,INR,2026-06-15,2026-07-15,45,overdue,False,4,1,3
INV_EVT_01335,overdue_invoice,2026-08-29,INV_001335,B2B_0060,140023.28,INR,2026-05-08,2026-06-07,83,overdue,False,5,0,2
INV_EVT_01336,overdue_invoice,2026-08-29,INV_001336,B2B_0076,123920.71,INR,2026-06-24,2026-08-08,21,overdue,False,10,1,1
INV_EVT_01337,overdue_invoice,2026-08-29,INV_001337,B2B_0281,117596.89,INR,2026-05-19,2026-06-03,87,overdue,False,6,1,2
INV_EVT_01338,overdue_invoice,2026-08-29,INV_001338,B2B_0261,48163.69,INR,2026-06-11,2026-07-26,34,overdue,False,3,2,1
INV_EVT_01339,overdue_invoice,2026-08-29,INV_001339,B2B_0089,60225.56,INR,2026-05-03,2026-06-17,73,overdue,False,4,1,1
INV_EVT_01340,overdue_invoice,2026-08-29,INV_001340,B2B_0277,69190.12,INR,2026-05-06,2026-06-05,85,overdue,False,3,1,1
INV_EVT_01341,overdue_invoice,2026-08-29,INV_001341,B2B_0040,38438.35,INR,2026-04-06,2026-05-06,115,overdue,False,10,1,1
INV_EVT_01342,overdue_invoice,2026-08-29,INV_001342,B2B_0128,118658.91,INR,2026-04-04,2026-05-04,117,overdue,False,5,0,3
INV_EVT_01343,overdue_invoice,2026-08-29,INV_001343,B2B_0065,195139.68,INR,2026-04-16,2026-05-01,120,overdue,False,13,1,3
INV_EVT_01344,overdue_invoice,2026-08-29,INV_001344,B2B_0148,72049.94,INR,2026-04-17,2026-05-02,119,overdue,False,7,2,1
INV_EVT_01345,overdue_invoice,2026-08-29,INV_001345,B2B_0047,40382.24,INR,2026-06-13,2026-07-13,47,overdue,False,7,0,0
INV_EVT_01346,overdue_invoice,2026-08-29,INV_001346,B2B_0160,41341.31,INR,2026-06-26,2026-07-11,49,overdue,False,11,2,2
INV_EVT_01347,overdue_invoice,2026-08-29,INV_001347,B2B_0044,278796.88,INR,2026-07-12,2026-08-11,18,overdue,False,3,0,0
INV_EVT_01348,overdue_invoice,2026-08-29,INV_001348,B2B_0122,48650.38,INR,2026-04-26,2026-05-11,110,overdue,False,11,1,3
INV_EVT_01349,overdue_invoice,2026-08-29,INV_001349,B2B_0228,29263.38,INR,2026-04-04,2026-05-04,117,overdue,False,8,3,3
INV_EVT_01350,overdue_invoice,2026-08-29,INV_001350,B2B_0293,23658.09,INR,2026-07-04,2026-08-03,26,overdue,False,11,2,1
INV_EVT_01351,overdue_invoice,2026-08-29,INV_001351,B2B_0211,53259.55,INR,2026-07-16,2026-08-15,14,overdue,False,14,11,0
INV_EVT_01352,overdue_invoice,2026-08-29,INV_001352,B2B_0034,205576.33,INR,2026-04-16,2026-05-01,120,overdue,False,6,0,2
INV_EVT_01353,overdue_invoice,2026-08-29,INV_001353,B2B_0291,211489.64,INR,2026-04-04,2026-04-19,132,overdue,False,12,7,3
INV_EVT_01354,overdue_invoice,2026-08-29,INV_001354,B2B_0165,124829.95,INR,2026-06-19,2026-07-04,56,overdue,False,13,6,2
INV_EVT_01355,overdue_invoice,2026-08-29,INV_001355,B2B_0283,43062.38,INR,2026-07-11,2026-08-25,4,overdue,False,5,1,3
INV_EVT_01356,overdue_invoice,2026-08-29,INV_001356,B2B_0041,150682.12,INR,2026-05-28,2026-06-27,63,overdue,False,11,1,2
INV_EVT_01357,overdue_invoice,2026-08-29,INV_001357,B2B_0102,66728.1,INR,2026-05-29,2026-07-13,47,overdue,False,14,8,0
INV_EVT_01358,overdue_invoice,2026-08-29,INV_001358,B2B_0211,127128.73,INR,2026-07-02,2026-07-17,43,overdue,False,14,11,2
INV_EVT_01359,overdue_invoice,2026-08-29,INV_001359,B2B_0122,446520.47,INR,2026-05-14,2026-06-13,77,overdue,False,11,1,1
INV_EVT_01360,overdue_invoice,2026-08-29,INV_001360,B2B_0229,65321.93,INR,2026-05-26,2026-06-25,65,overdue,False,4,2,3
INV_EVT_01361,overdue_invoice,2026-08-29,INV_001361,B2B_0240,26338.95,INR,2026-06-16,2026-07-16,44,overdue,False,4,1,2
INV_EVT_01362,overdue_invoice,2026-08-29,INV_001362,B2B_0132,361275.64,INR,2026-04-08,2026-05-08,113,overdue,False,11,5,0
INV_EVT_01363,overdue_invoice,2026-08-29,INV_001363,B2B_0046,69145.02,INR,2026-04-26,2026-05-26,95,overdue,False,10,0,1
INV_EVT_01364,overdue_invoice,2026-08-29,INV_001364,B2B_0111,68112.32,INR,2026-04-18,2026-05-18,103,overdue,False,9,0,1
INV_EVT_01365,overdue_invoice,2026-08-29,INV_001365,B2B_0023,21238.55,INR,2026-05-28,2026-06-12,78,overdue,False,3,0,3
INV_EVT_01366,overdue_invoice,2026-08-29,INV_001366,B2B_0150,143631.65,INR,2026-06-07,2026-07-22,38,overdue,False,7,3,2
INV_EVT_01367,overdue_invoice,2026-08-29,INV_001367,B2B_0133,183896.81,INR,2026-06-14,2026-07-14,46,overdue,False,7,2,3
INV_EVT_01368,overdue_invoice,2026-08-29,INV_001368,B2B_0278,97234.16,INR,2026-07-08,2026-08-22,7,overdue,False,3,1,0
INV_EVT_01369,overdue_invoice,2026-08-29,INV_001369,B2B_0100,190573.5,INR,2026-04-15,2026-05-15,106,overdue,False,3,0,2
INV_EVT_01370,overdue_invoice,2026-08-29,INV_001370,B2B_0095,57924.87,INR,2026-05-14,2026-05-29,92,overdue,False,9,1,2
INV_EVT_01371,overdue_invoice,2026-08-29,INV_001371,B2B_0262,234550.04,INR,2026-05-29,2026-07-13,47,overdue,False,12,4,1
INV_EVT_01372,overdue_invoice,2026-08-29,INV_001372,B2B_0133,148356.35,INR,2026-05-02,2026-06-01,89,overdue,False,7,2,3
INV_EVT_01373,overdue_invoice,2026-08-29,INV_001373,B2B_0257,327900.42,INR,2026-06-25,2026-08-09,20,overdue,False,3,0,1
INV_EVT_01374,overdue_invoice,2026-08-29,INV_001374,B2B_0010,20993.77,INR,2026-04-13,2026-05-13,108,overdue,False,9,0,3
INV_EVT_01375,overdue_invoice,2026-08-29,INV_001375,B2B_0248,29402.06,INR,2026-04-14,2026-04-29,122,overdue,False,10,0,2
INV_EVT_01376,overdue_invoice,2026-08-29,INV_001376,B2B_0108,163067.78,INR,2026-04-29,2026-06-13,77,overdue,False,5,2,3
INV_EVT_01377,overdue_invoice,2026-08-29,INV_001377,B2B_0032,108331.21,INR,2026-07-02,2026-07-17,43,overdue,False,10,0,3
INV_EVT_01378,overdue_invoice,2026-08-29,INV_001378,B2B_0235,38519.68,INR,2026-04-15,2026-04-30,121,overdue,False,3,1,2
INV_EVT_01379,overdue_invoice,2026-08-29,INV_001379,B2B_0176,86710.87,INR,2026-06-15,2026-07-15,45,overdue,False,4,0,2
INV_EVT_01380,overdue_invoice,2026-08-29,INV_001380,B2B_0102,169389.37,INR,2026-05-01,2026-05-31,90,overdue,False,14,8,0
INV_EVT_01381,overdue_invoice,2026-08-29,INV_001381,B2B_0245,200829.68,INR,2026-06-10,2026-07-10,50,overdue,False,5,1,0
INV_EVT_01382,overdue_invoice,2026-08-29,INV_001382,B2B_0145,100034.03,INR,2026-06-09,2026-07-09,51,overdue,False,9,1,1
INV_EVT_01383,overdue_invoice,2026-08-29,INV_001383,B2B_0022,87352.69,INR,2026-05-22,2026-07-06,54,overdue,False,10,1,1
INV_EVT_01384,overdue_invoice,2026-08-29,INV_001384,B2B_0153,118186.66,INR,2026-04-06,2026-05-21,100,overdue,False,5,1,1
INV_EVT_01385,overdue_invoice,2026-08-29,INV_001385,B2B_0236,78144.78,INR,2026-05-27,2026-06-26,64,overdue,False,10,0,1
INV_EVT_01386,overdue_invoice,2026-08-29,INV_001386,B2B_0169,374619.86,INR,2026-06-18,2026-08-02,27,overdue,False,8,1,1
INV_EVT_01387,overdue_invoice,2026-08-29,INV_001387,B2B_0020,57673.65,INR,2026-04-06,2026-05-21,100,overdue,False,8,2,0
INV_EVT_01388,overdue_invoice,2026-08-29,INV_001388,B2B_0259,82237.77,INR,2026-05-29,2026-06-28,62,overdue,False,3,1,2
INV_EVT_01389,overdue_invoice,2026-08-29,INV_001389,B2B_0067,69669.98,INR,2026-05-13,2026-06-12,78,overdue,False,3,0,1
INV_EVT_01390,overdue_invoice,2026-08-29,INV_001390,B2B_0290,280814.08,INR,2026-05-13,2026-05-28,93,overdue,False,13,8,1
INV_EVT_01391,overdue_invoice,2026-08-29,INV_001391,B2B_0008,52939.41,INR,2026-04-22,2026-05-07,114,overdue,False,12,0,3
INV_EVT_01392,overdue_invoice,2026-08-29,INV_001392,B2B_0139,164432.7,INR,2026-05-15,2026-06-14,76,overdue,False,12,1,0
INV_EVT_01393,overdue_invoice,2026-08-29,INV_001393,B2B_0004,77403.56,INR,2026-07-06,2026-08-20,9,overdue,False,12,1,3
INV_EVT_01394,overdue_invoice,2026-08-29,INV_001394,B2B_0010,56293.91,INR,2026-05-07,2026-06-06,84,overdue,False,9,0,3
INV_EVT_01395,overdue_invoice,2026-08-29,INV_001395,B2B_0293,15212.61,INR,2026-06-09,2026-07-09,51,overdue,False,11,2,2
INV_EVT_01396,overdue_invoice,2026-08-29,INV_001396,B2B_0165,76917.55,INR,2026-05-18,2026-07-02,58,overdue,False,13,6,2
INV_EVT_01397,overdue_invoice,2026-08-29,INV_001397,B2B_0089,308947.04,INR,2026-06-28,2026-07-28,32,overdue,False,4,1,1
INV_EVT_01398,overdue_invoice,2026-08-29,INV_001398,B2B_0073,46185.53,INR,2026-07-04,2026-08-03,26,overdue,False,8,4,0
INV_EVT_01399,overdue_invoice,2026-08-29,INV_001399,B2B_0222,10000.0,INR,2026-06-04,2026-07-19,41,overdue,False,13,4,2
INV_EVT_01400,overdue_invoice,2026-08-29,INV_001400,B2B_0211,101621.31,INR,2026-04-23,2026-05-23,98,overdue,False,14,11,0
INV_EVT_01401,overdue_invoice,2026-08-29,INV_001401,B2B_0199,30661.75,INR,2026-04-15,2026-05-30,91,overdue,False,4,0,3
INV_EVT_01402,overdue_invoice,2026-08-29,INV_001402,B2B_0100,19193.58,INR,2026-05-05,2026-06-19,71,overdue,False,3,0,0
INV_EVT_01403,overdue_invoice,2026-08-29,INV_001403,B2B_0042,52170.28,INR,2026-06-24,2026-07-24,36,overdue,False,12,3,2
INV_EVT_01404,overdue_invoice,2026-08-29,INV_001404,B2B_0119,27050.69,INR,2026-07-02,2026-08-16,13,overdue,False,12,0,0
INV_EVT_01405,overdue_invoice,2026-08-29,INV_001405,B2B_0105,182061.54,INR,2026-06-24,2026-07-24,36,overdue,False,3,0,3
INV_EVT_01406,overdue_invoice,2026-08-29,INV_001406,B2B_0015,92770.03,INR,2026-05-10,2026-05-25,96,overdue,False,8,1,0
INV_EVT_01407,overdue_invoice,2026-08-29,INV_001407,B2B_0238,128127.31,INR,2026-04-29,2026-05-29,92,overdue,False,8,0,1
INV_EVT_01408,overdue_invoice,2026-08-29,INV_001408,B2B_0067,46926.05,INR,2026-06-23,2026-07-23,37,overdue,False,3,0,0
INV_EVT_01409,overdue_invoice,2026-08-29,INV_001409,B2B_0010,71444.11,INR,2026-07-04,2026-08-03,26,overdue,False,9,0,1
INV_EVT_01410,overdue_invoice,2026-08-29,INV_001410,B2B_0035,49403.69,INR,2026-05-24,2026-06-23,67,overdue,False,13,2,2
INV_EVT_01411,overdue_invoice,2026-08-29,INV_001411,B2B_0183,94885.57,INR,2026-05-15,2026-06-14,76,overdue,False,8,3,1
INV_EVT_01412,overdue_invoice,2026-08-29,INV_001412,B2B_0081,12725.23,INR,2026-05-30,2026-06-29,61,overdue,False,13,1,1
INV_EVT_01413,overdue_invoice,2026-08-29,INV_001413,B2B_0030,73454.4,INR,2026-04-20,2026-05-05,116,overdue,False,9,6,2
INV_EVT_01414,overdue_invoice,2026-08-29,INV_001414,B2B_0162,171883.2,INR,2026-06-28,2026-07-28,32,overdue,False,5,0,2
INV_EVT_01415,overdue_invoice,2026-08-29,INV_001415,B2B_0151,293563.66,INR,2026-04-26,2026-05-26,95,overdue,False,14,4,2
INV_EVT_01416,overdue_invoice,2026-08-29,INV_001416,B2B_0076,146117.77,INR,2026-06-05,2026-06-20,70,overdue,False,10,1,2
INV_EVT_01417,overdue_invoice,2026-08-29,INV_001417,B2B_0117,84262.57,INR,2026-06-12,2026-07-12,48,overdue,False,6,2,2
INV_EVT_01418,overdue_invoice,2026-08-29,INV_001418,B2B_0280,19179.51,INR,2026-06-16,2026-07-16,44,overdue,False,13,5,3
INV_EVT_01419,overdue_invoice,2026-08-29,INV_001419,B2B_0014,84640.75,INR,2026-06-02,2026-07-17,43,overdue,False,5,0,2
INV_EVT_01420,overdue_invoice,2026-08-29,INV_001420,B2B_0070,15568.73,INR,2026-05-01,2026-05-31,90,overdue,False,5,4,2
INV_EVT_01421,overdue_invoice,2026-08-29,INV_001421,B2B_0077,36489.25,INR,2026-04-12,2026-05-12,109,overdue,False,9,1,2
INV_EVT_01422,overdue_invoice,2026-08-29,INV_001422,B2B_0212,63197.0,INR,2026-07-12,2026-08-11,18,overdue,False,11,2,2
INV_EVT_01423,overdue_invoice,2026-08-29,INV_001423,B2B_0002,59955.33,INR,2026-05-08,2026-05-23,98,overdue,False,5,0,1
INV_EVT_01424,overdue_invoice,2026-08-29,INV_001424,B2B_0154,151489.85,INR,2026-06-14,2026-07-14,46,overdue,False,3,0,1
INV_EVT_01425,overdue_invoice,2026-08-29,INV_001425,B2B_0213,59529.18,INR,2026-05-23,2026-06-22,68,overdue,False,3,0,0
INV_EVT_01426,overdue_invoice,2026-08-29,INV_001426,B2B_0216,27158.83,INR,2026-07-15,2026-08-14,15,overdue,False,4,1,3
INV_EVT_01427,overdue_invoice,2026-08-29,INV_001427,B2B_0108,50467.36,INR,2026-07-07,2026-08-06,23,overdue,False,5,2,2
INV_EVT_01428,overdue_invoice,2026-08-29,INV_001428,B2B_0244,40541.92,INR,2026-05-12,2026-06-11,79,overdue,False,9,2,0
INV_EVT_01429,overdue_invoice,2026-08-29,INV_001429,B2B_0051,177046.89,INR,2026-07-08,2026-08-07,22,overdue,False,3,1,3
INV_EVT_01430,overdue_invoice,2026-08-29,INV_001430,B2B_0294,22912.37,INR,2026-04-12,2026-05-12,109,overdue,False,9,0,2
INV_EVT_01431,overdue_invoice,2026-08-29,INV_001431,B2B_0287,50183.72,INR,2026-05-08,2026-05-23,98,overdue,False,4,2,3
INV_EVT_01432,overdue_invoice,2026-08-29,INV_001432,B2B_0177,154484.23,INR,2026-05-22,2026-07-06,54,overdue,False,8,2,0
INV_EVT_01433,overdue_invoice,2026-08-29,INV_001433,B2B_0132,37366.65,INR,2026-04-15,2026-05-30,91,overdue,False,11,5,1
INV_EVT_01434,overdue_invoice,2026-08-29,INV_001434,B2B_0134,100820.7,INR,2026-04-11,2026-05-11,110,overdue,False,6,1,1
INV_EVT_01435,overdue_invoice,2026-08-29,INV_001435,B2B_0288,75996.82,INR,2026-05-06,2026-06-05,85,overdue,False,9,1,1
INV_EVT_01436,overdue_invoice,2026-08-29,INV_001436,B2B_0002,56486.53,INR,2026-05-15,2026-06-14,76,overdue,False,5,0,1
INV_EVT_01437,overdue_invoice,2026-08-29,INV_001437,B2B_0174,18187.43,INR,2026-06-15,2026-06-30,60,overdue,False,10,3,0
INV_EVT_01438,overdue_invoice,2026-08-29,INV_001438,B2B_0031,76048.51,INR,2026-04-22,2026-05-22,99,overdue,False,14,2,2
INV_EVT_01439,overdue_invoice,2026-08-29,INV_001439,B2B_0066,48979.86,INR,2026-07-06,2026-08-20,9,overdue,False,9,2,0
INV_EVT_01440,overdue_invoice,2026-08-29,INV_001440,B2B_0232,93053.79,INR,2026-05-26,2026-06-25,65,overdue,False,5,0,1
INV_EVT_01441,overdue_invoice,2026-08-29,INV_001441,B2B_0005,23144.31,INR,2026-05-14,2026-06-13,77,overdue,False,4,2,1
INV_EVT_01442,overdue_invoice,2026-08-29,INV_001442,B2B_0141,112976.03,INR,2026-04-18,2026-05-03,118,overdue,False,12,1,3
INV_EVT_01443,overdue_invoice,2026-08-29,INV_001443,B2B_0195,125930.85,INR,2026-06-03,2026-07-18,42,overdue,False,3,0,2
INV_EVT_01444,overdue_invoice,2026-08-29,INV_001444,B2B_0231,228350.86,INR,2026-07-07,2026-08-21,8,overdue,False,9,0,1
INV_EVT_01445,overdue_invoice,2026-08-29,INV_001445,B2B_0077,50488.72,INR,2026-07-03,2026-08-02,27,overdue,False,9,1,1
INV_EVT_01446,overdue_invoice,2026-08-29,INV_001446,B2B_0056,42594.75,INR,2026-05-28,2026-07-12,48,overdue,False,10,1,3
INV_EVT_01447,overdue_invoice,2026-08-29,INV_001447,B2B_0272,153336.02,INR,2026-05-26,2026-07-10,50,overdue,False,3,0,2
INV_EVT_01448,overdue_invoice,2026-08-29,INV_001448,B2B_0219,32193.26,INR,2026-06-17,2026-07-17,43,overdue,False,4,0,2
INV_EVT_01449,overdue_invoice,2026-08-29,INV_001449,B2B_0254,37443.4,INR,2026-07-09,2026-08-08,21,overdue,False,6,3,2
INV_EVT_01450,overdue_invoice,2026-08-29,INV_001450,B2B_0216,58147.42,INR,2026-06-20,2026-08-04,25,overdue,False,4,1,2
INV_EVT_01451,overdue_invoice,2026-08-29,INV_001451,B2B_0234,30033.15,INR,2026-05-04,2026-06-03,87,overdue,False,11,1,3
INV_EVT_01452,overdue_invoice,2026-08-29,INV_001452,B2B_0136,235747.94,INR,2026-05-18,2026-06-17,73,overdue,False,7,5,3
INV_EVT_01453,overdue_invoice,2026-08-29,INV_001453,B2B_0049,160789.78,INR,2026-06-28,2026-07-28,32,overdue,False,14,3,3
INV_EVT_01454,overdue_invoice,2026-08-29,INV_001454,B2B_0135,13107.01,INR,2026-07-05,2026-08-04,25,overdue,False,12,3,2
INV_EVT_01455,overdue_invoice,2026-08-29,INV_001455,B2B_0099,13424.4,INR,2026-04-09,2026-05-09,112,overdue,False,7,0,0
INV_EVT_01456,overdue_invoice,2026-08-29,INV_001456,B2B_0081,44426.69,INR,2026-04-13,2026-05-13,108,overdue,False,13,1,2
INV_EVT_01457,overdue_invoice,2026-08-29,INV_001457,B2B_0136,111501.28,INR,2026-05-21,2026-06-20,70,overdue,False,7,5,2
INV_EVT_01458,overdue_invoice,2026-08-29,INV_001458,B2B_0297,129148.67,INR,2026-06-13,2026-06-28,62,overdue,False,4,1,1
INV_EVT_01459,overdue_invoice,2026-08-29,INV_001459,B2B_0068,231313.85,INR,2026-05-07,2026-05-22,99,overdue,False,3,0,2
INV_EVT_01460,overdue_invoice,2026-08-29,INV_001460,B2B_0258,94039.33,INR,2026-07-10,2026-08-09,20,overdue,False,12,0,0
INV_EVT_01461,overdue_invoice,2026-08-29,INV_001461,B2B_0271,31828.74,INR,2026-06-15,2026-07-15,45,overdue,False,6,0,1
INV_EVT_01462,overdue_invoice,2026-08-29,INV_001462,B2B_0215,104772.75,INR,2026-06-23,2026-08-07,22,overdue,False,4,0,0
INV_EVT_01463,overdue_invoice,2026-08-29,INV_001463,B2B_0243,29647.63,INR,2026-06-10,2026-07-10,50,overdue,False,5,2,2
INV_EVT_01464,overdue_invoice,2026-08-29,INV_001464,B2B_0023,38346.91,INR,2026-06-09,2026-07-09,51,overdue,False,3,0,0
INV_EVT_01465,overdue_invoice,2026-08-29,INV_001465,B2B_0142,20701.11,INR,2026-04-04,2026-05-04,117,overdue,False,4,0,0
INV_EVT_01466,overdue_invoice,2026-08-29,INV_001466,B2B_0036,36386.65,INR,2026-06-05,2026-06-20,70,overdue,False,10,3,3
INV_EVT_01467,overdue_invoice,2026-08-29,INV_001467,B2B_0219,45451.03,INR,2026-05-18,2026-06-02,88,overdue,False,4,0,3
INV_EVT_01468,overdue_invoice,2026-08-29,INV_001468,B2B_0002,47296.92,INR,2026-07-16,2026-08-15,14,overdue,False,5,0,3
INV_EVT_01469,overdue_invoice,2026-08-29,INV_001469,B2B_0020,308965.21,INR,2026-07-12,2026-08-26,3,overdue,False,8,2,2
INV_EVT_01470,overdue_invoice,2026-08-29,INV_001470,B2B_0233,81000.77,INR,2026-06-28,2026-07-28,32,overdue,False,6,0,1
INV_EVT_01471,overdue_invoice,2026-08-29,INV_001471,B2B_0279,99051.76,INR,2026-06-05,2026-06-20,70,overdue,False,8,2,0
INV_EVT_01472,overdue_invoice,2026-08-29,INV_001472,B2B_0052,84975.15,INR,2026-05-22,2026-07-06,54,overdue,False,4,1,1
INV_EVT_01473,overdue_invoice,2026-08-29,INV_001473,B2B_0217,266243.71,INR,2026-04-14,2026-05-14,107,overdue,False,8,3,3
INV_EVT_01474,overdue_invoice,2026-08-29,INV_001474,B2B_0087,35033.03,INR,2026-06-19,2026-07-19,41,overdue,False,4,1,1
INV_EVT_01475,overdue_invoice,2026-08-29,INV_001475,B2B_0089,136676.07,INR,2026-05-13,2026-06-12,78,overdue,False,4,1,2
INV_EVT_01476,overdue_invoice,2026-08-29,INV_001476,B2B_0045,37845.17,INR,2026-06-10,2026-07-10,50,overdue,False,3,0,2
INV_EVT_01477,overdue_invoice,2026-08-29,INV_001477,B2B_0167,67122.97,INR,2026-05-26,2026-06-10,80,overdue,False,7,2,3
INV_EVT_01478,overdue_invoice,2026-08-29,INV_001478,B2B_0267,111445.2,INR,2026-05-08,2026-06-07,83,overdue,False,13,2,2
INV_EVT_01479,overdue_invoice,2026-08-29,INV_001479,B2B_0048,25464.41,INR,2026-04-17,2026-05-17,104,overdue,False,3,0,2
INV_EVT_01480,overdue_invoice,2026-08-29,INV_001480,B2B_0134,55050.0,INR,2026-04-30,2026-06-14,76,overdue,False,6,1,1
INV_EVT_01481,overdue_invoice,2026-08-29,INV_001481,B2B_0157,75342.0,INR,2026-06-22,2026-07-22,38,overdue,False,9,1,0
INV_EVT_01482,overdue_invoice,2026-08-29,INV_001482,B2B_0150,112290.87,INR,2026-05-22,2026-06-21,69,overdue,False,7,3,2
INV_EVT_01483,overdue_invoice,2026-08-29,INV_001483,B2B_0056,62692.27,INR,2026-06-10,2026-07-10,50,overdue,False,10,1,2
INV_EVT_01484,overdue_invoice,2026-08-29,INV_001484,B2B_0160,715863.81,INR,2026-06-03,2026-07-03,57,overdue,False,11,2,3
INV_EVT_01485,overdue_invoice,2026-08-29,INV_001485,B2B_0154,338006.84,INR,2026-04-26,2026-05-11,110,overdue,False,3,0,2
INV_EVT_01486,overdue_invoice,2026-08-29,INV_001486,B2B_0122,12880.09,INR,2026-06-03,2026-07-03,57,overdue,False,11,1,2
INV_EVT_01487,overdue_invoice,2026-08-29,INV_001487,B2B_0239,82418.44,INR,2026-05-31,2026-06-30,60,overdue,False,12,3,2
INV_EVT_01488,overdue_invoice,2026-08-29,INV_001488,B2B_0062,116820.64,INR,2026-06-16,2026-07-16,44,overdue,False,13,1,2
INV_EVT_01489,overdue_invoice,2026-08-29,INV_001489,B2B_0252,98605.92,INR,2026-06-04,2026-07-19,41,overdue,False,11,5,2
INV_EVT_01490,overdue_invoice,2026-08-29,INV_001490,B2B_0142,228137.04,INR,2026-04-04,2026-05-19,102,overdue,False,4,0,2
INV_EVT_01491,overdue_invoice,2026-08-29,INV_001491,B2B_0170,10000.0,INR,2026-06-11,2026-07-11,49,overdue,False,3,0,2
INV_EVT_01492,overdue_invoice,2026-08-29,INV_001492,B2B_0028,31747.99,INR,2026-07-04,2026-08-03,26,overdue,False,14,3,1
INV_EVT_01493,overdue_invoice,2026-08-29,INV_001493,B2B_0211,257594.71,INR,2026-07-17,2026-08-01,28,overdue,False,14,11,2
INV_EVT_01494,overdue_invoice,2026-08-29,INV_001494,B2B_0094,198232.91,INR,2026-04-24,2026-06-08,82,overdue,False,3,0,2
INV_EVT_01495,overdue_invoice,2026-08-29,INV_001495,B2B_0257,466785.46,INR,2026-07-04,2026-08-03,26,overdue,False,3,0,1
INV_EVT_01496,overdue_invoice,2026-08-29,INV_001496,B2B_0220,281849.21,INR,2026-06-16,2026-07-31,29,overdue,False,9,2,1
INV_EVT_01497,overdue_invoice,2026-08-29,INV_001497,B2B_0116,26856.35,INR,2026-07-10,2026-08-24,5,overdue,False,13,3,0
INV_EVT_01498,overdue_invoice,2026-08-29,INV_001498,B2B_0040,171640.71,INR,2026-04-18,2026-05-18,103,overdue,False,10,1,0
INV_EVT_01499,overdue_invoice,2026-08-29,INV_001499,B2B_0083,59815.85,INR,2026-07-09,2026-08-08,21,overdue,False,10,0,3
INV_EVT_01500,overdue_invoice,2026-08-29,INV_001500,B2B_0199,88631.66,INR,2026-04-10,2026-05-10,111,overdue,False,4,0,2
